date,dust
2015-01-01,65.2
2015-01-02,31.375
2015-01-03,39.95
2015-01-04,45.65
2015-01-05,80.1
2015-01-06,41.05
2015-01-07,36.25
2015-01-08,46.475
2015-01-09,52.225
2015-01-10,41.45
2015-01-11,46.6
2015-01-12,46.8
2015-01-13,62.075
2015-01-14,75.9
2015-01-15,66.475
2015-01-16,84.95
2015-01-17,37.275
2015-01-18,36.175
2015-01-19,65.2
2015-01-20,51.55
2015-01-21,64.1
2015-01-22,49.55
2015-01-23,47.475
2015-01-24,57.55
2015-01-25,64.1
2015-01-26,44.2
2015-01-27,50.925
2015-01-28,46.35
2015-01-29,53.825
2015-01-30,40.55
2015-01-31,42.875
2015-02-01,33.575
2015-02-02,46.5
2015-02-03,64.85
2015-02-04,83.925
2015-02-05,96.225
2015-02-06,56.5
2015-02-07,49.575
2015-02-08,99.425
2015-02-09,41.65
2015-02-10,102.325
2015-02-11,93.925
2015-02-12,37.55
2015-02-13,34.05
2015-02-14,59.15
2015-02-15,82.825
2015-02-16,44.325
2015-02-17,68.025
2015-02-18,64.9
2015-02-19,65.025
2015-02-20,53.85
2015-02-21,26.425
2015-02-22,246.475
2015-02-23,553.1
2015-02-24,108.575
2015-02-25,74.9
2015-02-26,36.45
2015-02-27,33.025
2015-02-28,47.275
2015-03-01,99.375
2015-03-02,90.575
2015-03-03,54.4
2015-03-04,43.625
2015-03-05,44.15
2015-03-06,49.35
2015-03-07,54.925
2015-03-08,89.875
2015-03-09,72.8
2015-03-10,32.95
2015-03-11,42.8
2015-03-12,33.95
2015-03-13,46.175
2015-03-14,40.575
2015-03-15,45.425
2015-03-16,95.0
2015-03-17,133.4
2015-03-18,80.75
2015-03-19,57.05
2015-03-20,103.025
2015-03-21,170.925
2015-03-22,144.625
2015-03-23,56.35
2015-03-24,44.725
2015-03-25,44.5
2015-03-26,48.575
2015-03-27,56.275
2015-03-28,48.95
2015-03-29,73.275
2015-03-30,152.475
2015-03-31,113.325
2015-04-01,26.3
2015-04-02,24.25
2015-04-03,37.4
2015-04-04,17.025641025641026
2015-04-05,18.7
2015-04-06,60.65
2015-04-07,41.95
2015-04-08,31.375
2015-04-09,52.525
2015-04-10,58.2
2015-04-11,70.725
2015-04-12,50.725
2015-04-13,29.05
2015-04-14,21.0
2015-04-15,47.425
2015-04-16,80.35
2015-04-17,69.575
2015-04-18,57.94871794871795
2015-04-19,30.46153846153846
2015-04-20,15.615384615384615
2015-04-21,44.76923076923077
2015-04-22,73.34210526315789
2015-04-23,64.56410256410257
2015-04-24,73.28205128205128
2015-04-25,59.0
2015-04-26,54.43589743589744
2015-04-27,63.69230769230769
2015-04-28,48.717948717948715
2015-04-29,44.43589743589744
2015-04-30,32.76923076923077
2015-05-01,43.1
2015-05-02,39.28947368421053
2015-05-03,26.92105263157895
2015-05-04,49.61538461538461
2015-05-05,39.58974358974359
2015-05-06,47.425
2015-05-07,44.375
2015-05-08,57.175
2015-05-09,41.275
2015-05-10,41.425
2015-05-11,43.7
2015-05-12,39.55
2015-05-13,67.6
2015-05-14,59.1
2015-05-15,99.3
2015-05-16,52.425
2015-05-17,55.275
2015-05-18,43.95
2015-05-19,51.025
2015-05-20,41.85
2015-05-21,44.5
2015-05-22,53.1
2015-05-23,44.45
2015-05-24,33.15
2015-05-25,43.55
2015-05-26,40.9
2015-05-27,39.025
2015-05-28,43.225
2015-05-29,49.325
2015-05-30,40.175
2015-05-31,43.9
2015-06-01,39.475
2015-06-02,37.675
2015-06-03,43.525
2015-06-04,41.225
2015-06-05,33.6
2015-06-06,32.1
2015-06-07,31.65
2015-06-08,39.3
2015-06-09,44.425
2015-06-10,49.65
2015-06-11,42.275
2015-06-12,46.5
2015-06-13,75.38461538461539
2015-06-14,32.421052631578945
2015-06-15,39.76923076923077
2015-06-16,48.69230769230769
2015-06-17,45.794871794871796
2015-06-18,28.512820512820515
2015-06-19,25.512820512820515
2015-06-20,39.51282051282051
2015-06-21,23.153846153846153
2015-06-22,31.974358974358974
2015-06-23,35.35897435897436
2015-06-24,41.87179487179487
2015-06-25,41.87179487179487
2015-06-26,13.205128205128204
2015-06-27,14.18421052631579
2015-06-28,23.657894736842106
2015-06-29,24.725
2015-06-30,33.35
2015-07-01,35.75
2015-07-02,51.525
2015-07-03,39.55
2015-07-04,32.25
2015-07-05,33.65
2015-07-06,30.8
2015-07-07,34.95
2015-07-08,11.35
2015-07-09,12.85
2015-07-10,22.225
2015-07-11,28.525
2015-07-12,11.05
2015-07-13,33.575
2015-07-14,65.275
2015-07-15,48.84615384615385
2015-07-16,13.9
2015-07-17,13.435897435897436
2015-07-18,30.384615384615383
2015-07-19,25.076923076923077
2015-07-20,23.825
2015-07-21,28.425
2015-07-22,33.675
2015-07-23,28.475
2015-07-24,17.1
2015-07-25,21.025
2015-07-26,18.9
2015-07-27,28.307692307692307
2015-07-28,35.717948717948715
2015-07-29,39.65
2015-07-30,71.0
2015-07-31,59.0
2015-08-01,48.0
2015-08-02,31.875
2015-08-03,28.775
2015-08-04,27.25
2015-08-05,32.725
2015-08-06,34.85
2015-08-07,41.075
2015-08-08,33.61538461538461
2015-08-09,20.94736842105263
2015-08-10,30.45
2015-08-11,57.425
2015-08-12,51.925
2015-08-13,39.625
2015-08-14,39.575
2015-08-15,65.94871794871794
2015-08-16,66.23076923076923
2015-08-17,27.35
2015-08-18,23.2
2015-08-19,37.026315789473685
2015-08-20,37.3421052631579
2015-08-21,31.68421052631579
2015-08-22,39.1578947368421
2015-08-23,38.91891891891892
2015-08-24,30.18421052631579
2015-08-25,9.157894736842104
2015-08-26,12.18918918918919
2015-08-27,22.7027027027027
2015-08-28,30.054054054054053
2015-08-29,33.027027027027025
2015-08-30,33.972972972972975
2015-08-31,34.0
2015-09-01,25.72222222222222
2015-09-02,27.027027027027028
2015-09-03,25.56756756756757
2015-09-04,34.583333333333336
2015-09-05,32.0
2015-09-06,15.083333333333334
2015-09-07,15.25
2015-09-08,14.972222222222221
2015-09-09,19.054054054054053
2015-09-10,30.2972972972973
2015-09-11,38.833333333333336
2015-09-12,23.166666666666668
2015-09-13,22.555555555555557
2015-09-14,33.0
2015-09-15,28.62162162162162
2015-09-16,18.027027027027028
2015-09-17,15.078947368421053
2015-09-18,21.794871794871796
2015-09-19,34.05128205128205
2015-09-20,48.87179487179487
2015-09-21,49.48717948717949
2015-09-22,42.07692307692308
2015-09-23,43.68421052631579
2015-09-24,39.48717948717949
2015-09-25,38.666666666666664
2015-09-26,49.69230769230769
2015-09-27,34.76923076923077
2015-09-28,32.21052631578947
2015-09-29,24.263157894736842
2015-09-30,19.487179487179485
2015-10-01,16.974358974358974
2015-10-02,32.15384615384615
2015-10-03,43.56410256410256
2015-10-04,29.384615384615383
2015-10-05,30.641025641025642
2015-10-06,33.87179487179487
2015-10-07,47.46153846153846
2015-10-08,54.23076923076923
2015-10-09,34.23076923076923
2015-10-10,23.76923076923077
2015-10-11,17.846153846153847
2015-10-12,20.05128205128205
2015-10-13,33.46153846153846
2015-10-14,50.743589743589745
2015-10-15,62.794871794871796
2015-10-16,72.84615384615384
2015-10-17,61.78947368421053
2015-10-18,78.47368421052632
2015-10-19,101.84615384615384
2015-10-20,100.94871794871794
2015-10-21,120.28205128205128
2015-10-22,83.92307692307692
2015-10-23,53.8974358974359
2015-10-24,36.78947368421053
2015-10-25,31.789473684210527
2015-10-26,33.43589743589744
2015-10-27,36.92307692307692
2015-10-28,33.51282051282051
2015-10-29,25.94871794871795
2015-10-30,30.46153846153846
2015-10-31,34.1025641025641
2015-11-01,42.794871794871796
2015-11-02,54.56410256410256
2015-11-03,75.07692307692308
2015-11-04,89.66666666666667
2015-11-05,84.82051282051282
2015-11-06,51.8974358974359
2015-11-07,11.564102564102564
2015-11-08,6.3076923076923075
2015-11-09,14.717948717948717
2015-11-10,49.38461538461539
2015-11-11,45.58974358974359
2015-11-12,19.435897435897434
2015-11-13,15.153846153846153
2015-11-14,13.64102564102564
2015-11-15,21.435897435897434
2015-11-16,30.512820512820515
2015-11-17,22.026315789473685
2015-11-18,11.81578947368421
2015-11-19,17.263157894736842
2015-11-20,40.38461538461539
2015-11-21,53.53846153846154
2015-11-22,33.53846153846154
2015-11-23,10.973684210526315
2015-11-24,26.76923076923077
2015-11-25,14.605263157894736
2015-11-26,36.51282051282051
2015-11-27,42.43589743589744
2015-11-28,48.56410256410256
2015-11-29,42.026315789473685
2015-11-30,46.35897435897436
2015-12-01,56.82051282051282
2015-12-02,55.07692307692308
2015-12-03,21.512820512820515
2015-12-04,41.82051282051282
2015-12-05,37.51282051282051
2015-12-06,37.82051282051282
2015-12-07,55.38461538461539
2015-12-08,68.34210526315789
2015-12-09,75.86486486486487
2015-12-10,51.30769230769231
2015-12-11,36.35897435897436
2015-12-12,34.61538461538461
2015-12-13,44.56410256410256
2015-12-14,50.56410256410256
2015-12-15,57.17948717948718
2015-12-16,30.205128205128204
2015-12-17,22.28205128205128
2015-12-18,45.48717948717949
2015-12-19,66.0
2015-12-20,59.41025641025641
2015-12-21,55.15384615384615
2015-12-22,68.56410256410257
2015-12-23,62.58974358974359
2015-12-24,103.92307692307692
2015-12-25,30.974358974358974
2015-12-26,77.1025641025641
2015-12-27,31.71794871794872
2015-12-28,30.28205128205128
2015-12-29,61.282051282051285
2015-12-30,62.743589743589745
2015-12-31,65.94871794871794
2016-01-01,70.73684210526316
2016-01-02,53.78947368421053
2016-01-03,98.86111111111111
2016-01-04,76.2051282051282
2016-01-05,34.333333333333336
2016-01-06,58.0
2016-01-07,41.794871794871796
2016-01-08,37.02564102564103
2016-01-09,39.17948717948718
2016-01-10,34.61538461538461
2016-01-11,42.256410256410255
2016-01-12,51.05128205128205
2016-01-13,39.94871794871795
2016-01-14,47.76923076923077
2016-01-15,54.64102564102564
2016-01-16,71.2051282051282
2016-01-17,72.8974358974359
2016-01-18,58.17948717948718
2016-01-19,35.8974358974359
2016-01-20,41.0
2016-01-21,53.82051282051282
2016-01-22,52.51282051282051
2016-01-23,33.666666666666664
2016-01-24,39.8974358974359
2016-01-25,52.743589743589745
2016-01-26,80.92307692307692
2016-01-27,65.97435897435898
2016-01-28,61.743589743589745
2016-01-29,53.0
2016-01-30,42.63157894736842
2016-01-31,40.68421052631579
2016-02-01,42.39473684210526
2016-02-02,47.68421052631579
2016-02-03,59.421052631578945
2016-02-04,58.526315789473685
2016-02-05,47.5
2016-02-06,52.078947368421055
2016-02-07,47.76315789473684
2016-02-08,75.55263157894737
2016-02-09,51.71052631578947
2016-02-10,43.578947368421055
2016-02-11,49.78947368421053
2016-02-12,36.28947368421053
2016-02-13,17.55263157894737
2016-02-14,30.94736842105263
2016-02-15,34.44736842105263
2016-02-16,28.743589743589745
2016-02-17,41.87179487179487
2016-02-18,46.69230769230769
2016-02-19,86.7948717948718
2016-02-20,48.8974358974359
2016-02-21,29.128205128205128
2016-02-22,47.43589743589744
2016-02-23,56.02564102564103
2016-02-24,35.3421052631579
2016-02-25,54.256410256410255
2016-02-26,53.23076923076923
2016-02-27,69.71052631578948
2016-02-28,48.86486486486486
2016-02-29,57.48717948717949
2016-03-01,33.92307692307692
2016-03-02,39.8974358974359
2016-03-03,59.743589743589745
2016-03-04,73.02564102564102
2016-03-05,24.46153846153846
2016-03-06,95.97368421052632
2016-03-07,112.6923076923077
2016-03-08,73.53846153846153
2016-03-09,46.53846153846154
2016-03-10,37.38461538461539
2016-03-11,38.46153846153846
2016-03-12,46.05128205128205
2016-03-13,64.66666666666667
2016-03-14,67.76923076923077
2016-03-15,59.76923076923077
2016-03-16,67.28205128205128
2016-03-17,80.33333333333333
2016-03-18,70.12820512820512
2016-03-19,79.15384615384616
2016-03-20,84.33333333333333
2016-03-21,89.71794871794872
2016-03-22,74.76923076923077
2016-03-23,82.6923076923077
2016-03-24,43.30769230769231
2016-03-25,72.46153846153847
2016-03-26,68.48717948717949
2016-03-27,68.28205128205128
2016-03-28,72.35897435897436
2016-03-29,99.39473684210526
2016-03-30,91.61538461538461
2016-03-31,54.15384615384615
2016-04-01,74.48717948717949
2016-04-02,82.76923076923077
2016-04-03,53.58974358974359
2016-04-04,32.333333333333336
2016-04-05,60.43589743589744
2016-04-06,76.8974358974359
2016-04-07,44.82051282051282
2016-04-08,78.3076923076923
2016-04-09,118.33333333333333
2016-04-10,134.7948717948718
2016-04-11,48.30769230769231
2016-04-12,58.51282051282051
2016-04-13,60.38461538461539
2016-04-14,59.30769230769231
2016-04-15,56.794871794871796
2016-04-16,53.743589743589745
2016-04-17,47.41025641025641
2016-04-18,64.82051282051282
2016-04-19,47.69230769230769
2016-04-20,65.6923076923077
2016-04-21,29.789473684210527
2016-04-22,84.57894736842105
2016-04-23,201.3421052631579
2016-04-24,147.76315789473685
2016-04-25,80.42105263157895
2016-04-26,82.41025641025641
2016-04-27,52.61538461538461
2016-04-28,60.30769230769231
2016-04-29,66.51282051282051
2016-04-30,79.17948717948718
2016-05-01,46.94871794871795
2016-05-02,48.666666666666664
2016-05-03,19.512820512820515
2016-05-04,52.61538461538461
2016-05-05,57.35897435897436
2016-05-06,50.0
2016-05-07,115.1025641025641
2016-05-08,54.43589743589744
2016-05-09,62.05128205128205
2016-05-10,32.743589743589745
2016-05-11,31.615384615384617
2016-05-12,31.794871794871796
2016-05-13,42.46153846153846
2016-05-14,37.48717948717949
2016-05-15,34.38461538461539
2016-05-16,37.84615384615385
2016-05-17,70.51282051282051
2016-05-18,54.333333333333336
2016-05-19,42.526315789473685
2016-05-20,55.56410256410256
2016-05-21,41.43589743589744
2016-05-22,58.02564102564103
2016-05-23,71.0
2016-05-24,34.82051282051282
2016-05-25,92.64102564102564
2016-05-26,109.61538461538461
2016-05-27,92.71794871794872
2016-05-28,79.02564102564102
2016-05-29,84.25641025641026
2016-05-30,94.25641025641026
2016-05-31,81.17948717948718
2016-06-01,43.84615384615385
2016-06-02,38.41025641025641
2016-06-03,48.35897435897436
2016-06-04,54.666666666666664
2016-06-05,52.02564102564103
2016-06-06,24.81578947368421
2016-06-07,44.94871794871795
2016-06-08,39.92307692307692
2016-06-09,55.35897435897436
2016-06-10,62.205128205128204
2016-06-11,50.23076923076923
2016-06-12,31.763157894736842
2016-06-13,64.66666666666667
2016-06-14,53.46153846153846
2016-06-15,37.82051282051282
2016-06-16,33.12820512820513
2016-06-17,56.02564102564103
2016-06-18,68.02564102564102
2016-06-19,42.12820512820513
2016-06-20,54.256410256410255
2016-06-21,65.56410256410257
2016-06-22,71.3076923076923
2016-06-23,47.51282051282051
2016-06-24,55.21052631578947
2016-06-25,34.432432432432435
2016-06-26,32.2972972972973
2016-06-27,37.36842105263158
2016-06-28,62.55263157894737
2016-06-29,39.39473684210526
2016-06-30,31.63157894736842
2016-07-01,22.973684210526315
2016-07-02,15.864864864864865
2016-07-03,43.648648648648646
2016-07-04,23.157894736842106
2016-07-05,15.342105263157896
2016-07-06,19.710526315789473
2016-07-07,44.84615384615385
2016-07-08,58.41025641025641
2016-07-09,40.58974358974359
2016-07-10,37.12820512820513
2016-07-11,57.05128205128205
2016-07-12,39.92307692307692
2016-07-13,32.58974358974359
2016-07-14,31.473684210526315
2016-07-15,21.342105263157894
2016-07-16,10.842105263157896
2016-07-17,15.868421052631579
2016-07-18,29.763157894736842
2016-07-19,38.5945945945946
2016-07-20,38.361111111111114
2016-07-21,32.69230769230769
2016-07-22,37.666666666666664
2016-07-23,43.28947368421053
2016-07-24,39.58974358974359
2016-07-25,44.64102564102564
2016-07-26,35.07692307692308
2016-07-27,36.333333333333336
2016-07-28,58.53846153846154
2016-07-29,47.23076923076923
2016-07-30,45.64102564102564
2016-07-31,39.94871794871795
2016-08-01,34.94871794871795
2016-08-02,29.666666666666668
2016-08-03,31.794871794871796
2016-08-04,34.69230769230769
2016-08-05,43.56410256410256
2016-08-06,60.51282051282051
2016-08-07,37.89473684210526
2016-08-08,41.48717948717949
2016-08-09,35.8974358974359
2016-08-10,67.58974358974359
2016-08-11,34.84615384615385
2016-08-12,44.82051282051282
2016-08-13,38.205128205128204
2016-08-14,37.82051282051282
2016-08-15,38.69230769230769
2016-08-16,49.23076923076923
2016-08-17,44.30769230769231
2016-08-18,57.58974358974359
2016-08-19,65.46153846153847
2016-08-20,36.05128205128205
2016-08-21,29.58974358974359
2016-08-22,32.078947368421055
2016-08-23,37.205128205128204
2016-08-24,37.84615384615385
2016-08-25,32.666666666666664
2016-08-26,16.512820512820515
2016-08-27,16.0
2016-08-28,12.897435897435898
2016-08-29,19.435897435897434
2016-08-30,30.28205128205128
2016-08-31,20.736842105263158
2016-09-01,64.25641025641026
2016-09-02,35.61538461538461
2016-09-03,24.128205128205128
2016-09-04,24.23076923076923
2016-09-05,33.743589743589745
2016-09-06,60.717948717948715
2016-09-07,78.58974358974359
2016-09-08,50.794871794871796
2016-09-09,45.15384615384615
2016-09-10,45.1025641025641
2016-09-11,41.12820512820513
2016-09-12,32.23076923076923
2016-09-13,21.05128205128205
2016-09-14,33.94871794871795
2016-09-15,42.43589743589744
2016-09-16,52.48717948717949
2016-09-17,30.82051282051282
2016-09-18,24.487179487179485
2016-09-19,15.384615384615385
2016-09-20,20.53846153846154
2016-09-21,35.61538461538461
2016-09-22,42.02564102564103
2016-09-23,53.35897435897436
2016-09-24,63.4054054054054
2016-09-25,54.75675675675676
2016-09-26,47.78378378378378
2016-09-27,38.054054054054056
2016-09-28,38.78378378378378
2016-09-29,16.72972972972973
2016-09-30,33.729729729729726
2016-10-01,48.16216216216216
2016-10-02,30.18918918918919
2016-10-03,18.945945945945947
2016-10-04,32.945945945945944
2016-10-05,28.756756756756758
2016-10-06,40.60526315789474
2016-10-07,28.68421052631579
2016-10-08,23.05263157894737
2016-10-09,19.473684210526315
2016-10-10,29.57894736842105
2016-10-11,46.270270270270274
2016-10-12,57.16216216216216
2016-10-13,45.026315789473685
2016-10-14,74.63157894736842
2016-10-15,82.21052631578948
2016-10-16,56.21052631578947
2016-10-17,53.89473684210526
2016-10-18,57.81578947368421
2016-10-19,66.8157894736842
2016-10-20,67.6842105263158
2016-10-21,26.871794871794872
2016-10-22,32.46153846153846
2016-10-23,13.58974358974359
2016-10-24,19.512820512820515
2016-10-25,18.657894736842106
2016-10-26,44.82051282051282
2016-10-27,47.23076923076923
2016-10-28,39.94871794871795
2016-10-29,36.8974358974359
2016-10-30,28.0
2016-10-31,31.46153846153846
2016-11-01,24.974358974358974
2016-11-02,37.78947368421053
2016-11-03,44.73684210526316
2016-11-04,63.078947368421055
2016-11-05,77.89473684210526
2016-11-06,35.0
2016-11-07,36.63157894736842
2016-11-08,65.36842105263158
2016-11-09,43.026315789473685
2016-11-10,43.89473684210526
2016-11-11,52.55263157894737
2016-11-12,77.66666666666667
2016-11-13,64.82352941176471
2016-11-14,55.73684210526316
2016-11-15,59.84615384615385
2016-11-16,56.97435897435897
2016-11-17,76.46153846153847
2016-11-18,97.0
2016-11-19,59.026315789473685
2016-11-20,45.30769230769231
2016-11-21,65.97435897435898
2016-11-22,43.92307692307692
2016-11-23,40.256410256410255
2016-11-24,28.82051282051282
2016-11-25,41.76923076923077
2016-11-26,56.15384615384615
2016-11-27,73.58974358974359
2016-11-28,84.12820512820512
2016-11-29,42.921052631578945
2016-11-30,48.078947368421055
2016-12-01,52.71052631578947
2016-12-02,39.717948717948715
2016-12-03,56.97435897435897
2016-12-04,83.33333333333333
2016-12-05,88.23076923076923
2016-12-06,27.846153846153847
2016-12-07,53.58974358974359
2016-12-08,60.205128205128204
2016-12-09,36.15384615384615
2016-12-10,36.43589743589744
2016-12-11,36.84615384615385
2016-12-12,49.1025641025641
2016-12-13,64.57894736842105
2016-12-14,54.94736842105263
2016-12-15,36.39473684210526
2016-12-16,35.51282051282051
2016-12-17,62.51282051282051
2016-12-18,52.35897435897436
2016-12-19,42.17948717948718
2016-12-20,57.38461538461539
2016-12-21,43.30769230769231
2016-12-22,30.897435897435898
2016-12-23,54.256410256410255
2016-12-24,70.39473684210526
2016-12-25,59.35897435897436
2016-12-26,53.46153846153846
2016-12-27,43.46153846153846
2016-12-28,47.05128205128205
2016-12-29,37.53846153846154
2016-12-30,45.0
2016-12-31,60.41025641025641
2017-01-01,80.41025641025641
2017-01-02,113.97435897435898
2017-01-03,80.94871794871794
2017-01-04,58.35897435897436
2017-01-05,38.76923076923077
2017-01-06,23.743589743589745
2017-01-07,57.97435897435897
2017-01-08,34.51282051282051
2017-01-09,61.333333333333336
2017-01-10,33.12820512820513
2017-01-11,26.692307692307693
2017-01-12,31.974358974358974
2017-01-13,31.512820512820515
2017-01-14,45.282051282051285
2017-01-15,29.076923076923077
2017-01-16,49.8974358974359
2017-01-17,70.92307692307692
2017-01-18,101.71794871794872
2017-01-19,105.64102564102564
2017-01-20,58.76923076923077
2017-01-21,50.82051282051282
2017-01-22,75.89473684210526
2017-01-23,49.05263157894737
2017-01-24,42.07692307692308
2017-01-25,52.35897435897436
2017-01-26,67.51282051282051
2017-01-27,109.41025641025641
2017-01-28,34.92307692307692
2017-01-29,28.76923076923077
2017-01-30,50.282051282051285
2017-01-31,31.897435897435898
2017-02-01,38.56410256410256
2017-02-02,35.30769230769231
2017-02-03,72.23076923076923
2017-02-04,100.51282051282051
2017-02-05,73.41025641025641
2017-02-06,43.333333333333336
2017-02-07,43.8974358974359
2017-02-08,57.12820512820513
2017-02-09,52.87179487179487
2017-02-10,34.64102564102564
2017-02-11,31.076923076923077
2017-02-12,33.15384615384615
2017-02-13,47.23076923076923
2017-02-14,55.17948717948718
2017-02-15,65.53846153846153
2017-02-16,73.05128205128206
2017-02-17,47.8974358974359
2017-02-18,33.666666666666664
2017-02-19,46.743589743589745
2017-02-20,46.64102564102564
2017-02-21,50.64102564102564
2017-02-22,43.15384615384615
2017-02-23,37.205128205128204
2017-02-24,31.974358974358974
2017-02-25,50.41025641025641
2017-02-26,51.1025641025641
2017-02-27,43.48717948717949
2017-02-28,47.46153846153846
2017-03-01,62.1025641025641
2017-03-02,36.05128205128205
2017-03-03,46.97435897435897
2017-03-04,57.07692307692308
2017-03-05,71.17948717948718
2017-03-06,39.12820512820513
2017-03-07,35.794871794871796
2017-03-08,46.02564102564103
2017-03-09,49.8974358974359
2017-03-10,48.41025641025641
2017-03-11,67.17948717948718
2017-03-12,93.97435897435898
2017-03-13,65.58974358974359
2017-03-14,52.35897435897436
2017-03-15,45.05128205128205
2017-03-16,67.17948717948718
2017-03-17,79.8974358974359
2017-03-18,76.82051282051282
2017-03-19,78.82051282051282
2017-03-20,102.74358974358974
2017-03-21,102.56410256410257
2017-03-22,54.421052631578945
2017-03-23,76.44736842105263
2017-03-24,63.05263157894737
2017-03-25,68.73684210526316
2017-03-26,63.86842105263158
2017-03-27,77.66666666666667
2017-03-28,86.66666666666667
2017-03-29,60.666666666666664
2017-03-30,71.28205128205128
2017-03-31,52.97435897435897
2017-04-01,26.743589743589745
2017-04-02,49.794871794871796
2017-04-03,82.53846153846153
2017-04-04,78.48717948717949
2017-04-05,53.0
2017-04-06,28.692307692307693
2017-04-07,45.76923076923077
2017-04-08,65.15384615384616
2017-04-09,42.94871794871795
2017-04-10,30.743589743589745
2017-04-11,59.743589743589745
2017-04-12,66.51282051282051
2017-04-13,73.92307692307692
2017-04-14,60.15384615384615
2017-04-15,71.07692307692308
2017-04-16,63.48717948717949
2017-04-17,50.23076923076923
2017-04-18,43.51282051282051
2017-04-19,86.8974358974359
2017-04-20,86.46153846153847
2017-04-21,71.94871794871794
2017-04-22,65.23076923076923
2017-04-23,52.078947368421055
2017-04-24,46.07692307692308
2017-04-25,62.205128205128204
2017-04-26,46.82051282051282
2017-04-27,48.205128205128204
2017-04-28,66.82051282051282
2017-04-29,66.38461538461539
2017-04-30,95.64102564102564
2017-05-01,96.25641025641026
2017-05-02,103.46153846153847
2017-05-03,73.55263157894737
2017-05-04,67.25641025641026
2017-05-05,58.743589743589745
2017-05-06,194.82051282051282
2017-05-07,94.2051282051282
2017-05-08,178.12820512820514
2017-05-09,128.35897435897436
2017-05-10,46.87179487179487
2017-05-11,75.6923076923077
2017-05-12,77.92307692307692
2017-05-13,54.23076923076923
2017-05-14,60.794871794871796
2017-05-15,46.666666666666664
2017-05-16,38.0
2017-05-17,41.743589743589745
2017-05-18,51.23076923076923
2017-05-19,49.92307692307692
2017-05-20,42.0
2017-05-21,34.17948717948718
2017-05-22,45.97435897435897
2017-05-23,38.64102564102564
2017-05-24,29.641025641025642
2017-05-25,41.07692307692308
2017-05-26,27.0
2017-05-27,36.05128205128205
2017-05-28,48.256410256410255
2017-05-29,72.2051282051282
2017-05-30,52.743589743589745
2017-05-31,40.76923076923077
2017-06-01,40.666666666666664
2017-06-02,30.897435897435898
2017-06-03,34.05128205128205
2017-06-04,30.94871794871795
2017-06-05,29.23076923076923
2017-06-06,23.025641025641026
2017-06-07,18.333333333333332
2017-06-08,47.421052631578945
2017-06-09,63.73684210526316
2017-06-10,52.078947368421055
2017-06-11,32.078947368421055
2017-06-12,33.63157894736842
2017-06-13,39.51282051282051
2017-06-14,46.76923076923077
2017-06-15,54.333333333333336
2017-06-16,71.23076923076923
2017-06-17,54.56410256410256
2017-06-18,46.41025641025641
2017-06-19,55.743589743589745
2017-06-20,55.92307692307692
2017-06-21,60.94871794871795
2017-06-22,40.56410256410256
2017-06-23,46.43589743589744
2017-06-24,45.205128205128204
2017-06-25,38.84615384615385
2017-06-26,29.743589743589745
2017-06-27,33.15384615384615
2017-06-28,50.30769230769231
2017-06-29,53.51282051282051
2017-06-30,57.282051282051285
2017-07-01,46.205128205128204
2017-07-02,27.666666666666668
2017-07-03,25.86842105263158
2017-07-04,37.76315789473684
2017-07-05,43.921052631578945
2017-07-06,53.48717948717949
2017-07-07,25.102564102564102
2017-07-08,28.82051282051282
2017-07-09,28.897435897435898
2017-07-10,15.871794871794872
2017-07-11,43.38461538461539
2017-07-12,50.58974358974359
2017-07-13,54.717948717948715
2017-07-14,52.64102564102564
2017-07-15,23.17948717948718
2017-07-16,19.871794871794872
2017-07-17,25.71794871794872
2017-07-18,29.923076923076923
2017-07-19,42.333333333333336
2017-07-20,56.56410256410256
2017-07-21,64.6923076923077
2017-07-22,61.35897435897436
2017-07-23,53.46153846153846
2017-07-24,38.23076923076923
2017-07-25,30.41025641025641
2017-07-26,21.794871794871796
2017-07-27,32.38461538461539
2017-07-28,33.333333333333336
2017-07-29,18.487179487179485
2017-07-30,25.076923076923077
2017-07-31,24.871794871794872
2017-08-01,25.487179487179485
2017-08-02,40.0
2017-08-03,28.153846153846153
2017-08-04,30.358974358974358
2017-08-05,34.794871794871796
2017-08-06,28.63157894736842
2017-08-07,36.61538461538461
2017-08-08,46.05128205128205
2017-08-09,37.282051282051285
2017-08-10,10.333333333333334
2017-08-11,13.461538461538462
2017-08-12,13.205128205128204
2017-08-13,11.948717948717949
2017-08-14,11.58974358974359
2017-08-15,8.128205128205128
2017-08-16,9.76923076923077
2017-08-17,14.538461538461538
2017-08-18,30.435897435897434
2017-08-19,28.564102564102566
2017-08-20,12.153846153846153
2017-08-21,16.28205128205128
2017-08-22,20.512820512820515
2017-08-23,23.333333333333332
2017-08-24,23.46153846153846
2017-08-25,29.384615384615383
2017-08-26,28.435897435897434
2017-08-27,26.743589743589745
2017-08-28,32.02564102564103
2017-08-29,20.53846153846154
2017-08-30,28.615384615384617
2017-08-31,40.76923076923077
2017-09-01,27.615384615384617
2017-09-02,30.17948717948718
2017-09-03,34.82051282051282
2017-09-04,32.02564102564103
2017-09-05,28.897435897435898
2017-09-06,31.666666666666668
2017-09-07,40.256410256410255
2017-09-08,53.94871794871795
2017-09-09,63.53846153846154
2017-09-10,54.97435897435897
2017-09-11,25.487179487179485
2017-09-12,29.28205128205128
2017-09-13,27.564102564102566
2017-09-14,31.384615384615383
2017-09-15,18.897435897435898
2017-09-16,12.820512820512821
2017-09-17,11.435897435897436
2017-09-18,23.487179487179485
2017-09-19,67.15384615384616
2017-09-20,27.307692307692307
2017-09-21,32.35897435897436
2017-09-22,35.56410256410256
2017-09-23,57.92307692307692
2017-09-24,67.25641025641026
2017-09-25,49.282051282051285
2017-09-26,50.333333333333336
2017-09-27,43.84615384615385
2017-09-28,25.846153846153847
2017-09-29,24.94871794871795
2017-09-30,38.64102564102564
2017-10-01,35.256410256410255
2017-10-02,22.102564102564102
2017-10-03,38.02564102564103
2017-10-04,23.46153846153846
2017-10-05,16.256410256410255
2017-10-06,13.051282051282051
2017-10-07,11.076923076923077
2017-10-08,20.82051282051282
2017-10-09,27.657894736842106
2017-10-10,31.512820512820515
2017-10-11,12.794871794871796
2017-10-12,23.794871794871796
2017-10-13,30.641025641025642
2017-10-14,25.58974358974359
2017-10-15,24.641025641025642
2017-10-16,33.97435897435897
2017-10-17,42.0
2017-10-18,27.41025641025641
2017-10-19,21.564102564102566
2017-10-20,34.51282051282051
2017-10-21,42.8974358974359
2017-10-22,27.94871794871795
2017-10-23,27.71794871794872
2017-10-24,35.43589743589744
2017-10-25,44.48717948717949
2017-10-26,54.02564102564103
2017-10-27,63.41025641025641
2017-10-28,49.717948717948715
2017-10-29,69.35897435897436
2017-10-30,38.61538461538461
2017-10-31,37.51282051282051
2017-11-01,41.69230769230769
2017-11-02,50.35897435897436
2017-11-03,42.05128205128205
2017-11-04,56.256410256410255
2017-11-05,43.15384615384615
2017-11-06,36.87179487179487
2017-11-07,46.41025641025641
2017-11-08,68.76923076923077
2017-11-09,54.41025641025641
2017-11-10,48.35897435897436
2017-11-11,74.41025641025641
2017-11-12,34.666666666666664
2017-11-13,44.92307692307692
2017-11-14,48.43589743589744
2017-11-15,27.923076923076923
2017-11-16,28.0
2017-11-17,45.48717948717949
2017-11-18,41.30769230769231
2017-11-19,26.358974358974358
2017-11-20,40.87179487179487
2017-11-21,54.15384615384615
2017-11-22,66.92307692307692
2017-11-23,26.153846153846153
2017-11-24,22.615384615384617
2017-11-25,28.23076923076923
2017-11-26,40.794871794871796
2017-11-27,52.97435897435897
2017-11-28,77.58974358974359
2017-11-29,63.87179487179487
2017-11-30,25.641025641025642
2017-12-01,27.205128205128204
2017-12-02,43.333333333333336
2017-12-03,53.82051282051282
2017-12-04,44.97435897435897
2017-12-05,23.58974358974359
2017-12-06,34.84615384615385
2017-12-07,47.58974358974359
2017-12-08,33.97435897435897
2017-12-09,42.743589743589745
2017-12-10,40.53846153846154
2017-12-11,48.58974358974359
2017-12-12,34.53846153846154
2017-12-13,38.64102564102564
2017-12-14,57.92307692307692
2017-12-15,85.0
2017-12-16,60.5
2017-12-17,39.60526315789474
2017-12-18,58.36842105263158
2017-12-19,47.8421052631579
2017-12-20,43.44736842105263
2017-12-21,54.5945945945946
2017-12-22,61.13513513513514
2017-12-23,113.52777777777777
2017-12-24,80.11111111111111
2017-12-25,31.36111111111111
2017-12-26,30.944444444444443
2017-12-27,29.27777777777778
2017-12-28,48.333333333333336
2017-12-29,99.94444444444444
2017-12-30,132.41666666666666
2017-12-31,66.08333333333333
2018-01-01,44.17142857142857
2018-01-02,43.37837837837838
2018-01-03,36.89473684210526
2018-01-04,47.6578947368421
2018-01-05,60.23684210526316
2018-01-06,50.44736842105263
2018-01-07,57.473684210526315
2018-01-08,59.68421052631579
2018-01-09,43.55263157894737
2018-01-10,34.6578947368421
2018-01-11,34.6578947368421
2018-01-12,26.342105263157894
2018-01-13,55.256410256410255
2018-01-14,71.1025641025641
2018-01-15,71.6923076923077
2018-01-16,115.94871794871794
2018-01-17,115.28205128205128
2018-01-18,90.48717948717949
2018-01-19,62.17948717948718
2018-01-20,103.74358974358974
2018-01-21,65.92307692307692
2018-01-22,50.07692307692308
2018-01-23,25.53846153846154
2018-01-24,30.743589743589745
2018-01-25,25.025641025641026
2018-01-26,33.51282051282051
2018-01-27,46.92307692307692
2018-01-28,34.0
2018-01-29,47.282051282051285
2018-01-30,43.76923076923077
2018-01-31,42.48717948717949
2018-02-01,42.02564102564103
2018-02-02,57.17948717948718
2018-02-03,38.92307692307692
2018-02-04,33.64102564102564
2018-02-05,27.897435897435898
2018-02-06,32.58974358974359
2018-02-07,42.07692307692308
2018-02-08,54.38461538461539
2018-02-09,72.97435897435898
2018-02-10,78.46153846153847
2018-02-11,53.333333333333336
2018-02-12,50.61538461538461
2018-02-13,52.46153846153846
2018-02-14,70.28205128205128
2018-02-15,40.12820512820513
2018-02-16,49.64102564102564
2018-02-18,38.17948717948718
2018-02-19,62.64102564102564
2018-02-20,67.56410256410257
2018-02-21,40.07692307692308
2018-02-22,47.02564102564103
2018-02-23,93.35897435897436
2018-02-24,81.64864864864865
2018-02-25,47.45945945945946
2018-02-26,66.1891891891892
2018-02-27,99.22222222222223
2018-02-28,73.91666666666667
2018-03-01,43.25
2018-03-02,72.05555555555556
2018-03-03,62.77777777777778
2018-03-04,33.333333333333336
2018-03-05,10.416666666666666
2018-03-06,34.0
2018-03-07,31.210526315789473
2018-03-08,33.10526315789474
2018-03-09,54.89473684210526
2018-03-10,49.68421052631579
2018-03-11,62.026315789473685
2018-03-12,103.3157894736842
2018-03-13,69.51282051282051
2018-03-14,26.82051282051282
2018-03-15,23.358974358974358
2018-03-16,15.64102564102564
2018-03-17,33.84615384615385
2018-03-18,64.66666666666667
2018-03-19,32.05128205128205
2018-03-20,22.128205128205128
2018-04-09,43.43589743589744
2018-04-10,49.61538461538461
2018-04-11,66.87179487179488
2018-04-12,48.82051282051282
2018-04-13,37.94871794871795
2018-04-14,22.256410256410255
2018-04-15,77.35897435897436
2018-04-16,40.23076923076923
2018-04-17,62.794871794871796
2018-04-18,72.25641025641026
2018-04-19,83.23076923076923
2018-04-21,76.43589743589743
2018-04-22,40.12820512820513
2018-04-23,9.666666666666666
2018-04-24,10.435897435897436
2018-04-25,37.5
2018-04-26,48.07692307692308
2018-04-27,60.1025641025641
2018-04-28,63.256410256410255
2018-04-29,56.51282051282051
2018-04-30,84.71794871794872
2018-05-01,63.48717948717949
2018-05-02,46.205128205128204
2018-05-03,31.512820512820515
2018-05-04,47.56410256410256
2018-05-05,42.717948717948715
2018-05-06,15.58974358974359
2018-05-07,38.51282051282051
2018-05-08,20.384615384615383
2018-05-09,23.71794871794872
2018-05-10,44.1025641025641
2018-05-11,63.07692307692308
2018-05-12,33.46153846153846
2018-05-13,25.333333333333332
2018-05-14,77.12820512820512
2018-05-15,78.82051282051282
2018-05-16,36.205128205128204
2018-05-17,16.102564102564102
2018-05-20,12.333333333333334
2018-05-21,10.871794871794872
2018-05-27,68.33333333333333
2018-05-28,52.43589743589744
2018-06-01,44.15384615384615
2018-06-02,51.97435897435897
2018-06-04,43.53846153846154
2018-06-05,41.743589743589745
2018-06-22,51.714285714285715
2018-06-26,63.2
2018-06-30,53.8235294117647
2018-07-01,13.088235294117647
2018-07-02,11.028571428571428
2018-07-03,13.114285714285714
2018-07-06,8.194444444444445
2018-07-07,9.472222222222221
2018-07-08,12.694444444444445
2018-07-09,10.555555555555555
2018-07-10,23.194444444444443
2018-07-11,33.416666666666664
2018-07-12,27.763157894736842
2018-07-13,22.57894736842105
2018-07-14,21.394736842105264
2018-07-15,23.31578947368421
2018-07-16,27.394736842105264
2018-07-17,31.358974358974358
2018-07-18,36.69230769230769
2018-07-19,31.71794871794872
2018-07-20,38.05128205128205
2018-07-21,39.92307692307692
2018-07-22,30.41025641025641
2018-07-23,32.87179487179487
2018-07-24,43.717948717948715
2018-07-25,33.256410256410255
2018-07-26,42.1578947368421
2018-07-27,49.526315789473685
2018-07-28,40.63157894736842
2018-07-29,19.763157894736842
2018-07-30,11.384615384615385
2018-07-31,18.974358974358974
2018-08-01,34.55263157894737
2018-08-02,33.31578947368421
2018-08-03,46.55263157894737
2018-08-04,28.102564102564102
2018-08-05,28.025641025641026
2018-08-06,33.58974358974359
2018-08-07,20.846153846153847
2018-08-08,27.46153846153846
2018-08-09,26.28205128205128
2018-08-10,17.46153846153846
2018-08-11,12.179487179487179
2018-08-12,16.41025641025641
2018-08-13,33.94871794871795
2018-08-14,29.46153846153846
2018-08-15,30.333333333333332
2018-08-16,17.615384615384617
2018-08-17,14.58974358974359
2018-08-18,17.205128205128204
2018-08-19,24.897435897435898
2018-08-20,38.38461538461539
2018-08-21,24.256410256410255
2018-08-22,26.487179487179485
2018-08-23,14.743589743589743
2018-08-24,9.820512820512821
2018-08-25,25.23076923076923
2018-08-26,18.871794871794872
2018-08-27,10.897435897435898
2018-08-28,11.846153846153847
2018-08-29,15.461538461538462
2018-08-30,28.794871794871796
2018-08-31,25.615384615384617
2018-09-01,20.333333333333332
2018-09-02,14.384615384615385
2018-09-03,17.153846153846153
2018-09-04,18.512820512820515
2018-09-05,28.31578947368421
2018-09-06,37.13157894736842
2018-09-07,27.86842105263158
2018-09-08,25.63888888888889
2018-09-09,22.88888888888889
2018-09-10,13.36111111111111
2018-09-11,14.444444444444445
2018-09-12,17.25
2018-09-13,19.805555555555557
2018-09-14,20.055555555555557
2018-09-15,14.083333333333334
2018-09-16,38.97222222222222
2018-09-17,29.47222222222222
2018-09-18,37.77777777777778
2018-09-19,41.5
2018-09-20,16.857142857142858
2018-09-21,9.083333333333334
2018-09-22,33.138888888888886
2018-09-23,29.77777777777778
2018-09-24,14.416666666666666
2018-09-25,14.722222222222221
2018-09-26,8.833333333333334
2018-09-27,10.055555555555555
2018-09-28,14.542857142857143
2018-09-29,16.885714285714286
2018-09-30,21.62857142857143
2018-10-01,17.705882352941178
2018-10-02,26.457142857142856
2018-10-03,28.17142857142857
2018-10-04,23.4
2018-10-05,11.457142857142857
2018-10-06,6.914285714285715
2018-10-07,27.857142857142858
2018-10-08,23.82857142857143
2018-10-09,26.82857142857143
2018-10-10,19.65714285714286
2018-10-11,18.314285714285713
2018-10-12,25.457142857142856
2018-10-13,35.42857142857143
2018-10-14,36.02857142857143
2018-10-15,63.142857142857146
2018-10-16,50.91428571428571
2018-10-17,36.142857142857146
2018-10-18,16.714285714285715
2018-10-19,20.52777777777778
2018-10-20,40.486486486486484
2018-10-21,38.83783783783784
2018-10-22,53.45945945945946
2018-10-23,53.91891891891892
2018-10-24,43.0
2018-10-25,41.513513513513516
2018-10-26,36.44736842105263
2018-10-27,26.94736842105263
2018-10-28,15.052631578947368
2018-10-29,18.2972972972973
2018-10-30,22.2972972972973
2018-10-31,22.972972972972972
2018-11-01,36.567567567567565
2018-11-02,44.714285714285715
2018-11-03,54.642857142857146
2018-11-04,45.666666666666664
2018-11-05,60.04761904761905
2018-11-06,103.04761904761905
2018-11-07,66.21428571428571
2018-11-08,9.857142857142858
2018-11-09,41.627906976744185
2018-11-10,73.4186046511628
2018-11-11,69.0
2018-11-12,32.56818181818182
2018-11-13,42.95454545454545
2018-11-14,36.79545454545455
2018-11-15,50.93181818181818
2018-11-16,58.22727272727273
2018-11-17,32.54545454545455
2018-11-18,37.674418604651166
2018-11-19,58.86363636363637
2018-11-20,47.0
2018-11-21,35.04545454545455
2018-11-22,22.454545454545453
2018-11-23,25.15909090909091
2018-11-24,23.204545454545453
2018-11-25,46.80952380952381
2018-11-26,64.68888888888888
2018-11-27,120.08888888888889
2018-11-28,122.77777777777777
2018-11-29,78.02222222222223
2018-11-30,63.977777777777774
2018-12-01,48.111111111111114
2018-12-02,49.333333333333336
2018-12-03,41.44444444444444
2018-12-04,35.71111111111111
2018-12-05,28.644444444444446
2018-12-06,38.6
2018-12-07,22.288888888888888
2018-12-08,24.11111111111111
2018-12-09,23.022222222222222
2018-12-10,36.266666666666666
2018-12-11,41.91111111111111
2018-12-12,45.46666666666667
2018-12-13,39.55555555555556
2018-12-14,33.391304347826086
2018-12-15,56.23913043478261
2018-12-16,52.69565217391305
2018-12-17,74.56521739130434
2018-12-18,46.23913043478261
2018-12-19,54.23913043478261
2018-12-20,58.630434782608695
2018-12-21,76.30434782608695
2018-12-22,86.8913043478261
2018-12-23,52.0
2018-12-24,23.217391304347824
2018-12-25,34.02173913043478
2018-12-26,50.93478260869565
2018-12-27,26.67391304347826
2018-12-28,35.69565217391305
2018-12-29,37.71739130434783
2018-12-30,32.130434782608695
2018-12-31,46.73913043478261
2019-01-01,38.76086956521739
2019-01-02,33.869565217391305
2019-01-03,39.08695652173913
2019-01-04,58.32608695652174
2019-01-05,64.54347826086956
2019-01-06,50.76086956521739
2019-01-07,54.82608695652174
2019-01-08,41.56521739130435
2019-01-09,50.369565217391305
2019-01-10,56.97826086956522
2019-01-11,76.78260869565217
2019-01-12,93.93478260869566
2019-01-13,109.19565217391305
2019-01-14,161.52173913043478
2019-01-15,137.34782608695653
2019-01-16,47.71739130434783
2019-01-17,44.130434782608695
2019-01-18,56.5
2019-01-19,93.04347826086956
2019-01-20,67.91304347826087
2019-01-21,43.108695652173914
2019-01-22,65.47826086956522
2019-01-23,76.52173913043478
2019-01-24,42.82608695652174
2019-01-25,48.30434782608695
2019-01-26,42.23913043478261
2019-01-27,37.80434782608695
2019-01-28,84.8913043478261
2019-01-29,69.6086956521739
2019-01-30,63.04347826086956
2019-01-31,74.1304347826087
2019-02-01,39.23913043478261
2019-02-02,57.69565217391305
2019-02-03,36.608695652173914
2019-02-04,73.28260869565217
2019-02-05,85.02173913043478
2019-02-06,95.58695652173913
2019-02-07,62.369565217391305
2019-02-08,31.108695652173914
2019-02-09,34.68888888888889
2019-02-10,41.77777777777778
2019-02-11,38.888888888888886
2019-02-12,58.91304347826087
2019-02-13,39.19565217391305
2019-02-14,52.02173913043478
2019-02-15,39.43478260869565
2019-02-16,60.130434782608695
2019-02-17,36.23913043478261
2019-02-18,42.80434782608695
2019-02-19,42.71739130434783
2019-02-20,58.02173913043478
2019-02-21,78.23913043478261
2019-02-22,73.3913043478261
2019-02-23,55.69565217391305
2019-02-24,60.23913043478261
2019-02-25,84.04347826086956
2019-02-26,53.34782608695652
2019-02-27,70.76086956521739
2019-02-28,89.04347826086956
2019-03-01,118.58695652173913
2019-03-02,121.08695652173913
2019-03-03,100.95652173913044
2019-03-04,166.52173913043478
2019-03-05,188.82608695652175
2019-03-06,145.02173913043478
2019-03-07,58.630434782608695
2019-03-08,52.130434782608695
2019-03-14,42.06521739130435
2019-03-15,69.91304347826087
2019-03-18,40.130434782608695
2019-03-19,64.1086956521739
2019-03-20,97.46666666666667
2019-03-21,33.0
2019-03-22,39.26086956521739
2019-03-23,25.32608695652174
2019-03-24,28.347826086956523
2019-03-25,48.02173913043478
2019-03-26,58.19565217391305
2019-03-27,90.80434782608695
2019-03-28,85.58695652173913
2019-03-29,40.19565217391305
2019-03-30,35.15217391304348
2019-03-31,43.65217391304348
2019-04-01,25.32608695652174
2019-04-02,32.78260869565217
2019-04-03,39.84782608695652
2019-04-04,36.869565217391305
2019-04-05,79.30434782608695
2019-04-06,64.45652173913044
2019-04-07,38.19565217391305
2019-04-08,38.21739130434783
2019-04-09,27.5
2019-04-10,8.26086956521739
2019-04-11,28.347826086956523
2019-04-12,51.04347826086956
2019-04-13,49.5
2019-04-14,39.23913043478261
2019-04-15,52.91304347826087
2019-04-16,49.23913043478261
2019-04-17,43.21739130434783
2019-04-18,38.608695652173914
2019-04-19,44.630434782608695
2019-04-20,45.869565217391305
2019-04-21,33.45652173913044
2019-04-22,90.71739130434783
2019-04-23,95.76086956521739
2019-04-24,59.04347826086956
2019-04-25,41.82608695652174
2019-04-26,10.565217391304348
2019-04-27,18.97826086956522
2019-04-28,19.97826086956522
2019-04-29,25.304347826086957
2019-04-30,35.95652173913044
2019-05-01,61.5
2019-05-02,58.21739130434783
2019-05-03,60.84782608695652
2019-05-04,93.04347826086956
2019-05-05,66.8695652173913
2019-05-06,34.73913043478261
2019-05-07,49.71739130434783
2019-05-08,52.891304347826086
2019-05-09,49.95652173913044
2019-05-10,63.73913043478261
2019-05-11,68.58695652173913
2019-05-12,58.41304347826087
2019-05-13,59.06521739130435
2019-05-14,46.41304347826087
2019-05-15,70.19565217391305
2019-05-16,69.65217391304348
2019-05-17,57.67391304347826
2019-05-18,32.41304347826087
2019-05-19,14.282608695652174
2019-05-20,39.130434782608695
2019-05-21,52.97826086956522
2019-05-22,57.80434782608695
2019-05-23,75.23913043478261
2019-05-24,85.0
2019-05-25,86.21739130434783
2019-05-26,40.71739130434783
2019-05-27,23.695652173913043
2019-05-28,23.5
2019-05-29,49.97826086956522
2019-05-30,48.02
2019-05-31,21.86
2019-06-01,36.34
2019-06-02,38.94
2019-06-03,40.92
2019-06-04,30.6
2019-06-05,53.97959183673469
2019-06-06,62.723404255319146
2019-06-07,13.48936170212766
2019-06-08,26.085106382978722
2019-06-09,39.91489361702128
2019-06-10,11.48936170212766
2019-06-11,13.53191489361702
2019-06-12,32.680851063829785
2019-06-13,31.818181818181817
2019-06-14,35.06818181818182
2019-06-15,37.11363636363637
2019-06-16,17.045454545454547
2019-06-17,25.227272727272727
2019-06-18,33.02272727272727
2019-06-19,34.04545454545455
2019-06-20,29.363636363636363
2019-06-21,28.65909090909091
2019-06-22,12.840909090909092
2019-06-23,12.590909090909092
2019-06-24,22.681818181818183
2019-06-25,33.34090909090909
2019-06-26,35.58139534883721
2019-06-27,21.022727272727273
2019-06-28,41.61363636363637
2019-06-29,25.636363636363637
2019-06-30,32.56818181818182
2019-07-01,35.13636363636363
2019-07-02,30.88372093023256
2019-07-03,33.395348837209305
2019-07-04,32.06976744186046
2019-07-05,36.04651162790697
2019-07-06,31.74418604651163
2019-07-07,18.372093023255815
2019-07-08,10.720930232558139
2019-07-09,11.55813953488372
2019-07-10,11.069767441860465
2019-07-11,8.069767441860465
2019-07-12,14.414634146341463
2019-07-13,31.878048780487806
2019-07-14,44.073170731707314
2019-07-15,41.88636363636363
2019-07-16,33.15555555555556
2019-07-17,61.34090909090909
2019-07-18,67.37777777777778
2019-07-19,34.4
2019-07-20,9.5
2019-07-21,16.068181818181817
2019-07-22,46.916666666666664
2019-07-23,28.1875
2019-07-24,24.479166666666668
2019-07-25,25.97872340425532
2019-07-26,18.617021276595743
2019-07-27,19.29787234042553
2019-07-28,14.851063829787234
2019-07-29,15.645833333333334
2019-07-30,19.5
2019-07-31,17.145833333333332
2019-08-01,13.816326530612244
2019-08-02,20.14
2019-08-03,21.86
2019-08-04,29.408163265306122
2019-08-05,40.68
2019-08-06,30.84
2019-08-07,20.58
2019-08-08,42.5
2019-08-09,28.9
2019-08-10,22.76
2019-08-11,18.76
2019-08-12,18.24
2019-08-13,25.26
2019-08-14,20.76
2019-08-15,9.16
2019-08-16,17.86
2019-08-17,32.7
2019-08-18,25.489795918367346
2019-08-19,26.08
2019-08-20,30.8
2019-08-21,32.22
2019-08-22,39.02040816326531
2019-08-23,33.224489795918366
2019-08-24,24.448979591836736
2019-08-25,21.166666666666668
2019-08-26,26.693877551020407
2019-08-27,27.53061224489796
2019-08-28,31.081632653061224
2019-08-29,29.448979591836736
2019-08-30,20.816326530612244
2019-08-31,19.382978723404257
2019-09-01,20.80851063829787
2019-09-02,27.106382978723403
2019-09-03,24.638297872340427
2019-09-04,9.0
2019-09-05,10.644444444444444
2019-09-06,15.866666666666667
2019-09-09,37.04255319148936
2019-09-10,14.106382978723405
2019-09-11,9.0
2019-09-12,12.666666666666666
2019-09-13,14.375
2019-09-14,18.833333333333332
2019-09-15,16.416666666666668
2019-09-16,13.833333333333334
2019-09-17,20.02127659574468
2019-09-18,33.829787234042556
2019-09-19,29.95744680851064
2019-09-20,25.229166666666668
2019-09-21,16.977272727272727
2019-09-22,6.954545454545454
2019-09-23,14.41304347826087
2019-09-24,24.695652173913043
2019-09-25,31.02173913043478
2019-09-26,27.869565217391305
2019-09-27,22.91304347826087
2019-09-28,28.82608695652174
2019-09-29,38.34782608695652
2019-09-30,52.23913043478261
2019-10-01,48.34782608695652
2019-10-02,24.717391304347824
2019-10-03,9.173913043478262
2019-10-04,26.652173913043477
2019-10-05,43.43478260869565
2019-10-06,12.08695652173913
2019-10-07,11.326086956521738
2019-10-08,23.82608695652174
2019-10-09,24.608695652173914
2019-10-10,30.47826086956522
2019-10-11,36.977777777777774
2019-10-12,25.630434782608695
2019-10-13,19.42222222222222
2019-10-14,34.93478260869565
2019-10-15,21.133333333333333
2019-10-16,27.97826086956522
2019-10-17,30.82608695652174
2019-10-18,18.717391304347824
2019-10-19,21.727272727272727
2019-10-20,37.70454545454545
2019-10-21,41.90909090909091
2019-10-22,40.47826086956522
2019-10-23,24.5
2019-10-24,31.085106382978722
2019-10-25,25.395833333333332
2019-10-26,23.625
2019-10-27,25.0625
2019-10-28,30.875
2019-10-29,104.25
2019-10-30,26.125
2019-10-31,74.08333333333333
2019-11-01,96.20833333333333
2019-11-02,73.89583333333333
2019-11-03,58.25
2019-11-04,15.020833333333334
2019-11-05,34.875
2019-11-06,51.0
2019-11-07,50.145833333333336
2019-11-08,44.041666666666664
2019-11-09,44.25
2019-11-10,42.46808510638298
2019-11-11,25.041666666666668
2019-11-12,40.25
2019-11-13,36.083333333333336
2019-11-14,19.3125
2019-11-15,23.291666666666668
2019-11-16,32.604651162790695
2019-11-17,27.34090909090909
2019-11-18,80.17777777777778
2019-11-19,30.8
2019-11-20,23.31111111111111
2019-11-21,38.22222222222222
2019-11-22,45.75555555555555
2019-11-23,34.75
2019-11-24,31.244444444444444
2019-11-25,27.044444444444444
2019-11-26,26.318181818181817
2019-11-27,39.26086956521739
2019-11-28,38.06521739130435
2019-11-29,45.4375
2019-11-30,46.319148936170215
2019-12-01,40.340425531914896
2019-12-02,23.361702127659573
2019-12-03,28.829787234042552
2019-12-04,29.93617021276596
2019-12-05,21.829787234042552
2019-12-06,31.4468085106383
2019-12-07,46.19565217391305
2019-12-08,54.71739130434783
2019-12-09,62.8936170212766
2019-12-10,96.72340425531915
2019-12-11,80.06382978723404
2019-12-12,21.177777777777777
2019-12-13,29.377777777777776
2019-12-14,39.55555555555556
2019-12-15,36.888888888888886
2019-12-16,39.30434782608695
2019-12-17,28.229166666666668
2019-12-18,38.319148936170215
2019-12-19,25.854166666666668
2019-12-20,29.416666666666668
2019-12-21,34.979166666666664
2019-12-22,58.291666666666664
2019-12-23,49.583333333333336
2019-12-24,69.9375
2019-12-25,51.8936170212766
2019-12-26,49.65217391304348
2019-12-27,34.608695652173914
2019-12-28,43.333333333333336
2019-12-29,45.84444444444444
2019-12-30,36.86363636363637
2019-12-31,25.244444444444444
