,가입일자,가입자수
0,2017-01-01,221
1,2017-01-02,182
2,2017-01-03,198
3,2017-01-04,189
4,2017-01-05,190
5,2017-01-06,241
6,2017-01-07,322
7,2017-01-08,312
8,2017-01-09,149
9,2017-01-10,92
10,2017-01-11,88
11,2017-01-12,80
12,2017-01-13,56
13,2017-01-14,44
14,2017-01-15,89
15,2017-01-16,105
16,2017-01-17,80
17,2017-01-18,104
18,2017-01-19,110
19,2017-01-20,53
20,2017-01-21,32
21,2017-01-22,43
22,2017-01-23,34
23,2017-01-24,32
24,2017-01-25,72
25,2017-01-26,70
26,2017-01-27,83
27,2017-01-28,121
28,2017-01-29,51
29,2017-01-30,67
30,2017-01-31,75
31,2017-02-01,138
32,2017-02-02,119
33,2017-02-03,147
34,2017-02-04,200
35,2017-02-05,93
36,2017-02-06,125
37,2017-02-07,116
38,2017-02-08,136
39,2017-02-09,100
40,2017-02-10,64
41,2017-02-11,90
42,2017-02-12,179
43,2017-02-13,151
44,2017-02-14,166
45,2017-02-15,209
46,2017-02-16,230
47,2017-02-17,171
48,2017-02-18,180
49,2017-02-19,172
50,2017-02-20,125
51,2017-02-21,179
52,2017-02-22,77
53,2017-02-23,113
54,2017-02-24,164
55,2017-02-25,336
56,2017-02-26,548
57,2017-02-27,389
58,2017-02-28,431
59,2017-03-01,515
60,2017-03-02,265
61,2017-03-03,358
62,2017-03-04,944
63,2017-03-05,662
64,2017-03-06,219
65,2017-03-07,205
66,2017-03-08,169
67,2017-03-09,268
68,2017-03-10,365
69,2017-03-11,1147
70,2017-03-12,777
71,2017-03-13,431
72,2017-03-14,369
73,2017-03-15,409
74,2017-03-16,438
75,2017-03-17,601
76,2017-03-18,1205
77,2017-03-19,1512
78,2017-03-20,625
79,2017-03-21,638
80,2017-03-22,544
81,2017-03-23,602
82,2017-03-24,623
83,2017-03-25,893
84,2017-03-26,903
85,2017-03-27,347
86,2017-03-28,415
87,2017-03-29,555
88,2017-03-30,615
89,2017-03-31,247
90,2017-04-01,1005
91,2017-04-02,1724
92,2017-04-03,787
93,2017-04-04,908
94,2017-04-05,214
95,2017-04-06,405
96,2017-04-07,1228
97,2017-04-08,1721
98,2017-04-09,1918
99,2017-04-10,1393
100,2017-04-11,1026
101,2017-04-12,831
102,2017-04-13,737
103,2017-04-14,363
104,2017-04-15,2087
105,2017-04-16,2104
106,2017-04-17,464
107,2017-04-18,422
108,2017-04-19,831
109,2017-04-20,584
110,2017-04-21,921
111,2017-04-22,2047
112,2017-04-23,2257
113,2017-04-24,1070
114,2017-04-25,889
115,2017-04-26,1061
116,2017-04-27,976
117,2017-04-28,1174
118,2017-04-29,2319
119,2017-04-30,2555
120,2017-05-01,2201
121,2017-05-02,1430
122,2017-05-03,2956
123,2017-05-04,2036
124,2017-05-05,2651
125,2017-05-06,967
126,2017-05-07,1273
127,2017-05-08,811
128,2017-05-09,735
129,2017-05-10,771
130,2017-05-11,989
131,2017-05-12,967
132,2017-05-13,1216
133,2017-05-14,3483
134,2017-05-15,1168
135,2017-05-16,1226
136,2017-05-17,1328
137,2017-05-18,1354
138,2017-05-19,1514
139,2017-05-20,2579
140,2017-05-21,2983
141,2017-05-22,1642
142,2017-05-23,924
143,2017-05-24,1323
144,2017-05-25,1239
145,2017-05-26,1638
146,2017-05-27,2631
147,2017-05-28,2746
148,2017-05-29,1488
149,2017-05-30,1303
150,2017-05-31,1368
151,2017-06-01,1385
152,2017-06-02,1301
153,2017-06-03,2771
154,2017-06-04,2940
155,2017-06-05,2048
156,2017-06-06,1247
157,2017-06-07,667
158,2017-06-08,1307
159,2017-06-09,1443
160,2017-06-10,2666
161,2017-06-11,2828
162,2017-06-12,1539
163,2017-06-13,1489
164,2017-06-14,1419
165,2017-06-15,1495
166,2017-06-16,1555
167,2017-06-17,2534
168,2017-06-18,2406
169,2017-06-19,1761
170,2017-06-20,1799
171,2017-06-21,1794
172,2017-06-22,1787
173,2017-06-23,1760
174,2017-06-24,1441
175,2017-06-25,1477
176,2017-06-26,843
177,2017-06-27,1324
178,2017-06-28,1500
179,2017-06-29,1485
180,2017-06-30,1442
181,2017-07-01,1506
182,2017-07-02,513
183,2017-07-03,641
184,2017-07-04,1459
185,2017-07-05,380
186,2017-07-06,38
187,2017-07-07,484
188,2017-07-08,745
189,2017-07-09,655
190,2017-07-10,255
191,2017-07-11,1001
192,2017-07-12,1007
193,2017-07-13,1006
194,2017-07-14,912
195,2017-07-15,423
196,2017-07-16,1184
197,2017-07-17,1108
198,2017-07-18,905
199,2017-07-19,1056
200,2017-07-20,1024
201,2017-07-21,826
202,2017-07-22,753
203,2017-07-23,627
204,2017-07-24,810
205,2017-07-25,949
206,2017-07-26,1066
207,2017-07-27,940
208,2017-07-28,560
209,2017-07-29,1530
210,2017-07-30,1561
211,2017-07-31,797
212,2017-08-01,1123
213,2017-08-02,995
214,2017-08-03,989
215,2017-08-04,952
216,2017-08-05,902
217,2017-08-06,987
218,2017-08-07,998
219,2017-08-08,1332
220,2017-08-09,1092
221,2017-08-10,456
222,2017-08-11,953
223,2017-08-12,1592
224,2017-08-13,2072
225,2017-08-14,946
226,2017-08-15,865
227,2017-08-16,1011
228,2017-08-17,1032
229,2017-08-18,1257
230,2017-08-19,1711
231,2017-08-20,309
232,2017-08-21,1073
233,2017-08-22,1415
234,2017-08-23,665
235,2017-08-24,794
236,2017-08-25,1475
237,2017-08-26,2810
238,2017-08-27,2657
239,2017-08-28,874
240,2017-08-29,2060
241,2017-08-30,2044
242,2017-08-31,2084
243,2017-09-01,2547
244,2017-09-02,3691
245,2017-09-03,3880
246,2017-09-04,2406
247,2017-09-05,1784
248,2017-09-06,982
249,2017-09-08,2138
250,2017-09-09,3160
251,2017-09-10,2686
252,2017-09-11,1619
253,2017-09-12,2045
254,2017-09-13,1984
255,2017-09-14,2095
256,2017-09-15,2541
257,2017-09-16,3929
258,2017-09-17,4260
259,2017-09-18,2390
260,2017-09-19,1344
261,2017-09-20,2180
262,2017-09-21,2131
263,2017-09-22,2278
264,2017-09-23,3369
265,2017-09-24,3282
266,2017-09-25,2071
267,2017-09-26,1664
268,2017-09-27,1533
269,2017-09-28,1637
270,2017-09-29,1903
271,2017-09-30,3275
272,2017-10-01,1230
273,2017-10-02,3205
274,2017-10-03,2639
275,2017-10-04,3144
276,2017-10-05,3463
277,2017-10-06,2580
278,2017-10-07,4673
279,2017-10-08,4880
280,2017-10-09,4465
281,2017-10-10,1702
282,2017-10-11,1049
283,2017-10-12,1035
284,2017-10-13,1731
285,2017-10-14,2453
286,2017-10-15,2872
287,2017-10-16,1508
288,2017-10-17,1562
289,2017-10-18,964
290,2017-10-19,1508
291,2017-10-20,1644
292,2017-10-21,2566
293,2017-10-22,2430
294,2017-10-23,1358
295,2017-10-24,1316
296,2017-10-25,1172
297,2017-10-26,1147
298,2017-10-27,1465
299,2017-10-28,2274
300,2017-10-29,1522
301,2017-10-30,625
302,2017-10-31,718
303,2017-11-01,1025
304,2017-11-02,899
305,2017-11-03,829
306,2017-11-04,977
307,2017-11-05,1190
308,2017-11-06,794
309,2017-11-07,839
310,2017-11-08,701
311,2017-11-09,695
312,2017-11-10,427
313,2017-11-11,733
314,2017-11-12,757
315,2017-11-13,408
316,2017-11-14,406
317,2017-11-15,282
318,2017-11-16,264
319,2017-11-17,272
320,2017-11-18,217
321,2017-11-19,222
322,2017-11-20,224
323,2017-11-21,304
324,2017-11-22,270
325,2017-11-23,200
326,2017-11-24,181
327,2017-11-25,162
328,2017-11-26,343
329,2017-11-27,259
330,2017-11-28,377
331,2017-11-29,251
332,2017-11-30,208
333,2017-12-01,211
334,2017-12-02,323
335,2017-12-03,349
336,2017-12-04,205
337,2017-12-05,145
338,2017-12-06,152
339,2017-12-07,171
340,2017-12-08,119
341,2017-12-09,223
342,2017-12-10,175
343,2017-12-11,88
344,2017-12-12,83
345,2017-12-13,81
346,2017-12-14,102
347,2017-12-15,113
348,2017-12-16,124
349,2017-12-17,109
350,2017-12-18,76
351,2017-12-19,73
352,2017-12-20,86
353,2017-12-21,117
354,2017-12-22,143
355,2017-12-23,307
356,2017-12-24,207
357,2017-12-25,187
358,2017-12-26,134
359,2017-12-27,111
360,2017-12-28,150
361,2017-12-29,197
362,2017-12-30,166
363,2017-12-31,201
364,2018-01-01,302
365,2018-01-02,246
366,2018-01-03,205
367,2018-01-04,169
368,2018-01-05,183
369,2018-01-06,192
370,2018-01-07,253
371,2018-01-08,186
372,2018-01-09,147
373,2018-01-10,93
374,2018-01-11,76
375,2018-01-12,79
376,2018-01-13,89
377,2018-01-14,235
378,2018-01-15,195
379,2018-01-16,202
380,2018-01-17,205
381,2018-01-18,179
382,2018-01-19,201
383,2018-01-20,253
384,2018-01-21,266
385,2018-01-22,146
386,2018-01-23,69
387,2018-01-24,64
388,2018-01-25,56
389,2018-01-26,42
390,2018-01-27,99
391,2018-01-28,120
392,2018-01-29,86
393,2018-01-30,79
394,2018-01-31,103
395,2018-02-01,104
396,2018-02-02,143
397,2018-02-03,118
398,2018-02-04,105
399,2018-02-05,89
400,2018-02-06,67
401,2018-02-07,92
402,2018-02-08,150
403,2018-02-09,147
404,2018-02-10,169
405,2018-02-11,111
406,2018-02-12,109
407,2018-02-13,165
408,2018-02-14,237
409,2018-02-15,213
410,2018-02-16,254
411,2018-02-17,281
412,2018-02-18,366
413,2018-02-19,381
414,2018-02-20,340
415,2018-02-21,280
416,2018-02-22,239
417,2018-02-23,226
418,2018-02-24,393
419,2018-02-25,563
420,2018-02-26,538
421,2018-02-27,369
422,2018-02-28,213
423,2018-03-01,420
424,2018-03-02,422
425,2018-03-03,1649
426,2018-03-04,818
427,2018-03-05,706
428,2018-03-06,749
429,2018-03-07,576
430,2018-03-08,493
431,2018-03-09,598
432,2018-03-10,1026
433,2018-03-11,1617
434,2018-03-12,812
435,2018-03-13,1146
436,2018-03-14,1793
437,2018-03-15,538
438,2018-03-16,1146
439,2018-03-17,2085
440,2018-03-18,1233
441,2018-03-19,533
442,2018-03-20,563
443,2018-03-21,546
444,2018-03-22,803
445,2018-03-23,889
446,2018-03-24,1144
447,2018-03-25,1340
448,2018-03-26,758
449,2018-03-27,736
450,2018-03-28,971
451,2018-03-29,1086
452,2018-03-30,1554
453,2018-03-31,2556
454,2018-04-01,2324
455,2018-04-02,2001
456,2018-04-03,1579
457,2018-04-04,1996
458,2018-04-05,464
459,2018-04-06,611
460,2018-04-07,949
461,2018-04-08,747
462,2018-04-09,1411
463,2018-04-10,1149
464,2018-04-11,1158
465,2018-04-12,1613
466,2018-04-13,1524
467,2018-04-14,656
468,2018-04-15,1516
469,2018-04-16,1573
470,2018-04-17,1494
471,2018-04-18,1616
472,2018-04-19,1492
473,2018-04-20,1546
474,2018-04-21,3244
475,2018-04-22,951
476,2018-04-23,304
477,2018-04-24,959
478,2018-04-25,1819
479,2018-04-26,1848
480,2018-04-27,2156
481,2018-04-28,3379
482,2018-04-29,3909
483,2018-04-30,2058
484,2018-05-01,2765
485,2018-05-02,651
486,2018-05-03,1095
487,2018-05-04,1685
488,2018-05-05,3764
489,2018-05-06,2288
490,2018-05-07,4565
491,2018-05-08,1891
492,2018-05-09,2240
493,2018-05-10,1917
494,2018-05-11,1830
495,2018-05-12,536
496,2018-05-13,3407
497,2018-05-15,1659
498,2018-05-16,634
499,2018-05-17,312
500,2018-05-18,866
501,2018-05-19,4342
502,2018-05-20,3902
503,2018-05-21,2984
504,2018-05-22,1966
505,2018-05-23,1693
506,2018-05-24,1732
507,2018-05-25,1839
508,2018-05-26,3145
509,2018-05-27,3521
510,2018-05-28,2067
511,2018-05-29,1408
512,2018-05-30,1853
513,2018-05-31,1972
514,2018-06-01,2109
515,2018-06-02,3513
516,2018-06-03,3462
517,2018-06-04,2180
518,2018-06-05,2184
519,2018-06-06,4052
520,2018-06-07,1942
521,2018-06-08,2111
522,2018-06-09,2325
523,2018-06-10,3074
524,2018-06-11,1229
525,2018-06-12,1611
526,2018-06-13,2732
527,2018-06-14,1147
528,2018-06-15,2041
529,2018-06-16,3646
530,2018-06-17,3505
531,2018-06-18,1553
532,2018-06-19,1986
533,2018-06-20,2067
534,2018-06-21,2828
535,2018-06-22,3335
536,2018-06-23,4526
537,2018-06-24,4408
538,2018-06-25,2684
539,2018-06-26,635
540,2018-06-27,2000
541,2018-06-28,1238
542,2018-06-29,2556
543,2018-06-30,2094
544,2018-07-01,689
545,2018-07-02,530
546,2018-07-03,2254
547,2018-07-04,2596
548,2018-07-05,2250
549,2018-07-06,3099
550,2018-07-07,5428
551,2018-07-08,5706
552,2018-07-09,895
553,2018-07-10,1347
554,2018-07-11,1856
555,2018-07-12,2372
556,2018-07-13,2539
557,2018-07-14,3446
558,2018-07-15,2937
559,2018-07-16,2161
560,2018-07-17,2133
561,2018-07-18,2123
562,2018-07-19,2194
563,2018-07-20,2069
564,2018-07-21,2270
565,2018-07-22,1949
566,2018-07-23,1643
567,2018-07-24,1524
568,2018-07-25,1606
569,2018-07-26,1592
570,2018-07-27,1352
571,2018-07-28,1417
572,2018-07-29,1918
573,2018-07-30,1696
574,2018-07-31,1463
575,2018-08-01,1153
576,2018-08-02,1173
577,2018-08-03,1192
578,2018-08-04,1613
579,2018-08-05,1636
580,2018-08-06,1161
581,2018-08-07,1352
582,2018-08-08,1394
583,2018-08-09,1024
584,2018-08-10,1298
585,2018-08-11,1991
586,2018-08-12,1892
587,2018-08-13,1510
588,2018-08-14,1581
589,2018-08-15,1792
590,2018-08-16,1905
591,2018-08-17,2799
592,2018-08-18,4676
593,2018-08-19,4211
594,2018-08-20,2341
595,2018-08-21,2348
596,2018-08-22,1817
597,2018-08-23,805
598,2018-08-24,948
599,2018-08-25,4274
600,2018-08-26,2941
601,2018-08-27,1295
602,2018-08-28,611
603,2018-08-29,557
604,2018-08-30,1393
605,2018-08-31,2563
606,2018-09-01,3760
607,2018-09-02,4875
608,2018-09-03,913
609,2018-09-04,2818
610,2018-09-05,3141
611,2018-09-06,2264
612,2018-09-07,3292
613,2018-09-08,6355
614,2018-09-09,6298
615,2018-09-10,3340
616,2018-09-11,3002
617,2018-09-12,3283
618,2018-09-13,2963
619,2018-09-14,2650
620,2018-09-15,3810
621,2018-09-16,2127
622,2018-09-17,2983
623,2018-09-18,2825
624,2018-09-19,2112
625,2018-09-20,951
626,2018-09-21,1604
627,2018-09-22,4927
628,2018-09-23,4603
629,2018-09-24,5406
630,2018-09-25,6973
631,2018-09-26,7149
632,2018-09-27,3800
633,2018-09-28,3650
634,2018-09-29,7170
635,2018-09-30,5862
636,2018-10-01,2474
637,2018-10-02,2812
638,2018-10-03,6966
639,2018-10-04,2946
640,2018-10-05,606
641,2018-10-06,3206
642,2018-10-07,6099
643,2018-10-08,3722
644,2018-10-09,5278
645,2018-10-10,1672
646,2018-10-11,1499
647,2018-10-12,2032
648,2018-10-13,3690
649,2018-10-14,4071
650,2018-10-15,2109
651,2018-10-16,1876
652,2018-10-17,1841
653,2018-10-18,1702
654,2018-10-19,2271
655,2018-10-20,3721
656,2018-10-21,3960
657,2018-10-22,2068
658,2018-10-23,1304
659,2018-10-24,1777
660,2018-10-25,1932
661,2018-10-26,968
662,2018-10-27,1706
663,2018-10-28,1170
664,2018-10-29,870
665,2018-10-30,843
666,2018-10-31,929
667,2018-11-01,1381
668,2018-11-02,1549
669,2018-11-03,2563
670,2018-11-04,2790
671,2018-11-05,1408
672,2018-11-06,1091
673,2018-11-07,748
674,2018-11-08,281
675,2018-11-09,943
676,2018-11-10,1714
677,2018-11-11,1093
678,2018-11-12,972
679,2018-11-13,1012
680,2018-11-14,1057
681,2018-11-15,995
682,2018-11-16,962
683,2018-11-17,1243
684,2018-11-18,1330
685,2018-11-19,810
686,2018-11-20,766
687,2018-11-21,515
688,2018-11-22,513
689,2018-11-23,573
690,2018-11-24,367
691,2018-11-25,922
692,2018-11-26,661
693,2018-11-27,455
694,2018-11-28,567
695,2018-11-29,542
696,2018-11-30,598
697,2018-12-01,1002
698,2018-12-02,1058
699,2018-12-03,339
700,2018-12-04,427
701,2018-12-05,430
702,2018-12-06,386
703,2018-12-07,175
704,2018-12-08,187
705,2018-12-09,197
706,2018-12-10,231
707,2018-12-11,300
708,2018-12-12,263
709,2018-12-13,152
710,2018-12-14,214
711,2018-12-15,313
712,2018-12-16,315
713,2018-12-17,321
714,2018-12-18,416
715,2018-12-19,429
716,2018-12-20,539
717,2018-12-21,798
718,2018-12-22,636
719,2018-12-23,599
720,2018-12-24,338
721,2018-12-25,497
722,2018-12-26,338
723,2018-12-27,159
724,2018-12-28,150
725,2018-12-29,168
726,2018-12-30,223
727,2018-12-31,245
728,2019-01-01,371
729,2019-01-02,295
730,2019-01-03,342
731,2019-01-04,352
732,2019-01-05,389
733,2019-01-06,455
734,2019-01-07,345
735,2019-01-08,329
736,2019-01-09,305
737,2019-01-10,361
738,2019-01-11,462
739,2019-01-12,576
740,2019-01-13,534
741,2019-01-14,310
742,2019-01-15,303
743,2019-01-16,317
744,2019-01-17,386
745,2019-01-18,412
746,2019-01-19,585
747,2019-01-20,453
748,2019-01-21,380
749,2019-01-22,526
750,2019-01-23,525
751,2019-01-24,527
752,2019-01-25,437
753,2019-01-26,484
754,2019-01-27,568
755,2019-01-28,419
756,2019-01-29,475
757,2019-01-30,544
758,2019-01-31,390
759,2019-02-01,334
760,2019-02-02,486
761,2019-02-03,160
762,2019-02-04,496
763,2019-02-05,725
764,2019-02-06,865
765,2019-02-07,437
766,2019-02-08,328
767,2019-02-09,376
768,2019-02-10,415
769,2019-02-11,431
770,2019-02-12,432
771,2019-02-13,385
772,2019-02-14,493
773,2019-02-15,290
774,2019-02-16,493
775,2019-02-17,693
776,2019-02-18,601
777,2019-02-19,369
778,2019-02-20,582
779,2019-02-21,666
780,2019-02-22,725
781,2019-02-23,1636
782,2019-02-24,1912
783,2019-02-25,970
784,2019-02-26,1289
785,2019-02-27,1228
786,2019-02-28,1261
787,2019-03-01,1518
788,2019-03-02,1527
789,2019-03-03,1850
790,2019-03-04,1074
791,2019-03-05,701
792,2019-03-06,698
793,2019-03-07,1096
794,2019-03-08,1280
795,2019-03-09,2412
796,2019-03-10,2577
797,2019-03-11,1051
798,2019-03-12,722
799,2019-03-13,830
800,2019-03-14,915
801,2019-03-15,722
802,2019-03-16,1781
803,2019-03-17,3393
804,2019-03-18,1531
805,2019-03-19,1690
806,2019-03-20,620
807,2019-03-21,834
808,2019-03-22,1055
809,2019-03-23,1245
810,2019-03-24,2868
811,2019-03-25,1179
812,2019-03-26,1869
813,2019-03-27,1173
814,2019-03-28,1441
815,2019-03-29,2036
816,2019-03-30,858
817,2019-03-31,1369
818,2019-04-01,1399
819,2019-04-02,1721
820,2019-04-03,1736
821,2019-04-04,1921
822,2019-04-05,2403
823,2019-04-06,1697
824,2019-04-07,6689
825,2019-04-08,3121
826,2019-04-09,1064
827,2019-04-10,967
828,2019-04-11,2372
829,2019-04-12,3191
830,2019-04-13,5648
831,2019-04-14,2328
832,2019-04-15,2833
833,2019-04-16,3175
834,2019-04-17,3356
835,2019-04-18,1819
836,2019-04-19,3424
837,2019-04-20,5178
838,2019-04-21,5605
839,2019-04-22,3670
840,2019-04-23,2573
841,2019-04-24,2902
842,2019-04-25,1074
843,2019-04-26,1110
844,2019-04-27,6294
845,2019-04-28,5006
846,2019-04-29,2861
847,2019-04-30,3882
848,2019-05-01,6760
849,2019-05-02,3957
850,2019-05-03,4612
851,2019-05-04,7015
852,2019-05-05,8006
853,2019-05-06,8525
854,2019-05-07,3559
855,2019-05-08,3181
856,2019-05-09,3427
857,2019-05-10,4157
858,2019-05-11,7220
859,2019-05-12,7396
860,2019-05-13,3199
861,2019-05-14,3993
862,2019-05-15,3712
863,2019-05-16,3550
864,2019-05-17,3980
865,2019-05-18,6520
866,2019-05-19,1331
867,2019-05-20,3188
868,2019-05-21,3595
869,2019-05-22,3488
870,2019-05-23,3290
871,2019-05-24,3506
872,2019-05-25,5715
873,2019-05-26,6237
874,2019-05-27,1456
875,2019-05-28,3452
876,2019-05-29,3213
877,2019-05-30,2724
878,2019-05-31,3524
879,2019-06-01,5874
880,2019-06-02,5877
881,2019-06-03,3407
882,2019-06-04,3005
883,2019-06-05,3184
884,2019-06-06,2316
885,2019-06-07,2923
886,2019-06-08,5916
887,2019-06-09,3697
888,2019-06-10,2467
889,2019-06-11,3383
890,2019-06-12,2995
891,2019-06-13,2944
892,2019-06-14,3312
893,2019-06-15,4382
894,2019-06-16,6425
895,2019-06-17,3610
896,2019-06-18,1625
897,2019-06-19,2707
898,2019-06-20,3235
899,2019-06-21,2952
900,2019-06-22,5830
901,2019-06-23,5721
902,2019-06-24,3892
903,2019-06-25,3384
904,2019-06-26,2484
905,2019-06-27,2635
906,2019-06-28,2566
907,2019-06-29,3734
908,2019-06-30,4311
909,2019-07-01,3834
910,2019-07-02,3508
911,2019-07-03,3318
912,2019-07-04,3255
913,2019-07-05,2912
914,2019-07-06,3584
915,2019-07-07,4350
916,2019-07-08,3697
917,2019-07-09,3491
918,2019-07-10,1549
919,2019-07-11,1951
920,2019-07-12,3143
921,2019-07-13,4547
922,2019-07-14,4204
923,2019-07-15,1803
924,2019-07-16,2475
925,2019-07-17,2482
926,2019-07-18,2468
927,2019-07-19,2173
928,2019-07-20,2313
929,2019-07-21,2240
930,2019-07-22,2683
931,2019-07-23,2497
932,2019-07-24,1598
933,2019-07-25,901
934,2019-07-26,634
935,2019-07-27,2043
936,2019-07-28,990
937,2019-07-29,2147
938,2019-07-30,1905
939,2019-07-31,762
940,2019-08-01,1711
941,2019-08-02,1950
942,2019-08-03,1893
943,2019-08-04,2174
944,2019-08-05,1706
945,2019-08-06,1672
946,2019-08-07,1508
947,2019-08-08,1871
948,2019-08-09,1871
949,2019-08-10,2107
950,2019-08-11,1782
951,2019-08-12,725
952,2019-08-13,1528
953,2019-08-14,1536
954,2019-08-15,1266
955,2019-08-16,2415
956,2019-08-17,3828
957,2019-08-18,4425
958,2019-08-19,3032
959,2019-08-20,2777
960,2019-08-21,1767
961,2019-08-22,2650
962,2019-08-23,3316
963,2019-08-24,5286
964,2019-08-25,5437
965,2019-08-26,3338
966,2019-08-27,3214
967,2019-08-28,3217
968,2019-08-29,2148
969,2019-08-30,3698
970,2019-08-31,6127
971,2019-09-01,6256
972,2019-09-02,3512
973,2019-09-03,2029
974,2019-09-04,770
975,2019-09-05,772
976,2019-09-06,675
977,2019-09-07,424
978,2019-09-08,3148
979,2019-09-09,1701
980,2019-09-10,792
981,2019-09-11,2649
982,2019-09-12,1838
983,2019-09-13,5360
984,2019-09-14,3156
985,2019-09-15,5576
986,2019-09-16,3331
987,2019-09-17,3247
988,2019-09-18,3392
989,2019-09-19,3216
990,2019-09-20,3419
991,2019-09-21,4627
992,2019-09-22,1806
993,2019-09-23,3035
994,2019-09-24,3194
995,2019-09-25,3096
996,2019-09-26,2948
997,2019-09-27,3413
998,2019-09-28,5721
999,2019-09-29,5664
1000,2019-09-30,3075
1001,2019-10-01,2675
1002,2019-10-02,795
1003,2019-10-03,5045
1004,2019-10-04,3900
1005,2019-10-05,4968
1006,2019-10-06,4830
1007,2019-10-07,842
1008,2019-10-08,2205
1009,2019-10-09,5011
1010,2019-10-10,2024
1011,2019-10-11,2922
1012,2019-10-12,4367
1013,2019-10-13,4775
1014,2019-10-14,1955
1015,2019-10-15,2062
1016,2019-10-16,2063
1017,2019-10-17,1988
1018,2019-10-18,2600
1019,2019-10-19,4405
1020,2019-10-20,4226
1021,2019-10-21,2142
1022,2019-10-22,2196
1023,2019-10-23,2005
1024,2019-10-24,2154
1025,2019-10-25,2323
1026,2019-10-26,2621
1027,2019-10-27,3028
1028,2019-10-28,1370
1029,2019-10-29,1241
1030,2019-10-30,1353
1031,2019-10-31,1496
1032,2019-11-01,1969
1033,2019-11-02,2817
1034,2019-11-03,3203
1035,2019-11-04,1837
1036,2019-11-05,1607
1037,2019-11-06,1403
1038,2019-11-07,1166
1039,2019-11-08,1197
1040,2019-11-09,2378
1041,2019-11-10,1690
1042,2019-11-11,1111
1043,2019-11-12,1146
1044,2019-11-13,591
1045,2019-11-14,622
1046,2019-11-15,376
1047,2019-11-16,1523
1048,2019-11-17,623
1049,2019-11-18,538
1050,2019-11-19,414
1051,2019-11-20,527
1052,2019-11-21,688
1053,2019-11-22,1058
1054,2019-11-23,2216
1055,2019-11-24,996
1056,2019-11-25,728
1057,2019-11-26,920
1058,2019-11-27,688
1059,2019-11-28,712
1060,2019-11-29,671
1061,2019-11-30,1100
1062,2019-12-01,457
1063,2019-12-02,521
1064,2019-12-03,441
1065,2019-12-04,515
1066,2019-12-05,339
1067,2019-12-06,315
1068,2019-12-07,437
1069,2019-12-08,526
1070,2019-12-09,416
1071,2019-12-10,482
1072,2019-12-11,423
1073,2019-12-12,472
1074,2019-12-13,434
1075,2019-12-14,688
1076,2019-12-15,1007
1077,2019-12-16,803
1078,2019-12-17,448
1079,2019-12-18,514
1080,2019-12-19,430
1081,2019-12-20,436
1082,2019-12-21,421
1083,2019-12-22,729
1084,2019-12-23,449
1085,2019-12-24,524
1086,2019-12-25,703
1087,2019-12-26,450
1088,2019-12-27,402
1089,2019-12-28,627
1090,2019-12-29,581
1091,2019-12-30,368
1092,2019-12-31,269
1093,2020-01-01,509
1094,2020-01-02,431
1095,2020-01-03,530
1096,2020-01-04,635
1097,2020-01-05,709
1098,2020-01-06,346
1099,2020-01-07,158
1100,2020-01-08,336
1101,2020-01-09,403
1102,2020-01-10,462
1103,2020-01-11,565
1104,2020-01-12,547
1105,2020-01-13,463
1106,2020-01-14,410
1107,2020-01-15,393
1108,2020-01-16,425
1109,2020-01-17,432
1110,2020-01-18,615
1111,2020-01-19,468
1112,2020-01-20,450
1113,2020-01-21,462
1114,2020-01-22,499
1115,2020-01-23,616
1116,2020-01-24,674
1117,2020-01-25,804
1118,2020-01-26,1143
1119,2020-01-27,581
1120,2020-01-28,606
1121,2020-01-29,735
1122,2020-01-30,803
1123,2020-01-31,733
1124,2020-02-01,832
1125,2020-02-02,772
1126,2020-02-03,573
1127,2020-02-04,435
1128,2020-02-05,268
1129,2020-02-06,269
1130,2020-02-07,359
1131,2020-02-08,556
1132,2020-02-09,725
1133,2020-02-10,750
1134,2020-02-11,1004
1135,2020-02-12,381
1136,2020-02-13,781
1137,2020-02-14,1097
1138,2020-02-15,1226
1139,2020-02-16,348
1140,2020-02-17,272
1141,2020-02-18,462
1142,2020-02-19,685
1143,2020-02-20,878
1144,2020-02-21,587
1145,2020-02-22,563
1146,2020-02-23,1133
1147,2020-02-24,892
1148,2020-02-25,428
1149,2020-02-26,979
1150,2020-02-27,1343
1151,2020-02-28,395
1152,2020-02-29,2253
1153,2020-03-01,1529
1154,2020-03-02,1398
1155,2020-03-03,1334
1156,2020-03-04,886
1157,2020-03-05,1166
1158,2020-03-06,1574
1159,2020-03-07,3118
1160,2020-03-08,5796
1161,2020-03-09,3187
1162,2020-03-10,681
1163,2020-03-11,2127
1164,2020-03-12,2437
1165,2020-03-13,1895
1166,2020-03-14,3098
1167,2020-03-15,2653
1168,2020-03-16,1725
1169,2020-03-17,1859
1170,2020-03-18,3633
1171,2020-03-19,1128
1172,2020-03-20,2734
1173,2020-03-21,6250
1174,2020-03-22,7846
1175,2020-03-23,4766
1176,2020-03-24,5146
1177,2020-03-25,5340
1178,2020-03-26,2385
1179,2020-03-27,4037
1180,2020-03-28,6759
1181,2020-03-29,8839
1182,2020-03-30,4720
1183,2020-03-31,4998
1184,2020-04-01,4345
1185,2020-04-02,4321
1186,2020-04-03,4690
1187,2020-04-04,6339
1188,2020-04-05,6151
1189,2020-04-06,3783
1190,2020-04-07,3735
1191,2020-04-08,3456
1192,2020-04-09,3327
1193,2020-04-10,3560
1194,2020-04-11,6299
1195,2020-04-12,5502
1196,2020-04-13,4030
1197,2020-04-14,4334
1198,2020-04-15,7850
1199,2020-04-16,4102
1200,2020-04-17,1613
1201,2020-04-18,9192
1202,2020-04-19,2392
1203,2020-04-20,1730
1204,2020-04-21,1660
1205,2020-04-22,1222
1206,2020-04-23,1818
1207,2020-04-24,2566
1208,2020-04-25,5580
1209,2020-04-26,7939
1210,2020-04-27,3192
1211,2020-04-28,3571
1212,2020-04-29,4042
1213,2020-04-30,9115
1214,2020-05-01,8178
1215,2020-05-02,7871
1216,2020-05-03,8406
1217,2020-05-04,5871
1218,2020-05-05,7347
1219,2020-05-06,4163
1220,2020-05-07,4000
1221,2020-05-08,2257
1222,2020-05-09,661
1223,2020-05-10,4578
1224,2020-05-11,2851
1225,2020-05-12,2777
1226,2020-05-13,3551
1227,2020-05-14,3126
1228,2020-05-15,812
1229,2020-05-16,4010
1230,2020-05-17,6547
1231,2020-05-18,1216
1232,2020-05-19,1813
1233,2020-05-20,3119
1234,2020-05-21,3522
1235,2020-05-22,3375
1236,2020-05-23,7303
1237,2020-05-24,5666
1238,2020-05-25,3590
1239,2020-05-26,2042
1240,2020-05-27,3845
1241,2020-05-28,3646
1242,2020-05-29,4113
1243,2020-05-30,7279
1244,2020-05-31,6427
1245,2020-06-01,3779
1246,2020-06-02,2169
1247,2020-06-03,3390
1248,2020-06-04,3031
1249,2020-06-05,3986
1250,2020-06-06,6553
1251,2020-06-07,6282
1252,2020-06-08,3365
1253,2020-06-09,3107
1254,2020-06-10,1551
1255,2020-06-11,2635
1256,2020-06-12,3190
1257,2020-06-13,4179
1258,2020-06-14,4989
1259,2020-06-15,3195
1260,2020-06-16,3085
1261,2020-06-17,3204
1262,2020-06-18,3350
1263,2020-06-19,3634
1264,2020-06-20,5871
1265,2020-06-21,5070
1266,2020-06-22,2786
1267,2020-06-23,2534
1268,2020-06-24,1372
1269,2020-06-25,1591
1270,2020-06-26,3602
1271,2020-06-27,7049
1272,2020-06-28,6982
1273,2020-06-29,2609
1274,2020-06-30,2041
