date,temp
2015-01-01,-7.7
2015-01-02,-6.0
2015-01-03,-2.7
2015-01-04,2.5
2015-01-05,3.7
2015-01-06,-3.2
2015-01-07,-5.5
2015-01-08,-5.1
2015-01-09,-2.1
2015-01-10,-0.3
2015-01-11,-0.4
2015-01-12,-2.7
2015-01-13,0.2
2015-01-14,2.5
2015-01-15,2.8
2015-01-16,0.8
2015-01-17,-4.1
2015-01-18,-1.3
2015-01-19,-0.1
2015-01-20,-0.9
2015-01-21,2.6
2015-01-22,3.1
2015-01-23,1.2
2015-01-24,3.7
2015-01-25,3.0
2015-01-26,3.6
2015-01-27,-3.6
2015-01-28,-4.1
2015-01-29,-1.1
2015-01-30,-3.3
2015-01-31,-4.5
2015-02-01,-3.0
2015-02-02,-0.6
2015-02-03,0.6
2015-02-04,0.4
2015-02-05,-0.1
2015-02-06,0.4
2015-02-07,1.2
2015-02-08,-9.8
2015-02-09,-5.7
2015-02-10,1.7
2015-02-11,2.7
2015-02-12,-2.2
2015-02-13,-1.6
2015-02-14,2.0
2015-02-15,7.9
2015-02-16,5.0
2015-02-17,1.9
2015-02-18,0.8
2015-02-19,2.2
2015-02-20,5.2
2015-02-21,5.7
2015-02-22,3.5
2015-02-23,0.9
2015-02-24,2.1
2015-02-25,5.4
2015-02-26,1.2
2015-02-27,-1.3
2015-02-28,2.7
2015-03-01,2.4
2015-03-02,3.9
2015-03-03,2.8
2015-03-04,-2.1
2015-03-05,-0.3
2015-03-06,2.9
2015-03-07,4.2
2015-03-08,7.7
2015-03-09,2.2
2015-03-10,-3.4
2015-03-11,0.4
2015-03-12,2.1
2015-03-13,5.6
2015-03-14,4.3
2015-03-15,5.5
2015-03-16,9.8
2015-03-17,10.7
2015-03-18,10.7
2015-03-19,12.4
2015-03-20,13.4
2015-03-21,11.7
2015-03-22,8.3
2015-03-23,4.6
2015-03-24,5.4
2015-03-25,6.5
2015-03-26,7.9
2015-03-27,9.1
2015-03-28,9.7
2015-03-29,10.5
2015-03-30,13.2
2015-03-31,12.9
2015-04-01,12.9
2015-04-02,14.8
2015-04-03,10.6
2015-04-04,13.5
2015-04-05,10.5
2015-04-06,10.3
2015-04-07,8.4
2015-04-08,8.3
2015-04-09,9.6
2015-04-10,11.6
2015-04-11,13.5
2015-04-12,14.9
2015-04-13,12.0
2015-04-14,6.9
2015-04-15,11.1
2015-04-16,9.9
2015-04-17,10.5
2015-04-18,15.2
2015-04-19,14.5
2015-04-20,12.2
2015-04-21,14.0
2015-04-22,14.2
2015-04-23,14.5
2015-04-24,15.7
2015-04-25,15.9
2015-04-26,17.3
2015-04-27,18.5
2015-04-28,20.3
2015-04-29,17.0
2015-04-30,21.2
2015-05-01,21.0
2015-05-02,20.7
2015-05-03,18.3
2015-05-04,16.1
2015-05-05,14.2
2015-05-06,15.4
2015-05-07,16.5
2015-05-08,16.7
2015-05-09,17.6
2015-05-10,19.1
2015-05-11,18.4
2015-05-12,13.3
2015-05-13,17.4
2015-05-14,20.4
2015-05-15,19.1
2015-05-16,18.0
2015-05-17,18.6
2015-05-18,17.7
2015-05-19,14.8
2015-05-20,16.3
2015-05-21,18.7
2015-05-22,20.0
2015-05-23,20.6
2015-05-24,21.0
2015-05-25,20.8
2015-05-26,21.5
2015-05-27,23.2
2015-05-28,24.3
2015-05-29,23.8
2015-05-30,19.8
2015-05-31,22.1
2015-06-01,21.7
2015-06-02,23.1
2015-06-03,23.3
2015-06-04,24.2
2015-06-05,19.1
2015-06-06,22.4
2015-06-07,23.4
2015-06-08,22.4
2015-06-09,22.2
2015-06-10,25.3
2015-06-11,24.6
2015-06-12,23.6
2015-06-13,24.7
2015-06-14,22.8
2015-06-15,24.2
2015-06-16,25.0
2015-06-17,23.4
2015-06-18,24.8
2015-06-19,24.5
2015-06-20,19.6
2015-06-21,22.4
2015-06-22,24.0
2015-06-23,24.7
2015-06-24,25.7
2015-06-25,24.8
2015-06-26,21.0
2015-06-27,25.2
2015-06-28,25.4
2015-06-29,25.7
2015-06-30,24.4
2015-07-01,23.7
2015-07-02,23.7
2015-07-03,23.3
2015-07-04,24.1
2015-07-05,24.2
2015-07-06,25.3
2015-07-07,25.6
2015-07-08,23.4
2015-07-09,26.5
2015-07-10,29.2
2015-07-11,30.4
2015-07-12,24.8
2015-07-13,23.1
2015-07-14,26.1
2015-07-15,27.9
2015-07-16,24.7
2015-07-17,23.6
2015-07-18,24.3
2015-07-19,25.1
2015-07-20,27.5
2015-07-21,27.0
2015-07-22,27.7
2015-07-23,26.9
2015-07-24,24.7
2015-07-25,25.0
2015-07-26,26.0
2015-07-27,26.2
2015-07-28,27.7
2015-07-29,26.7
2015-07-30,28.6
2015-07-31,27.9
2015-08-01,28.2
2015-08-02,26.5
2015-08-03,27.9
2015-08-04,27.5
2015-08-05,28.6
2015-08-06,29.3
2015-08-07,28.9
2015-08-08,26.6
2015-08-09,26.7
2015-08-10,27.0
2015-08-11,26.8
2015-08-12,27.3
2015-08-13,26.5
2015-08-14,26.9
2015-08-15,27.1
2015-08-16,25.8
2015-08-17,26.6
2015-08-18,27.9
2015-08-19,26.8
2015-08-20,25.4
2015-08-21,25.2
2015-08-22,25.5
2015-08-23,26.3
2015-08-24,26.3
2015-08-25,21.7
2015-08-26,21.9
2015-08-27,24.7
2015-08-28,23.2
2015-08-29,24.4
2015-08-30,24.9
2015-08-31,25.9
2015-09-01,25.9
2015-09-02,23.9
2015-09-03,23.9
2015-09-04,24.8
2015-09-05,21.9
2015-09-06,22.2
2015-09-07,22.6
2015-09-08,22.7
2015-09-09,22.4
2015-09-10,22.4
2015-09-11,21.0
2015-09-12,19.2
2015-09-13,20.2
2015-09-14,22.1
2015-09-15,22.8
2015-09-16,21.6
2015-09-17,21.4
2015-09-18,21.9
2015-09-19,22.3
2015-09-20,22.1
2015-09-21,22.6
2015-09-22,23.9
2015-09-23,22.0
2015-09-24,23.4
2015-09-25,23.4
2015-09-26,22.4
2015-09-27,21.9
2015-09-28,21.4
2015-09-29,22.1
2015-09-30,21.3
2015-10-01,16.3
2015-10-02,16.5
2015-10-03,19.2
2015-10-04,16.6
2015-10-05,18.0
2015-10-06,18.7
2015-10-07,19.6
2015-10-08,20.1
2015-10-09,16.2
2015-10-10,12.8
2015-10-11,10.8
2015-10-12,12.3
2015-10-13,15.0
2015-10-14,17.1
2015-10-15,17.9
2015-10-16,17.5
2015-10-17,18.7
2015-10-18,17.9
2015-10-19,18.1
2015-10-20,18.8
2015-10-21,17.9
2015-10-22,17.5
2015-10-23,17.5
2015-10-24,16.9
2015-10-25,16.3
2015-10-26,15.0
2015-10-27,12.1
2015-10-28,9.9
2015-10-29,8.4
2015-10-30,5.4
2015-10-31,5.7
2015-11-01,7.0
2015-11-02,10.8
2015-11-03,11.8
2015-11-04,12.2
2015-11-05,13.2
2015-11-06,13.5
2015-11-07,10.5
2015-11-08,11.1
2015-11-09,10.8
2015-11-10,10.0
2015-11-11,11.6
2015-11-12,14.5
2015-11-13,11.5
2015-11-14,12.8
2015-11-15,13.4
2015-11-16,12.2
2015-11-17,13.9
2015-11-18,10.4
2015-11-19,8.9
2015-11-20,9.8
2015-11-21,9.2
2015-11-22,10.2
2015-11-23,8.5
2015-11-24,5.6
2015-11-25,2.4
2015-11-26,-2.7
2015-11-27,-2.8
2015-11-28,0.1
2015-11-29,2.5
2015-11-30,4.1
2015-12-01,4.0
2015-12-02,6.0
2015-12-03,-0.7
2015-12-04,-0.4
2015-12-05,3.4
2015-12-06,1.3
2015-12-07,1.9
2015-12-08,2.9
2015-12-09,5.0
2015-12-10,7.8
2015-12-11,6.4
2015-12-12,5.2
2015-12-13,5.2
2015-12-14,5.0
2015-12-15,4.7
2015-12-16,-1.0
2015-12-17,-4.6
2015-12-18,-3.3
2015-12-19,-0.1
2015-12-20,1.5
2015-12-21,2.2
2015-12-22,3.1
2015-12-23,5.9
2015-12-24,1.5
2015-12-25,-0.8
2015-12-26,0.9
2015-12-27,-5.7
2015-12-28,-5.7
2015-12-29,-3.2
2015-12-30,0.3
2015-12-31,0.7
2016-01-01,1.2
2016-01-02,5.7
2016-01-03,6.5
2016-01-04,2.0
2016-01-05,-2.7
2016-01-06,-1.7
2016-01-07,-3.4
2016-01-08,-3.3
2016-01-09,-2.1
2016-01-10,0.3
2016-01-11,-3.8
2016-01-12,-5.2
2016-01-13,-4.5
2016-01-14,-3.4
2016-01-15,-0.4
2016-01-16,-0.2
2016-01-17,1.7
2016-01-18,-6.3
2016-01-19,-12.8
2016-01-20,-10.5
2016-01-21,-7.1
2016-01-22,-7.6
2016-01-23,-11.5
2016-01-24,-14.4
2016-01-25,-9.4
2016-01-26,-3.3
2016-01-27,-1.1
2016-01-28,-0.5
2016-01-29,1.9
2016-01-30,0.6
2016-01-31,-3.9
2016-02-01,-6.0
2016-02-02,-5.3
2016-02-03,-2.4
2016-02-04,-0.7
2016-02-05,-2.2
2016-02-06,-3.1
2016-02-07,-2.9
2016-02-08,1.3
2016-02-09,0.3
2016-02-10,2.7
2016-02-11,8.1
2016-02-12,8.4
2016-02-13,11.0
2016-02-14,-2.6
2016-02-15,-5.8
2016-02-16,-2.7
2016-02-17,0.0
2016-02-18,3.5
2016-02-19,2.3
2016-02-20,1.3
2016-02-21,-0.6
2016-02-22,1.1
2016-02-23,0.7
2016-02-24,-3.0
2016-02-25,-0.2
2016-02-26,2.2
2016-02-27,3.3
2016-02-28,0.7
2016-02-29,-3.8
2016-03-01,-2.7
2016-03-02,3.1
2016-03-03,8.1
2016-03-04,13.2
2016-03-05,11.3
2016-03-06,7.9
2016-03-07,8.1
2016-03-08,2.7
2016-03-09,0.3
2016-03-10,-1.1
2016-03-11,-0.5
2016-03-12,2.0
2016-03-13,3.7
2016-03-14,4.7
2016-03-15,5.2
2016-03-16,7.5
2016-03-17,9.3
2016-03-18,13.4
2016-03-19,11.4
2016-03-20,10.6
2016-03-21,9.9
2016-03-22,8.0
2016-03-23,8.2
2016-03-24,7.2
2016-03-25,7.1
2016-03-26,6.5
2016-03-27,7.2
2016-03-28,9.8
2016-03-29,11.3
2016-03-30,11.5
2016-03-31,13.5
2016-04-01,15.3
2016-04-02,15.0
2016-04-03,10.7
2016-04-04,12.3
2016-04-05,11.4
2016-04-06,14.4
2016-04-07,14.1
2016-04-08,11.1
2016-04-09,10.7
2016-04-10,13.4
2016-04-11,12.5
2016-04-12,14.1
2016-04-13,15.6
2016-04-14,12.4
2016-04-15,15.0
2016-04-16,14.9
2016-04-17,10.8
2016-04-18,11.2
2016-04-19,12.0
2016-04-20,14.3
2016-04-21,13.5
2016-04-22,13.5
2016-04-23,13.5
2016-04-24,15.5
2016-04-25,17.2
2016-04-26,21.1
2016-04-27,17.2
2016-04-28,17.2
2016-04-29,16.2
2016-04-30,15.9
2016-05-01,18.8
2016-05-02,21.1
2016-05-03,12.9
2016-05-04,15.7
2016-05-05,18.9
2016-05-06,16.3
2016-05-07,16.5
2016-05-08,19.4
2016-05-09,20.2
2016-05-10,14.5
2016-05-11,16.4
2016-05-12,17.8
2016-05-13,18.6
2016-05-14,20.2
2016-05-15,17.4
2016-05-16,15.9
2016-05-17,19.3
2016-05-18,22.3
2016-05-19,24.3
2016-05-20,24.0
2016-05-21,24.1
2016-05-22,24.7
2016-05-23,23.3
2016-05-24,16.8
2016-05-25,19.7
2016-05-26,19.4
2016-05-27,20.9
2016-05-28,21.7
2016-05-29,21.5
2016-05-30,22.1
2016-05-31,21.6
2016-06-01,23.3
2016-06-02,23.2
2016-06-03,22.2
2016-06-04,21.2
2016-06-05,24.7
2016-06-06,23.3
2016-06-07,21.7
2016-06-08,22.1
2016-06-09,24.1
2016-06-10,24.6
2016-06-11,23.5
2016-06-12,23.5
2016-06-13,23.5
2016-06-14,23.8
2016-06-15,20.9
2016-06-16,20.9
2016-06-17,23.8
2016-06-18,24.5
2016-06-19,24.1
2016-06-20,24.7
2016-06-21,26.0
2016-06-22,24.3
2016-06-23,24.7
2016-06-24,23.1
2016-06-25,22.8
2016-06-26,24.4
2016-06-27,24.4
2016-06-28,24.7
2016-06-29,25.3
2016-06-30,24.6
2016-07-01,24.0
2016-07-02,23.5
2016-07-03,23.5
2016-07-04,21.8
2016-07-05,23.1
2016-07-06,22.9
2016-07-07,24.0
2016-07-08,27.3
2016-07-09,27.7
2016-07-10,27.9
2016-07-11,28.4
2016-07-12,26.3
2016-07-13,26.3
2016-07-14,27.5
2016-07-15,26.2
2016-07-16,20.8
2016-07-17,21.7
2016-07-18,24.4
2016-07-19,27.1
2016-07-20,28.6
2016-07-21,28.3
2016-07-22,29.1
2016-07-23,28.7
2016-07-24,28.0
2016-07-25,28.4
2016-07-26,28.4
2016-07-27,27.6
2016-07-28,28.0
2016-07-29,26.3
2016-07-30,28.6
2016-07-31,28.9
2016-08-01,28.4
2016-08-02,27.2
2016-08-03,29.1
2016-08-04,30.7
2016-08-05,31.2
2016-08-06,30.5
2016-08-07,30.6
2016-08-08,30.5
2016-08-09,29.3
2016-08-10,29.4
2016-08-11,30.5
2016-08-12,30.4
2016-08-13,30.2
2016-08-14,28.9
2016-08-15,29.1
2016-08-16,29.3
2016-08-17,29.9
2016-08-18,29.9
2016-08-19,28.9
2016-08-20,30.1
2016-08-21,30.7
2016-08-22,30.7
2016-08-23,28.3
2016-08-24,29.1
2016-08-25,27.1
2016-08-26,23.0
2016-08-27,23.4
2016-08-28,21.0
2016-08-29,22.2
2016-08-30,20.6
2016-08-31,17.7
2016-09-01,23.2
2016-09-02,24.2
2016-09-03,23.9
2016-09-04,25.6
2016-09-05,26.4
2016-09-06,24.7
2016-09-07,24.3
2016-09-08,23.0
2016-09-09,23.9
2016-09-10,24.4
2016-09-11,24.5
2016-09-12,23.4
2016-09-13,24.6
2016-09-14,24.6
2016-09-15,23.9
2016-09-16,24.6
2016-09-17,23.1
2016-09-18,23.5
2016-09-19,21.9
2016-09-20,20.6
2016-09-21,20.2
2016-09-22,21.9
2016-09-23,21.4
2016-09-24,22.3
2016-09-25,23.0
2016-09-26,23.6
2016-09-27,21.0
2016-09-28,19.9
2016-09-29,20.4
2016-09-30,20.5
2016-10-01,21.1
2016-10-02,19.0
2016-10-03,22.7
2016-10-04,22.0
2016-10-05,21.1
2016-10-06,18.0
2016-10-07,19.7
2016-10-08,16.8
2016-10-09,11.3
2016-10-10,14.0
2016-10-11,15.4
2016-10-12,15.5
2016-10-13,15.2
2016-10-14,16.7
2016-10-15,19.1
2016-10-16,17.2
2016-10-17,17.5
2016-10-18,17.0
2016-10-19,18.0
2016-10-20,18.6
2016-10-21,17.9
2016-10-22,18.3
2016-10-23,13.3
2016-10-24,15.1
2016-10-25,14.1
2016-10-26,13.3
2016-10-27,14.6
2016-10-28,14.6
2016-10-29,7.8
2016-10-30,7.9
2016-10-31,5.7
2016-11-01,1.5
2016-11-02,4.1
2016-11-03,9.1
2016-11-04,12.3
2016-11-05,15.0
2016-11-06,14.0
2016-11-07,12.8
2016-11-08,4.1
2016-11-09,2.1
2016-11-10,6.0
2016-11-11,9.1
2016-11-12,11.4
2016-11-13,14.4
2016-11-14,13.2
2016-11-15,5.2
2016-11-16,5.2
2016-11-17,9.1
2016-11-18,10.3
2016-11-19,13.0
2016-11-20,9.8
2016-11-21,9.5
2016-11-22,2.0
2016-11-23,-1.8
2016-11-24,-2.5
2016-11-25,1.0
2016-11-26,0.9
2016-11-27,3.3
2016-11-28,1.4
2016-11-29,1.7
2016-11-30,6.0
2016-12-01,4.1
2016-12-02,1.6
2016-12-03,4.5
2016-12-04,5.5
2016-12-05,5.9
2016-12-06,-1.1
2016-12-07,1.7
2016-12-08,2.1
2016-12-09,1.4
2016-12-10,-1.6
2016-12-11,-1.1
2016-12-12,2.3
2016-12-13,3.4
2016-12-14,-1.4
2016-12-15,-5.0
2016-12-16,-4.7
2016-12-17,2.7
2016-12-18,4.9
2016-12-19,7.2
2016-12-20,7.6
2016-12-21,7.9
2016-12-22,5.5
2016-12-23,-2.5
2016-12-24,-2.4
2016-12-25,1.0
2016-12-26,2.5
2016-12-27,-2.3
2016-12-28,-3.7
2016-12-29,-4.2
2016-12-30,-3.9
2016-12-31,0.7
2017-01-01,2.7
2017-01-02,5.0
2017-01-03,2.0
2017-01-04,3.9
2017-01-05,3.8
2017-01-06,5.4
2017-01-07,4.6
2017-01-08,6.5
2017-01-09,1.5
2017-01-10,-3.7
2017-01-11,-3.8
2017-01-12,-2.2
2017-01-13,-6.0
2017-01-14,-8.4
2017-01-15,-6.6
2017-01-16,-3.8
2017-01-17,-2.0
2017-01-18,-0.5
2017-01-19,-1.2
2017-01-20,-4.4
2017-01-21,-5.2
2017-01-22,-8.3
2017-01-23,-8.9
2017-01-24,-7.0
2017-01-25,-5.2
2017-01-26,-1.3
2017-01-27,-2.6
2017-01-28,-1.6
2017-01-29,0.8
2017-01-30,-4.8
2017-01-31,-5.4
2017-02-01,-4.0
2017-02-02,-2.7
2017-02-03,1.5
2017-02-04,0.9
2017-02-05,1.2
2017-02-06,-1.7
2017-02-07,-2.0
2017-02-08,-2.2
2017-02-09,-5.3
2017-02-10,-6.6
2017-02-11,-4.8
2017-02-12,-2.2
2017-02-13,0.1
2017-02-14,0.3
2017-02-15,1.8
2017-02-16,5.5
2017-02-17,0.8
2017-02-18,-2.6
2017-02-19,2.3
2017-02-20,-1.5
2017-02-21,-0.6
2017-02-22,1.7
2017-02-23,-1.5
2017-02-24,-0.8
2017-02-25,2.6
2017-02-26,3.6
2017-02-27,3.7
2017-02-28,5.6
2017-03-01,5.0
2017-03-02,1.8
2017-03-03,3.3
2017-03-04,5.7
2017-03-05,5.2
2017-03-06,0.1
2017-03-07,-1.3
2017-03-08,-0.1
2017-03-09,3.2
2017-03-10,4.8
2017-03-11,7.3
2017-03-12,8.2
2017-03-13,6.9
2017-03-14,5.8
2017-03-15,6.3
2017-03-16,6.2
2017-03-17,7.7
2017-03-18,9.5
2017-03-19,10.9
2017-03-20,10.2
2017-03-21,7.4
2017-03-22,7.6
2017-03-23,9.1
2017-03-24,8.7
2017-03-25,8.1
2017-03-26,7.3
2017-03-27,6.1
2017-03-28,7.1
2017-03-29,8.8
2017-03-30,10.6
2017-03-31,8.6
2017-04-01,9.0
2017-04-02,9.0
2017-04-03,11.4
2017-04-04,14.1
2017-04-05,12.0
2017-04-06,10.4
2017-04-07,14.5
2017-04-08,13.0
2017-04-09,14.8
2017-04-10,16.5
2017-04-11,15.3
2017-04-12,11.5
2017-04-13,12.7
2017-04-14,13.0
2017-04-15,16.8
2017-04-16,18.7
2017-04-17,14.7
2017-04-18,11.7
2017-04-19,12.6
2017-04-20,12.9
2017-04-21,13.1
2017-04-22,14.8
2017-04-23,14.9
2017-04-24,15.1
2017-04-25,16.0
2017-04-26,15.1
2017-04-27,13.6
2017-04-28,14.4
2017-04-29,17.1
2017-04-30,19.3
2017-05-01,20.1
2017-05-02,20.7
2017-05-03,21.5
2017-05-04,21.0
2017-05-05,20.9
2017-05-06,14.9
2017-05-07,16.6
2017-05-08,17.9
2017-05-09,17.1
2017-05-10,16.4
2017-05-11,19.3
2017-05-12,19.1
2017-05-13,16.4
2017-05-14,15.7
2017-05-15,16.0
2017-05-16,17.1
2017-05-17,18.7
2017-05-18,20.4
2017-05-19,21.1
2017-05-20,20.9
2017-05-21,21.5
2017-05-22,21.8
2017-05-23,20.0
2017-05-24,21.8
2017-05-25,19.2
2017-05-26,17.7
2017-05-27,19.5
2017-05-28,21.2
2017-05-29,22.9
2017-05-30,23.6
2017-05-31,23.3
2017-06-01,23.3
2017-06-02,20.5
2017-06-03,20.5
2017-06-04,21.7
2017-06-05,24.2
2017-06-06,19.4
2017-06-07,17.6
2017-06-08,20.1
2017-06-09,21.2
2017-06-10,21.5
2017-06-11,22.8
2017-06-12,22.1
2017-06-13,21.5
2017-06-14,21.8
2017-06-15,23.1
2017-06-16,25.5
2017-06-17,24.2
2017-06-18,24.3
2017-06-19,24.8
2017-06-20,26.0
2017-06-21,25.4
2017-06-22,25.3
2017-06-23,26.7
2017-06-24,24.5
2017-06-25,23.8
2017-06-26,23.1
2017-06-27,25.2
2017-06-28,26.0
2017-06-29,26.2
2017-06-30,25.9
2017-07-01,25.3
2017-07-02,24.3
2017-07-03,24.7
2017-07-04,26.7
2017-07-05,27.4
2017-07-06,27.6
2017-07-07,26.4
2017-07-08,26.0
2017-07-09,26.3
2017-07-10,24.0
2017-07-11,26.0
2017-07-12,27.1
2017-07-13,27.6
2017-07-14,28.7
2017-07-15,25.0
2017-07-16,26.2
2017-07-17,26.8
2017-07-18,26.5
2017-07-19,28.3
2017-07-20,29.9
2017-07-21,29.8
2017-07-22,29.3
2017-07-23,27.0
2017-07-24,26.2
2017-07-25,29.4
2017-07-26,28.7
2017-07-27,27.1
2017-07-28,25.5
2017-07-29,27.2
2017-07-30,27.9
2017-07-31,25.7
2017-08-01,28.6
2017-08-02,30.0
2017-08-03,30.2
2017-08-04,30.3
2017-08-05,31.4
2017-08-06,29.8
2017-08-07,29.2
2017-08-08,28.2
2017-08-09,27.6
2017-08-10,24.8
2017-08-11,27.0
2017-08-12,27.8
2017-08-13,26.3
2017-08-14,24.6
2017-08-15,21.9
2017-08-16,23.3
2017-08-17,24.8
2017-08-18,26.3
2017-08-19,26.1
2017-08-20,23.2
2017-08-21,25.8
2017-08-22,27.3
2017-08-23,27.2
2017-08-24,26.5
2017-08-25,25.3
2017-08-26,24.2
2017-08-27,22.7
2017-08-28,21.5
2017-08-29,19.5
2017-08-30,19.8
2017-08-31,22.2
2017-09-01,23.3
2017-09-02,23.8
2017-09-03,23.7
2017-09-04,24.6
2017-09-05,21.9
2017-09-06,20.6
2017-09-07,22.4
2017-09-08,24.3
2017-09-09,23.8
2017-09-10,23.0
2017-09-11,21.2
2017-09-12,22.1
2017-09-13,21.4
2017-09-14,22.4
2017-09-15,22.6
2017-09-16,22.0
2017-09-17,23.1
2017-09-18,21.9
2017-09-19,22.6
2017-09-20,19.5
2017-09-21,20.3
2017-09-22,20.6
2017-09-23,21.8
2017-09-24,22.4
2017-09-25,23.4
2017-09-26,25.1
2017-09-27,22.7
2017-09-28,19.2
2017-09-29,17.4
2017-09-30,20.0
2017-10-01,18.2
2017-10-02,22.0
2017-10-03,17.6
2017-10-04,16.7
2017-10-05,18.7
2017-10-06,18.9
2017-10-07,21.9
2017-10-08,23.0
2017-10-09,22.5
2017-10-10,21.4
2017-10-11,15.5
2017-10-12,11.4
2017-10-13,12.8
2017-10-14,14.4
2017-10-15,15.8
2017-10-16,16.6
2017-10-17,16.2
2017-10-18,16.5
2017-10-19,17.0
2017-10-20,17.0
2017-10-21,17.6
2017-10-22,16.3
2017-10-23,13.7
2017-10-24,14.4
2017-10-25,14.4
2017-10-26,14.5
2017-10-27,16.9
2017-10-28,17.2
2017-10-29,11.5
2017-10-30,7.7
2017-10-31,10.4
2017-11-01,14.4
2017-11-02,15.5
2017-11-03,12.3
2017-11-04,7.8
2017-11-05,8.4
2017-11-06,11.4
2017-11-07,14.4
2017-11-08,13.1
2017-11-09,9.4
2017-11-10,9.8
2017-11-11,5.9
2017-11-12,5.3
2017-11-13,8.4
2017-11-14,7.5
2017-11-15,3.2
2017-11-16,1.0
2017-11-17,3.0
2017-11-18,-2.1
2017-11-19,-1.6
2017-11-20,-0.4
2017-11-21,1.3
2017-11-22,4.3
2017-11-23,0.9
2017-11-24,-0.4
2017-11-25,3.0
2017-11-26,3.3
2017-11-27,2.5
2017-11-28,6.4
2017-11-29,3.2
2017-11-30,-2.4
2017-12-01,-2.2
2017-12-02,1.9
2017-12-03,4.9
2017-12-04,-1.2
2017-12-05,-4.2
2017-12-06,0.2
2017-12-07,0.7
2017-12-08,-3.8
2017-12-09,-0.5
2017-12-10,1.1
2017-12-11,-7.0
2017-12-12,-9.4
2017-12-13,-8.7
2017-12-14,-6.6
2017-12-15,-3.0
2017-12-16,-5.7
2017-12-17,-6.7
2017-12-18,-1.6
2017-12-19,-3.9
2017-12-20,-3.9
2017-12-21,-0.9
2017-12-22,3.4
2017-12-23,6.1
2017-12-24,2.9
2017-12-25,-2.1
2017-12-26,-3.8
2017-12-27,-6.9
2017-12-28,-2.1
2017-12-29,2.1
2017-12-30,1.4
2017-12-31,-0.3
2018-01-01,-1.3
2018-01-02,-1.8
2018-01-03,-4.7
2018-01-04,-4.7
2018-01-05,-3.0
2018-01-06,-2.8
2018-01-07,-0.8
2018-01-08,1.3
2018-01-09,-4.2
2018-01-10,-7.5
2018-01-11,-11.1
2018-01-12,-10.2
2018-01-13,-4.4
2018-01-14,0.6
2018-01-15,4.7
2018-01-16,3.5
2018-01-17,4.5
2018-01-18,2.1
2018-01-19,1.0
2018-01-20,2.2
2018-01-21,0.4
2018-01-22,0.2
2018-01-23,-11.7
2018-01-24,-14.2
2018-01-25,-14.0
2018-01-26,-14.8
2018-01-27,-9.9
2018-01-28,-6.3
2018-01-29,-8.5
2018-01-30,-5.3
2018-01-31,-2.6
2018-02-01,-4.0
2018-02-02,-2.4
2018-02-03,-7.3
2018-02-04,-9.5
2018-02-05,-9.4
2018-02-06,-10.1
2018-02-07,-8.0
2018-02-08,-4.4
2018-02-09,0.4
2018-02-10,-0.5
2018-02-11,-6.1
2018-02-12,-5.8
2018-02-13,-0.8
2018-02-14,3.5
2018-02-15,-0.7
2018-02-16,-1.1
2018-02-17,-3.0
2018-02-18,-0.4
2018-02-19,1.8
2018-02-20,0.9
2018-02-21,-0.9
2018-02-22,1.3
2018-02-23,4.2
2018-02-24,2.4
2018-02-25,1.9
2018-02-26,3.1
2018-02-27,4.2
2018-02-28,4.6
2018-03-01,-0.2
2018-03-02,-0.7
2018-03-03,7.9
2018-03-04,9.8
2018-03-05,5.5
2018-03-06,4.5
2018-03-07,6.4
2018-03-08,4.6
2018-03-09,4.5
2018-03-10,4.6
2018-03-11,6.4
2018-03-12,8.0
2018-03-13,12.4
2018-03-14,17.0
2018-03-15,12.4
2018-03-16,7.1
2018-03-17,6.6
2018-03-18,8.2
2018-03-19,8.0
2018-03-20,4.7
2018-03-21,2.1
2018-03-22,4.9
2018-03-23,6.1
2018-03-24,7.6
2018-03-25,9.6
2018-03-26,11.0
2018-03-27,13.3
2018-03-28,14.0
2018-03-29,15.4
2018-03-30,14.8
2018-03-31,14.0
2018-04-01,15.6
2018-04-02,18.4
2018-04-03,17.8
2018-04-04,13.4
2018-04-05,7.6
2018-04-06,5.8
2018-04-07,4.2
2018-04-08,3.9
2018-04-09,7.9
2018-04-10,15.1
2018-04-11,12.6
2018-04-12,13.3
2018-04-13,14.6
2018-04-14,9.0
2018-04-15,9.5
2018-04-16,11.6
2018-04-17,12.9
2018-04-18,12.4
2018-04-19,14.0
2018-04-20,18.4
2018-04-21,18.7
2018-04-22,15.5
2018-04-23,9.3
2018-04-24,12.1
2018-04-25,14.6
2018-04-26,14.9
2018-04-27,15.7
2018-04-28,15.4
2018-04-29,16.2
2018-04-30,19.2
2018-05-01,20.4
2018-05-02,15.1
2018-05-03,11.2
2018-05-04,14.1
2018-05-05,18.3
2018-05-06,16.6
2018-05-07,19.2
2018-05-08,17.5
2018-05-09,15.7
2018-05-10,15.4
2018-05-11,16.1
2018-05-12,14.2
2018-05-13,15.8
2018-05-14,18.2
2018-05-15,23.2
2018-05-16,22.3
2018-05-17,20.9
2018-05-18,16.3
2018-05-19,17.6
2018-05-20,17.0
2018-05-21,17.8
2018-05-22,18.1
2018-05-23,17.3
2018-05-24,18.3
2018-05-25,19.7
2018-05-26,21.8
2018-05-27,20.3
2018-05-28,22.3
2018-05-29,21.4
2018-05-30,20.2
2018-05-31,20.9
2018-06-01,23.8
2018-06-02,23.4
2018-06-03,24.0
2018-06-04,22.6
2018-06-05,23.7
2018-06-06,23.0
2018-06-07,22.2
2018-06-08,21.9
2018-06-09,23.7
2018-06-10,21.3
2018-06-11,20.2
2018-06-12,21.3
2018-06-13,22.0
2018-06-14,21.6
2018-06-15,21.7
2018-06-16,22.5
2018-06-17,22.8
2018-06-18,24.8
2018-06-19,22.4
2018-06-20,22.7
2018-06-21,23.7
2018-06-22,25.0
2018-06-23,24.5
2018-06-24,25.2
2018-06-25,27.1
2018-06-26,22.3
2018-06-27,22.3
2018-06-28,23.3
2018-06-29,24.7
2018-06-30,24.4
2018-07-01,21.9
2018-07-02,22.6
2018-07-03,27.4
2018-07-04,27.3
2018-07-05,25.3
2018-07-06,23.9
2018-07-07,23.7
2018-07-08,23.3
2018-07-09,20.8
2018-07-10,23.7
2018-07-11,26.8
2018-07-12,26.6
2018-07-13,27.3
2018-07-14,27.9
2018-07-15,28.3
2018-07-16,28.7
2018-07-17,28.1
2018-07-18,28.2
2018-07-19,28.7
2018-07-20,29.5
2018-07-21,30.6
2018-07-22,31.8
2018-07-23,31.7
2018-07-24,31.4
2018-07-25,30.1
2018-07-26,30.1
2018-07-27,30.9
2018-07-28,29.5
2018-07-29,31.3
2018-07-30,31.7
2018-07-31,32.6
2018-08-01,33.6
2018-08-02,33.7
2018-08-03,33.1
2018-08-04,31.1
2018-08-05,30.0
2018-08-06,30.5
2018-08-07,30.5
2018-08-08,31.0
2018-08-09,28.8
2018-08-10,30.7
2018-08-11,31.0
2018-08-12,30.6
2018-08-13,30.5
2018-08-14,31.7
2018-08-15,31.7
2018-08-16,29.9
2018-08-17,27.2
2018-08-18,26.7
2018-08-19,28.2
2018-08-20,29.1
2018-08-21,26.6
2018-08-22,30.7
2018-08-23,29.4
2018-08-24,24.4
2018-08-25,25.2
2018-08-26,23.2
2018-08-27,22.7
2018-08-28,23.7
2018-08-29,25.2
2018-08-30,25.3
2018-08-31,25.6
2018-09-01,25.5
2018-09-02,25.1
2018-09-03,23.3
2018-09-04,23.2
2018-09-05,24.0
2018-09-06,24.1
2018-09-07,22.0
2018-09-08,21.7
2018-09-09,22.2
2018-09-10,22.9
2018-09-11,21.6
2018-09-12,22.8
2018-09-13,23.5
2018-09-14,23.5
2018-09-15,23.3
2018-09-16,22.2
2018-09-17,22.3
2018-09-18,22.0
2018-09-19,22.1
2018-09-20,19.0
2018-09-21,19.4
2018-09-22,20.8
2018-09-23,19.4
2018-09-24,17.6
2018-09-25,17.8
2018-09-26,19.4
2018-09-27,18.9
2018-09-28,17.5
2018-09-29,20.2
2018-09-30,17.6
2018-10-01,15.4
2018-10-02,15.9
2018-10-03,17.3
2018-10-04,19.3
2018-10-05,16.9
2018-10-06,18.0
2018-10-07,16.4
2018-10-08,14.8
2018-10-09,15.3
2018-10-10,12.0
2018-10-11,9.7
2018-10-12,10.9
2018-10-13,12.5
2018-10-14,13.2
2018-10-15,15.2
2018-10-16,14.5
2018-10-17,12.4
2018-10-18,12.7
2018-10-19,13.1
2018-10-20,13.4
2018-10-21,13.4
2018-10-22,14.0
2018-10-23,12.2
2018-10-24,12.5
2018-10-25,13.8
2018-10-26,12.2
2018-10-27,8.7
2018-10-28,8.3
2018-10-29,7.2
2018-10-30,6.1
2018-10-31,7.4
2018-11-01,8.4
2018-11-02,10.6
2018-11-03,11.2
2018-11-04,11.6
2018-11-05,11.9
2018-11-06,12.2
2018-11-07,12.8
2018-11-08,11.8
2018-11-09,12.1
2018-11-10,11.9
2018-11-11,8.1
2018-11-12,8.1
2018-11-13,8.8
2018-11-14,9.8
2018-11-15,9.7
2018-11-16,8.8
2018-11-17,4.9
2018-11-18,6.1
2018-11-19,6.5
2018-11-20,6.5
2018-11-21,5.8
2018-11-22,2.3
2018-11-23,1.9
2018-11-24,2.6
2018-11-25,4.8
2018-11-26,6.3
2018-11-27,7.1
2018-11-28,5.0
2018-11-29,3.5
2018-11-30,2.7
2018-12-01,5.5
2018-12-02,8.2
2018-12-03,11.5
2018-12-04,6.7
2018-12-05,0.0
2018-12-06,2.4
2018-12-07,-7.3
2018-12-08,-8.3
2018-12-09,-7.2
2018-12-10,-2.5
2018-12-11,0.2
2018-12-12,-1.9
2018-12-13,-2.2
2018-12-14,-4.4
2018-12-15,-2.4
2018-12-16,0.0
2018-12-17,1.6
2018-12-18,2.6
2018-12-19,4.0
2018-12-20,3.4
2018-12-21,5.6
2018-12-22,6.9
2018-12-23,2.4
2018-12-24,-2.3
2018-12-25,0.6
2018-12-26,-1.5
2018-12-27,-10.1
2018-12-28,-10.5
2018-12-29,-7.6
2018-12-30,-6.8
2018-12-31,-5.4
2019-01-01,-5.0
2019-01-02,-4.9
2019-01-03,-3.5
2019-01-04,-1.1
2019-01-05,-2.8
2019-01-06,-2.8
2019-01-07,-1.9
2019-01-08,-3.5
2019-01-09,-4.7
2019-01-10,-0.6
2019-01-11,2.4
2019-01-12,2.8
2019-01-13,1.2
2019-01-14,1.4
2019-01-15,-1.7
2019-01-16,-5.2
2019-01-17,-0.3
2019-01-18,0.6
2019-01-19,3.6
2019-01-20,-1.4
2019-01-21,-1.2
2019-01-22,1.7
2019-01-23,2.0
2019-01-24,0.1
2019-01-25,-1.2
2019-01-26,-2.5
2019-01-27,-0.1
2019-01-28,1.2
2019-01-29,-0.2
2019-01-30,1.8
2019-01-31,-2.0
2019-02-01,-2.1
2019-02-02,1.4
2019-02-03,3.3
2019-02-04,-0.6
2019-02-05,2.8
2019-02-06,5.1
2019-02-07,-2.1
2019-02-08,-6.1
2019-02-09,-5.4
2019-02-10,-5.0
2019-02-11,-3.0
2019-02-12,-0.6
2019-02-13,-2.1
2019-02-14,-0.5
2019-02-15,-0.8
2019-02-16,-2.7
2019-02-17,-1.8
2019-02-18,0.9
2019-02-19,1.4
2019-02-20,1.7
2019-02-21,2.4
2019-02-22,4.0
2019-02-23,6.8
2019-02-24,6.3
2019-02-25,4.7
2019-02-26,5.2
2019-02-27,7.8
2019-02-28,6.6
2019-03-01,6.6
2019-03-02,7.8
2019-03-03,9.4
2019-03-04,9.9
2019-03-05,8.4
2019-03-06,8.4
2019-03-07,7.0
2019-03-08,6.1
2019-03-09,7.2
2019-03-10,10.1
2019-03-11,6.6
2019-03-12,3.9
2019-03-13,3.5
2019-03-14,5.0
2019-03-15,5.5
2019-03-16,4.3
2019-03-17,6.3
2019-03-18,7.1
2019-03-19,10.0
2019-03-20,10.3
2019-03-21,7.1
2019-03-22,3.3
2019-03-23,3.3
2019-03-24,4.3
2019-03-25,7.3
2019-03-26,11.4
2019-03-27,11.6
2019-03-28,9.4
2019-03-29,9.2
2019-03-30,5.2
2019-03-31,4.4
2019-04-01,5.5
2019-04-02,6.7
2019-04-03,7.6
2019-04-04,9.2
2019-04-05,11.4
2019-04-06,9.3
2019-04-07,12.6
2019-04-08,11.6
2019-04-09,9.2
2019-04-10,7.1
2019-04-11,9.5
2019-04-12,11.4
2019-04-13,11.8
2019-04-14,9.6
2019-04-15,11.6
2019-04-16,14.9
2019-04-17,15.3
2019-04-18,12.6
2019-04-19,13.8
2019-04-20,14.3
2019-04-21,14.8
2019-04-22,19.3
2019-04-23,20.4
2019-04-24,19.5
2019-04-25,13.2
2019-04-26,8.4
2019-04-27,11.6
2019-04-28,12.9
2019-04-29,13.0
2019-04-30,15.5
2019-05-01,16.4
2019-05-02,17.1
2019-05-03,17.9
2019-05-04,19.5
2019-05-05,19.2
2019-05-06,14.5
2019-05-07,15.0
2019-05-08,15.6
2019-05-09,16.6
2019-05-10,17.8
2019-05-11,20.3
2019-05-12,21.6
2019-05-13,18.7
2019-05-14,19.6
2019-05-15,20.7
2019-05-16,23.5
2019-05-17,23.6
2019-05-18,22.8
2019-05-19,19.4
2019-05-20,16.4
2019-05-21,17.2
2019-05-22,19.5
2019-05-23,22.1
2019-05-24,24.2
2019-05-25,23.4
2019-05-26,24.5
2019-05-27,17.8
2019-05-28,18.1
2019-05-29,20.3
2019-05-30,19.6
2019-05-31,19.1
2019-06-01,18.9
2019-06-02,21.1
2019-06-03,23.1
2019-06-04,22.6
2019-06-05,23.0
2019-06-06,21.2
2019-06-07,20.0
2019-06-08,21.9
2019-06-09,21.6
2019-06-10,18.4
2019-06-11,20.5
2019-06-12,21.5
2019-06-13,23.0
2019-06-14,23.0
2019-06-15,21.9
2019-06-16,22.0
2019-06-17,21.7
2019-06-18,20.8
2019-06-19,21.4
2019-06-20,22.7
2019-06-21,22.1
2019-06-22,24.2
2019-06-23,25.0
2019-06-24,25.2
2019-06-25,25.6
2019-06-26,25.5
2019-06-27,25.5
2019-06-28,24.7
2019-06-29,23.1
2019-06-30,23.9
2019-07-01,23.9
2019-07-02,24.4
2019-07-03,24.1
2019-07-04,25.4
2019-07-05,27.6
2019-07-06,29.7
2019-07-07,26.7
2019-07-08,25.1
2019-07-09,25.0
2019-07-10,22.7
2019-07-11,21.9
2019-07-12,23.6
2019-07-13,24.9
2019-07-14,25.9
2019-07-15,23.8
2019-07-16,24.7
2019-07-17,25.6
2019-07-18,26.9
2019-07-19,28.6
2019-07-20,28.0
2019-07-21,25.1
2019-07-22,26.7
2019-07-23,28.1
2019-07-24,26.5
2019-07-25,26.3
2019-07-26,25.1
2019-07-27,28.4
2019-07-28,26.1
2019-07-29,27.5
2019-07-30,28.1
2019-07-31,25.8
2019-08-01,26.3
2019-08-02,28.4
2019-08-03,29.4
2019-08-04,28.3
2019-08-05,30.5
2019-08-06,31.6
2019-08-07,26.9
2019-08-08,28.9
2019-08-09,29.8
2019-08-10,31.5
2019-08-11,30.4
2019-08-12,26.6
2019-08-13,29.2
2019-08-14,30.4
2019-08-15,25.9
2019-08-16,25.9
2019-08-17,25.9
2019-08-18,25.6
2019-08-19,26.3
2019-08-20,28.2
2019-08-21,27.0
2019-08-22,26.9
2019-08-23,26.2
2019-08-24,24.1
2019-08-25,25.0
2019-08-26,26.4
2019-08-27,25.7
2019-08-28,26.1
2019-08-29,23.4
2019-08-30,22.6
2019-08-31,23.5
2019-09-01,23.7
2019-09-02,24.4
2019-09-03,24.1
2019-09-04,22.8
2019-09-05,23.0
2019-09-06,25.3
2019-09-07,25.7
2019-09-08,24.7
2019-09-09,25.1
2019-09-10,23.8
2019-09-11,24.3
2019-09-12,21.0
2019-09-13,23.3
2019-09-14,22.4
2019-09-15,24.2
2019-09-16,24.5
2019-09-17,23.5
2019-09-18,21.0
2019-09-19,19.5
2019-09-20,19.6
2019-09-21,19.6
2019-09-22,18.6
2019-09-23,20.0
2019-09-24,19.8
2019-09-25,20.9
2019-09-26,22.9
2019-09-27,22.9
2019-09-28,23.7
2019-09-29,22.6
2019-09-30,22.4
2019-10-01,23.1
2019-10-02,21.6
2019-10-03,22.4
2019-10-04,22.4
2019-10-05,18.7
2019-10-06,18.1
2019-10-07,14.8
2019-10-08,14.7
2019-10-09,13.6
2019-10-10,15.2
2019-10-11,18.8
2019-10-12,17.9
2019-10-13,17.2
2019-10-14,14.4
2019-10-15,14.5
2019-10-16,14.6
2019-10-17,15.4
2019-10-18,17.0
2019-10-19,17.0
2019-10-20,16.5
2019-10-21,17.1
2019-10-22,18.1
2019-10-23,17.0
2019-10-24,18.3
2019-10-25,16.7
2019-10-26,10.0
2019-10-27,11.0
2019-10-28,12.9
2019-10-29,12.5
2019-10-30,11.2
2019-10-31,14.8
2019-11-01,14.9
2019-11-02,13.6
2019-11-03,14.7
2019-11-04,13.8
2019-11-05,12.4
2019-11-06,11.0
2019-11-07,9.2
2019-11-08,6.8
2019-11-09,9.5
2019-11-10,10.0
2019-11-11,11.2
2019-11-12,9.3
2019-11-13,7.2
2019-11-14,1.3
2019-11-15,5.6
2019-11-16,6.8
2019-11-17,8.3
2019-11-18,4.6
2019-11-19,0.2
2019-11-20,0.5
2019-11-21,4.2
2019-11-22,9.7
2019-11-23,12.1
2019-11-24,9.8
2019-11-25,1.9
2019-11-26,6.6
2019-11-27,3.1
2019-11-28,3.5
2019-11-29,1.5
2019-11-30,4.1
2019-12-01,4.6
2019-12-02,-0.1
2019-12-03,0.5
2019-12-04,2.0
2019-12-05,-4.4
2019-12-06,-5.9
2019-12-07,-2.4
2019-12-08,-0.9
2019-12-09,3.2
2019-12-10,8.1
2019-12-11,6.3
2019-12-12,-0.7
2019-12-13,2.1
2019-12-14,2.7
2019-12-15,5.3
2019-12-16,7.8
2019-12-17,7.7
2019-12-18,0.8
2019-12-19,-0.8
2019-12-20,-1.1
2019-12-21,-1.2
2019-12-22,4.1
2019-12-23,3.4
2019-12-24,0.8
2019-12-25,2.0
2019-12-26,2.0
2019-12-27,-1.7
2019-12-28,1.1
2019-12-29,3.8
2019-12-30,2.7
2019-12-31,-7.9
2020-01-01,-2.2
2020-01-02,1.0
2020-01-03,-0.1
2020-01-04,1.2
2020-01-05,1.3
2020-01-06,3.1
2020-01-07,6.3
2020-01-08,2.4
2020-01-09,-1.2
2020-01-10,-0.6
2020-01-11,-0.1
2020-01-12,-1.0
2020-01-13,-2.9
2020-01-14,-2.3
2020-01-15,-2.7
2020-01-16,-1.7
2020-01-17,-0.6
2020-01-18,0.3
2020-01-19,1.9
2020-01-20,0.7
2020-01-21,-0.4
2020-01-22,3.0
2020-01-23,4.6
2020-01-24,2.8
2020-01-25,4.3
2020-01-26,5.5
2020-01-27,5.9
2020-01-28,6.8
2020-01-29,6.0
2020-01-30,5.2
2020-01-31,3.9
2020-02-01,2.6
2020-02-02,1.5
2020-02-03,-0.4
2020-02-04,-1.6
2020-02-05,-8.3
2020-02-06,-6.4
2020-02-07,-1.7
2020-02-08,-0.1
2020-02-09,-0.5
2020-02-10,4.0
2020-02-11,6.8
2020-02-12,7.4
2020-02-13,6.5
2020-02-14,8.1
2020-02-15,9.8
2020-02-16,-1.4
2020-02-17,-5.9
2020-02-18,-4.1
2020-02-19,1.0
2020-02-20,4.6
2020-02-21,6.7
2020-02-22,4.0
2020-02-23,2.5
2020-02-24,7.0
2020-02-25,6.7
2020-02-26,6.4
2020-02-27,6.1
2020-02-28,4.5
2020-02-29,7.7
2020-03-01,5.8
2020-03-02,3.4
2020-03-03,4.8
2020-03-04,2.2
2020-03-05,1.4
2020-03-06,3.7
2020-03-07,7.0
2020-03-08,9.3
2020-03-09,11.1
2020-03-10,6.4
2020-03-11,3.8
2020-03-12,6.8
2020-03-13,4.9
2020-03-14,3.6
2020-03-15,4.0
2020-03-16,3.6
2020-03-17,6.6
2020-03-18,10.0
2020-03-19,9.1
2020-03-20,8.8
2020-03-21,12.8
2020-03-22,11.0
2020-03-23,10.6
2020-03-24,11.4
2020-03-25,12.5
2020-03-26,14.8
2020-03-27,11.9
2020-03-28,7.7
2020-03-29,8.7
2020-03-30,10.2
2020-03-31,11.9
2020-04-01,11.3
2020-04-02,9.3
2020-04-03,10.0
2020-04-04,8.9
2020-04-05,7.2
2020-04-06,9.3
2020-04-07,10.6
2020-04-08,9.4
2020-04-09,8.9
2020-04-10,10.7
2020-04-11,9.9
2020-04-12,9.9
2020-04-13,12.4
2020-04-14,13.0
2020-04-15,13.2
2020-04-16,16.0
2020-04-17,12.5
2020-04-18,13.5
2020-04-19,12.3
2020-04-20,10.0
2020-04-21,7.4
2020-04-22,6.0
2020-04-23,7.9
2020-04-24,9.9
2020-04-25,13.1
2020-04-26,12.3
2020-04-27,12.9
2020-04-28,13.9
2020-04-29,14.9
2020-04-30,17.1
2020-05-01,20.2
2020-05-02,20.3
2020-05-03,21.8
2020-05-04,20.2
2020-05-05,16.0
2020-05-06,19.4
2020-05-07,20.7
2020-05-08,19.9
2020-05-09,14.2
2020-05-10,14.4
2020-05-11,16.5
2020-05-12,14.3
2020-05-13,16.1
2020-05-14,19.3
2020-05-15,16.1
2020-05-16,16.7
2020-05-17,19.1
2020-05-18,19.1
2020-05-19,13.0
2020-05-20,14.4
2020-05-21,17.4
2020-05-22,18.5
2020-05-23,20.1
2020-05-24,17.1
2020-05-25,16.6
2020-05-26,16.2
2020-05-27,17.4
2020-05-28,18.7
2020-05-29,20.7
2020-05-30,22.6
2020-05-31,21.2
2020-06-01,19.7
2020-06-02,17.9
2020-06-03,22.0
2020-06-04,21.9
2020-06-05,23.0
2020-06-06,24.6
2020-06-07,22.7
2020-06-08,25.0
2020-06-09,26.7
2020-06-10,25.8
2020-06-11,26.1
2020-06-12,24.7
2020-06-13,26.9
2020-06-14,24.0
2020-06-15,23.0
2020-06-16,24.4
2020-06-17,24.3
2020-06-18,23.4
2020-06-19,24.7
2020-06-20,24.9
2020-06-21,26.1
2020-06-22,28.6
2020-06-23,27.3
2020-06-24,22.3
2020-06-25,21.6
2020-06-26,21.8
2020-06-27,24.1
2020-06-28,25.2
2020-06-29,23.8
2020-06-30,20.1
2020-07-01,21.1
2020-07-02,24.2
2020-07-03,25.5
2020-07-04,24.2
2020-07-05,23.8
2020-07-06,25.6
2020-07-07,24.1
2020-07-08,25.5
2020-07-09,27.5
2020-07-10,24.5
2020-07-11,25.8
2020-07-12,23.5
2020-07-13,18.7
2020-07-14,20.3
2020-07-15,23.4
2020-07-16,25.0
2020-07-17,26.0
2020-07-18,26.1
2020-07-19,24.0
2020-07-20,23.8
2020-07-21,25.0
2020-07-22,23.7
2020-07-23,21.1
2020-07-24,22.5
2020-07-25,24.3
2020-07-26,25.4
2020-07-27,24.3
2020-07-28,24.4
2020-07-29,23.7
2020-07-30,25.3
2020-07-31,26.2
2020-08-01,25.3
2020-08-02,24.9
2020-08-03,25.0
2020-08-04,27.0
2020-08-05,26.5
2020-08-06,24.1
2020-08-07,24.3
2020-08-08,24.2
2020-08-09,24.9
2020-08-10,26.5
2020-08-11,24.6
2020-08-12,27.2
2020-08-13,28.0
2020-08-14,27.1
2020-08-15,26.1
2020-08-16,27.4
2020-08-17,28.2
2020-08-18,27.5
2020-08-19,27.1
2020-08-20,27.7
2020-08-21,26.6
2020-08-22,24.3
2020-08-23,25.3
2020-08-24,27.8
2020-08-25,29.9
2020-08-26,30.2
2020-08-27,27.1
2020-08-28,27.3
2020-08-29,26.8
2020-08-30,26.8
2020-08-31,26.4
2020-09-01,26.6
2020-09-02,24.3
2020-09-03,22.7
2020-09-04,23.3
2020-09-05,23.3
2020-09-06,21.7
2020-09-07,19.2
2020-09-08,23.4
2020-09-09,21.1
2020-09-10,22.8
2020-09-11,22.4
2020-09-12,20.2
2020-09-13,21.5
2020-09-14,21.3
2020-09-15,23.0
2020-09-16,22.5
2020-09-17,21.3
2020-09-18,21.5
2020-09-19,21.2
2020-09-20,19.7
2020-09-21,19.1
2020-09-22,20.2
2020-09-23,19.2
2020-09-24,20.6
2020-09-25,20.1
2020-09-26,19.3
2020-09-27,20.4
2020-09-28,20.7
2020-09-29,19.6
2020-09-30,19.6
2020-10-01,18.8
2020-10-02,19.2
2020-10-03,19.9
2020-10-04,16.6
2020-10-05,13.3
2020-10-06,14.2
2020-10-07,16.0
2020-10-08,17.2
2020-10-09,17.2
2020-10-10,16.9
2020-10-11,16.9
2020-10-12,16.2
2020-10-13,13.6
2020-10-14,12.8
2020-10-15,11.7
2020-10-16,11.8
2020-10-17,13.1
2020-10-18,13.6
2020-10-19,15.1
2020-10-20,15.2
2020-10-21,14.1
2020-10-22,13.5
2020-10-23,8.6
2020-10-24,8.7
2020-10-25,11.8
2020-10-26,12.9
2020-10-27,14.0
2020-10-28,13.8
2020-10-29,10.8
2020-10-30,11.9
2020-10-31,13.6
2020-11-01,13.7
2020-11-02,10.8
2020-11-03,5.1
2020-11-04,4.9
2020-11-05,9.6
2020-11-06,13.5
2020-11-07,14.6
2020-11-08,8.5
2020-11-09,5.5
2020-11-10,7.7
2020-11-11,9.3
2020-11-12,10.4
2020-11-13,12.2
2020-11-14,12.5
2020-11-15,11.1
2020-11-16,12.4
2020-11-17,15.9
2020-11-18,16.6
2020-11-19,13.6
2020-11-20,2.8
2020-11-21,6.5
2020-11-22,5.6
2020-11-23,1.7
2020-11-24,2.9
2020-11-25,4.6
2020-11-26,5.6
2020-11-27,4.1
2020-11-28,
2020-11-29,
2020-11-30,
2020-12-01,
2020-12-02,
2020-12-03,
2020-12-04,
2020-12-05,
2020-12-06,
2020-12-07,
2020-12-08,
2020-12-09,
2020-12-10,
2020-12-11,
2020-12-12,
2020-12-13,
2020-12-14,
2020-12-15,
2020-12-16,
2020-12-17,
2020-12-18,
2020-12-19,
2020-12-20,
2020-12-21,
2020-12-22,
2020-12-23,
2020-12-24,
2020-12-25,
2020-12-26,
2020-12-27,
2020-12-28,
2020-12-29,
2020-12-30,
2020-12-31,
