date,count,shift1,rain,dust,temp,holiday,user,week,predict
2017-01-01,2307,2391.0,0.0,80.41025641025641,2.7,1.0,221,6,2488.0734281469845
2017-01-02,3796,2307.0,0.3,113.97435897435898,5.0,0.0,182,0,3526.8452344423267
2017-01-03,4049,3796.0,0.0,80.94871794871794,2.0,0.0,198,1,4040.642794391248
2017-01-04,4646,4049.0,0.0,58.35897435897437,3.9,0.0,189,2,4493.517453912801
2017-01-05,4500,4646.0,0.0,38.769230769230774,3.8,0.0,190,3,5742.0688240295685
2017-01-06,4944,4500.0,0.0,23.743589743589745,5.4,0.0,241,4,5942.654997768797
2017-01-07,3872,4944.0,0.0,57.97435897435897,4.6,0.0,322,5,4535.791488772992
2017-01-08,3568,3872.0,0.0,34.51282051282051,6.5,0.0,312,6,3432.2975986547453
2017-01-09,4228,3568.0,0.0,61.33333333333334,1.5,0.0,149,0,5799.313422214011
2017-01-10,3516,4228.0,0.0,33.128205128205124,-3.7,0.0,92,1,4873.770493626468
2017-01-11,3522,3516.0,0.0,26.69230769230769,-3.8,0.0,88,2,4198.202075985603
2017-01-12,3399,3522.0,0.0,31.974358974358967,-2.2,0.0,80,3,4369.638121411911
2017-01-13,2525,3399.0,0.6,31.512820512820515,-6.0,0.0,56,4,3629.366855085139
2017-01-14,1419,2525.0,0.0,45.282051282051285,-8.4,0.0,44,5,2575.81048153834
2017-01-15,1465,1419.0,0.0,29.07692307692308,-6.6,0.0,89,6,1585.0031290938537
2017-01-16,3279,1465.0,0.0,49.89743589743589,-3.8,0.0,105,0,4100.667671733517
2017-01-17,3572,3279.0,0.0,70.92307692307692,-2.0,0.0,80,1,3567.2486223335804
2017-01-18,3685,3572.0,0.0,101.71794871794873,-0.5,0.0,104,2,3929.697814827967
2017-01-19,3633,3685.0,0.0,105.64102564102564,-1.2,0.0,110,3,4576.870834273273
2017-01-20,1335,3633.0,4.0,58.769230769230774,-4.4,0.0,53,4,2736.0972152361082
2017-01-21,936,1335.0,2.1,50.82051282051282,-5.2,0.0,32,5,857.8057441099181
2017-01-22,705,936.0,0.0,75.89473684210526,-8.3,0.0,43,6,1643.776449196372
2017-01-23,1739,705.0,0.0,49.05263157894736,-8.9,0.0,34,0,3165.5831663474887
2017-01-24,2143,1739.0,0.0,42.07692307692308,-7.0,0.0,32,1,2224.9200669984116
2017-01-25,2506,2143.0,0.0,52.35897435897437,-5.2,0.0,72,2,2735.1628550836963
2017-01-26,2702,2506.0,0.3,67.51282051282051,-1.3,0.0,70,3,3081.9337701178733
2017-01-27,1154,2702.0,3.0,109.41025641025641,-2.6,1.0,83,4,1408.6981628736937
2017-01-28,1198,1154.0,0.0,34.92307692307692,-1.6,1.0,121,5,432.4257873865197
2017-01-29,496,1198.0,4.5,28.76923076923077,0.8,1.0,51,6,511.649814543822
2017-01-30,1047,496.0,0.1,50.282051282051285,-4.8,1.0,67,0,1496.3954044022742
2017-01-31,2263,1047.0,0.0,31.89743589743589,-5.4,0.0,75,1,1924.851012198685
2017-02-01,2776,2263.0,0.0,38.56410256410256,-4.0,0.0,138,2,3198.420181400997
2017-02-02,3020,2776.0,0.0,35.307692307692314,-2.7,0.0,119,3,3890.045829632401
2017-02-03,3578,3020.0,0.0,72.23076923076924,1.5,0.0,147,4,3412.847274905893
2017-02-04,2631,3578.0,0.0,100.51282051282051,0.9,0.0,200,5,3171.3719787506047
2017-02-05,1348,2631.0,0.5,73.41025641025641,1.2,0.0,93,6,1360.4863808323496
2017-02-06,3135,1348.0,0.0,43.33333333333334,-1.7,0.0,125,0,4216.8709134638275
2017-02-07,1033,3135.0,0.0,43.89743589743589,-2.0,0.0,116,1,3853.6369840569646
2017-02-08,2564,1033.0,0.0,57.12820512820514,-2.2,0.0,136,2,1927.0732772661931
2017-02-09,2786,2564.0,0.0,52.87179487179486,-5.3,0.0,100,3,3586.2994335738763
2017-02-10,2366,2786.0,0.0,34.641025641025635,-6.6,0.0,64,4,3389.52467388143
2017-02-11,1839,2366.0,0.0,31.07692307692308,-4.8,0.0,90,5,2476.4263512132666
2017-02-12,2192,1839.0,0.0,33.153846153846146,-2.2,0.0,179,6,2021.270069313389
2017-02-13,3613,2192.0,0.0,47.23076923076921,0.1,0.0,151,0,4987.098701508112
2017-02-14,3746,3613.0,0.0,55.17948717948718,0.3,0.0,166,1,4253.24674071789
2017-02-15,4214,3746.0,0.0,65.53846153846153,1.8,0.0,209,2,4291.612569539741
2017-02-16,4310,4214.0,0.0,73.05128205128206,5.5,0.0,230,3,4620.220438304058
2017-02-17,3344,4310.0,4.0,47.89743589743589,0.8,0.0,171,4,3607.8013823907327
2017-02-18,2482,3344.0,0.0,33.666666666666664,-2.6,0.0,180,5,3530.1303985702175
2017-02-19,1672,2482.0,1.0,46.74358974358975,2.3,0.0,172,6,1668.9135440899765
2017-02-20,2941,1672.0,0.5,46.641025641025635,-1.5,0.0,125,0,4263.581533365332
2017-02-21,3855,2941.0,0.0,50.641025641025635,-0.6,0.0,179,1,3826.04403838601
2017-02-22,1672,3855.0,5.1,43.153846153846146,1.7,0.0,77,2,2590.645855898101
2017-02-23,3330,1672.0,0.0,37.20512820512821,-1.5,0.0,113,3,2954.6606062949954
2017-02-24,3591,3330.0,0.0,31.974358974358967,-0.8,0.0,164,4,4324.210056982696
2017-02-25,3480,3591.0,0.0,50.410256410256395,2.6,0.0,336,5,3941.2793617142756
2017-02-26,3802,3480.0,0.0,51.10256410256411,3.6,0.0,548,6,3915.258329018725
2017-02-27,4919,3802.0,0.0,43.48717948717949,3.7,0.0,389,0,7574.714163538683
2017-02-28,5513,4919.0,0.0,47.46153846153846,5.6,0.0,431,1,6644.221450199199
2017-03-01,3182,5513.0,5.0,62.10256410256411,5.0,1.0,515,2,2355.3718497444
2017-03-02,4214,3182.0,0.5,36.05128205128205,1.8,0.0,265,3,4805.886868345713
2017-03-03,5161,4214.0,0.0,46.97435897435897,3.3,0.0,358,4,5526.9991926609255
2017-03-04,6112,5161.0,0.0,57.07692307692307,5.7,0.0,944,5,7155.871302094453
2017-03-05,4573,6112.0,0.5,71.1794871794872,5.2,0.0,662,6,5286.965769690484
2017-03-06,4201,4573.0,0.0,39.12820512820513,0.1,0.0,219,0,7631.851123890936
2017-03-07,3921,4201.0,0.0,35.794871794871796,-1.3,0.0,205,1,5374.174438701526
2017-03-08,4096,3921.0,0.0,46.02564102564103,-0.1,0.0,169,2,4671.87318431677
2017-03-09,4767,4096.0,0.0,49.89743589743589,3.2,0.0,268,3,5352.567871366745
2017-03-10,5776,4767.0,0.0,48.410256410256395,4.8,0.0,365,4,5888.2315372022695
2017-03-11,7270,5776.0,0.0,67.17948717948718,7.3,0.0,1147,5,7872.793338701443
2017-03-12,5078,7270.0,0.0,93.97435897435898,8.2,0.0,777,6,5567.998241484685
2017-03-13,6277,5078.0,0.0,65.58974358974359,6.9,0.0,431,0,7835.050087288057
2017-03-14,6300,6277.0,0.0,52.35897435897437,5.8,0.0,369,1,7336.8813545296025
2017-03-15,6468,6300.0,0.0,45.051282051282044,6.3,0.0,409,2,7693.368863865795
2017-03-16,6566,6468.0,0.0,67.17948717948718,6.2,0.0,438,3,7382.126803660763
2017-03-17,5258,6566.0,0.0,79.8974358974359,7.7,0.0,601,4,7115.97349065673
2017-03-18,7583,5258.0,0.0,76.8205128205128,9.5,0.0,1205,5,7069.7916014819
2017-03-19,8118,7583.0,0.0,78.8205128205128,10.9,0.0,1512,6,8339.019235107195
2017-03-20,6723,8118.0,0.0,102.74358974358972,10.2,0.0,625,0,9482.550920762895
2017-03-21,6735,6723.0,0.0,102.56410256410255,7.4,0.0,638,1,7104.229154392976
2017-03-22,7577,6735.0,0.0,54.42105263157895,7.6,0.0,544,2,8213.928142360674
2017-03-23,7657,7577.0,0.0,76.44736842105263,9.1,0.0,602,3,8354.359494920096
2017-03-24,7736,7657.0,0.0,63.05263157894736,8.7,0.0,623,4,8448.229468656635
2017-03-25,6677,7736.0,0.0,68.73684210526315,8.1,0.0,893,5,8147.753467678379
2017-03-26,6400,6677.0,0.0,63.868421052631575,7.3,0.0,903,6,6598.622355531001
2017-03-27,5706,6400.0,0.4,77.66666666666667,6.1,0.0,347,0,8183.100611929534
2017-03-28,7121,5706.0,0.0,86.66666666666669,7.1,0.0,415,1,5820.021485203101
2017-03-29,8323,7121.0,0.0,60.66666666666666,8.8,0.0,555,2,8257.07759155251
2017-03-30,8612,8323.0,0.0,71.28205128205127,10.6,0.0,615,3,9027.835995916841
2017-03-31,4579,8612.0,1.5,52.97435897435897,8.6,0.0,247,4,7499.673330625615
2017-04-01,7173,4579.0,1.0,26.743589743589745,9.0,0.0,1005,5,7912.070603402473
2017-04-02,9254,7173.0,0.0,49.794871794871796,9.0,0.0,1724,6,10433.22360586992
2017-04-03,9274,9254.0,0.0,82.53846153846153,11.4,0.0,787,0,11610.025864281875
2017-04-04,10155,9274.0,0.0,78.48717948717949,14.1,0.0,908,1,10127.950846004105
2017-04-05,1877,10155.0,37.5,53.0,12.0,0.0,214,2,-838.8101002124566
2017-04-06,6257,1877.0,3.0,28.69230769230769,10.4,0.0,405,3,4464.073168438193
2017-04-07,11361,6257.0,0.0,45.769230769230774,14.5,0.0,1228,4,10407.192537388459
2017-04-08,10632,11361.0,0.5,65.15384615384616,13.0,0.0,1721,5,13224.20130957544
2017-04-09,10909,10632.0,0.5,42.94871794871795,14.8,0.0,1918,6,13028.32594221916
2017-04-10,12933,10909.0,0.0,30.743589743589745,16.5,0.0,1393,0,18824.26443930996
2017-04-11,11615,12933.0,0.0,59.74358974358975,15.3,0.0,1026,1,14663.751699655117
2017-04-12,10244,11615.0,0.0,66.51282051282051,11.5,0.0,831,2,12606.658138605193
2017-04-13,10510,10244.0,0.0,73.92307692307692,12.7,0.0,737,3,10690.32595510585
2017-04-14,6671,10510.0,6.0,60.153846153846146,13.0,0.0,363,4,7549.792951248619
2017-04-15,12422,6671.0,0.0,71.07692307692308,16.8,0.0,2087,5,10533.452420920365
2017-04-16,13145,12422.0,0.0,63.48717948717949,18.7,0.0,2104,6,13154.431161043201
2017-04-17,7205,13145.0,5.5,50.23076923076921,14.7,0.0,464,0,13522.565063095368
2017-04-18,7513,7205.0,7.5,43.51282051282051,11.7,0.0,422,1,6437.519774482407
2017-04-19,11360,7513.0,0.0,86.89743589743591,12.6,0.0,831,2,8104.858794326362
2017-04-20,10198,11360.0,0.1,86.46153846153847,12.9,0.0,584,3,10447.917697032119
2017-04-21,11487,10198.0,0.0,71.94871794871794,13.1,0.0,921,4,10709.434783257833
2017-04-22,13132,11487.0,0.0,65.23076923076923,14.8,0.0,2047,5,14382.506875942829
2017-04-23,13131,13132.0,0.0,52.07894736842106,14.9,0.0,2257,6,15398.603090798255
2017-04-24,12650,13131.0,0.0,46.07692307692307,15.1,0.0,1070,0,17957.40484727324
2017-04-25,11825,12650.0,0.0,62.20512820512821,16.0,0.0,889,1,13683.998881416
2017-04-26,12950,11825.0,0.0,46.82051282051282,15.1,0.0,1061,2,14601.537252073069
2017-04-27,12424,12950.0,0.0,48.20512820512821,13.6,0.0,976,3,15020.734310579523
2017-04-28,12970,12424.0,0.0,66.82051282051282,14.4,0.0,1174,4,13439.451762831293
2017-04-29,14312,12970.0,0.0,66.38461538461539,17.1,0.0,2319,5,15984.60610359372
2017-04-30,13592,14312.0,0.0,95.64102564102564,19.3,0.0,2555,6,13600.147555281661
2017-05-01,14168,13592.0,0.0,96.25641025641028,20.1,0.0,2201,0,17522.18716458424
2017-05-02,13490,14168.0,0.0,103.46153846153848,20.7,0.0,1430,1,13315.960316862853
2017-05-03,16305,13490.0,0.0,73.55263157894737,21.5,1.0,2956,2,16314.38061877976
2017-05-04,15316,16305.0,0.0,67.25641025641025,21.0,0.0,2036,3,19546.346403111776
2017-05-05,15488,15316.0,0.0,58.74358974358975,20.9,1.0,2651,4,17530.298874632776
2017-05-06,7484,15488.0,0.0,194.82051282051282,14.9,0.0,967,5,9831.810827911964
2017-05-07,9528,7484.0,0.0,94.20512820512822,16.6,0.0,1273,6,5739.073229970108
2017-05-08,11092,9528.0,0.0,178.1282051282051,17.9,0.0,811,0,7469.229806315943
2017-05-09,6778,11092.0,2.5,128.35897435897436,17.1,1.0,735,1,6799.945452140314
2017-05-10,12102,6778.0,2.5,46.87179487179486,16.4,0.0,771,2,8726.215563821059
2017-05-11,13612,12102.0,0.0,75.69230769230771,19.3,0.0,989,3,12195.32170751061
2017-05-12,12841,13612.0,0.0,77.92307692307692,19.1,0.0,967,4,12333.62247933789
2017-05-13,8333,12841.0,6.0,54.23076923076921,16.4,0.0,1216,5,11152.456012322249
2017-05-14,15272,8333.0,0.0,60.794871794871796,15.7,0.0,3483,6,15873.825363251615
2017-05-15,14115,15272.0,0.0,46.66666666666666,16.0,0.0,1168,0,20019.40566586875
2017-05-16,15270,14115.0,0.0,38.0,17.1,0.0,1226,1,18024.007675087738
2017-05-17,15502,15270.0,0.0,41.74358974358975,18.7,0.0,1328,2,18656.571610272073
2017-05-18,15977,15502.0,0.0,51.23076923076921,20.4,0.0,1354,3,17848.284309140396
2017-05-19,15877,15977.0,0.0,49.92307692307693,21.1,0.0,1514,4,17820.332091675376
2017-05-20,16654,15877.0,0.0,42.0,20.9,0.0,2579,5,20445.671246380472
2017-05-21,17757,16654.0,0.0,34.17948717948718,21.5,0.0,2983,6,20935.322101718877
2017-05-22,17070,17757.0,0.0,45.97435897435897,21.8,0.0,1642,0,23642.575252316943
2017-05-23,10174,17070.0,5.0,38.641025641025635,20.0,0.0,924,1,17442.84683397508
2017-05-24,17115,10174.0,0.1,29.64102564102564,21.8,0.0,1323,2,15927.643046641164
2017-05-25,16387,17115.0,0.0,41.07692307692308,19.2,0.0,1239,3,19483.071380739042
2017-05-26,17966,16387.0,0.0,27.0,17.7,0.0,1638,4,20580.39664928059
2017-05-27,18286,17966.0,0.0,36.05128205128205,19.5,0.0,2631,5,22670.35957937526
2017-05-28,18005,18286.0,0.0,48.256410256410255,21.2,0.0,2746,6,19914.296757088294
2017-05-29,17619,18005.0,0.0,72.2051282051282,22.9,0.0,1488,0,20626.63101613798
2017-05-30,17703,17619.0,0.0,52.74358974358975,23.6,0.0,1303,1,19485.46823292366
2017-05-31,17937,17703.0,0.0,40.769230769230774,23.3,0.0,1368,2,20623.00392750504
2017-06-01,17693,17937.0,0.0,40.66666666666666,23.3,0.0,1385,3,20542.33699231072
2017-06-02,11994,17693.0,0.0,30.89743589743589,20.5,0.0,1301,4,19718.9249331133
2017-06-03,19353,11994.0,0.0,34.05128205128205,20.5,0.0,2771,5,19356.21020735285
2017-06-04,19225,19353.0,0.0,30.948717948717945,21.7,0.0,2940,6,22679.940744919637
2017-06-05,19443,19225.0,0.0,29.23076923076923,24.2,0.0,2048,0,28196.31555392331
2017-06-06,7604,19443.0,15.5,23.025641025641022,19.4,1.0,1247,1,14198.94424272209
2017-06-07,8644,7604.0,12.5,18.33333333333333,17.6,0.0,667,2,8654.170803240977
2017-06-08,18859,8644.0,0.0,47.42105263157895,20.1,0.0,1307,3,12920.792509999352
2017-06-09,18356,18859.0,0.1,63.73684210526316,21.2,0.0,1443,4,18549.61574772421
2017-06-10,19865,18356.0,4.5,52.07894736842106,21.5,0.0,2666,5,20324.466332809487
2017-06-11,19524,19865.0,0.0,32.07894736842105,22.8,0.0,2828,6,22374.80370483168
2017-06-12,19588,19524.0,0.0,33.631578947368425,22.1,0.0,1539,0,25973.001783000956
2017-06-13,19196,19588.0,0.0,39.51282051282049,21.5,0.0,1489,1,23155.455355462862
2017-06-14,19692,19196.0,0.0,46.769230769230774,21.8,0.0,1419,2,21472.319082879178
2017-06-15,19520,19692.0,0.0,54.33333333333334,23.1,0.0,1495,3,21063.437392952426
2017-06-16,19954,19520.0,0.0,71.23076923076924,25.5,0.0,1555,4,18319.26859477487
2017-06-17,19353,19954.0,0.0,54.56410256410256,24.2,0.0,2534,5,21574.05776566825
2017-06-18,18441,19353.0,0.0,46.410256410256395,24.3,0.0,2406,6,19127.04871098598
2017-06-19,20591,18441.0,0.0,55.74358974358975,24.8,0.0,1761,0,23394.391571808905
2017-06-20,19798,20591.0,0.0,55.92307692307693,26.0,0.0,1799,1,23099.336873613847
2017-06-21,21198,19798.0,0.0,60.948717948717956,25.4,0.0,1794,2,21660.58566796429
2017-06-22,21526,21198.0,0.0,40.56410256410256,25.3,0.0,1787,3,24416.961430207164
2017-06-23,20590,21526.0,0.0,46.43589743589744,26.7,0.0,1760,4,22556.285287067534
2017-06-24,11639,20590.0,3.5,45.20512820512821,24.5,0.0,1441,5,17754.87563680604
2017-06-25,12602,11639.0,1.5,38.846153846153854,23.8,0.0,1477,6,11457.274054969395
2017-06-26,10458,12602.0,29.0,29.743589743589745,23.1,0.0,843,0,10952.870869413424
2017-06-27,19419,10458.0,0.0,33.153846153846146,25.2,0.0,1324,1,16276.797549041157
2017-06-28,21105,19419.0,0.0,50.30769230769231,26.0,0.0,1500,2,21336.846249055816
2017-06-29,20856,21105.0,0.0,53.51282051282051,26.2,0.0,1485,3,21872.449946361136
2017-06-30,20619,20856.0,0.0,57.282051282051285,25.9,0.0,1442,4,19983.48422449524
2017-07-01,13859,20619.0,0.5,46.20512820512821,25.3,0.0,1506,5,18678.69212155566
2017-07-02,3885,13859.0,92.0,27.66666666666667,24.3,0.0,513,6,444.3318573413908
2017-07-03,10190,3885.0,67.5,25.86842105263158,24.7,0.0,641,0,524.6136980066785
2017-07-04,18347,10190.0,0.5,37.76315789473684,26.7,0.0,1459,1,15976.274719237565
2017-07-05,5222,18347.0,0.0,43.92105263157895,27.4,0.0,380,2,16696.456372072345
2017-07-06,9,5222.0,34.0,53.48717948717949,27.6,0.0,38,3,-1457.542541272018
2017-07-07,3245,9.0,16.5,25.102564102564106,26.4,0.0,484,4,2802.0691221476686
2017-07-08,9610,3245.0,4.5,28.820512820512814,26.0,0.0,745,5,5956.507209739047
2017-07-09,6475,9610.0,32.5,28.89743589743589,26.3,0.0,655,6,3194.2995276742718
2017-07-10,1199,6475.0,144.5,15.871794871794872,24.0,0.0,255,0,1200.0735088236402
2017-07-11,16142,1199.0,1.0,43.384615384615394,26.0,0.0,1001,1,6903.939316487581
2017-07-12,18529,16142.0,0.0,50.589743589743605,27.1,0.0,1007,2,16939.86346033778
2017-07-13,18236,18529.0,0.0,54.71794871794872,27.6,0.0,1006,3,17965.599809619664
2017-07-14,17158,18236.0,0.0,52.641025641025635,28.7,0.0,912,4,16358.88547483626
2017-07-15,5399,17158.0,42.5,23.179487179487186,25.0,0.0,423,5,5376.3168597309395
2017-07-16,13269,5399.0,22.5,19.871794871794872,26.2,0.0,1184,6,5623.653182980935
2017-07-17,16632,13269.0,7.5,25.71794871794872,26.8,1.0,1108,0,16027.030469849655
2017-07-18,16138,16632.0,2.5,29.92307692307693,26.5,0.0,905,1,18822.437885874006
2017-07-19,18383,16138.0,0.0,42.333333333333336,28.3,0.0,1056,2,17987.72122140504
2017-07-20,17612,18383.0,0.0,56.56410256410256,29.9,0.0,1024,3,17611.82723403185
2017-07-21,16815,17612.0,0.0,64.69230769230771,29.8,0.0,826,4,14462.245792766029
2017-07-22,10712,16815.0,0.5,61.35897435897437,29.3,0.0,753,5,11871.263084693255
2017-07-23,8298,10712.0,133.5,53.46153846153846,27.0,0.0,627,6,3154.649295849263
2017-07-24,14039,8298.0,3.0,38.230769230769226,26.2,0.0,810,0,13415.850190311561
2017-07-25,17854,14039.0,0.0,30.41025641025641,29.4,0.0,949,1,17945.80138935456
2017-07-26,19010,17854.0,0.0,21.794871794871803,28.7,0.0,1066,2,21629.932853237475
2017-07-27,16732,19010.0,3.5,32.384615384615394,27.1,0.0,940,3,19208.098252261763
2017-07-28,10194,16732.0,8.5,33.333333333333336,25.5,0.0,560,4,13443.545772741525
2017-07-29,17140,10194.0,0.0,18.487179487179485,27.2,0.0,1530,5,15073.127161042556
2017-07-30,16187,17140.0,0.0,25.07692307692308,27.9,0.0,1561,6,16221.5381344985
2017-07-31,12144,16187.0,3.5,24.871794871794872,25.7,0.0,797,0,20514.77268001259
2017-08-01,18392,12144.0,2.0,25.487179487179485,28.6,0.0,1123,1,17345.205481547055
2017-08-02,17672,18392.0,0.0,40.0,30.0,0.0,995,2,19621.53593453006
2017-08-03,18168,17672.0,0.0,28.153846153846153,30.2,0.0,989,3,20019.051891027735
2017-08-04,17444,18168.0,0.0,30.35897435897436,30.3,0.0,952,4,18607.858672951625
2017-08-05,13103,17444.0,0.0,34.7948717948718,31.4,0.0,902,5,15248.700876701712
2017-08-06,12510,13103.0,5.0,28.63157894736842,29.8,0.0,987,6,10510.313425483295
2017-08-07,18359,12510.0,0.0,36.615384615384606,29.2,0.0,998,0,18393.80185890981
2017-08-08,20578,18359.0,0.0,46.051282051282044,28.2,0.0,1332,1,20681.080234416557
2017-08-09,19509,20578.0,2.5,37.282051282051285,27.6,0.0,1092,2,21149.00753144905
2017-08-10,6701,19509.0,5.5,10.333333333333334,24.8,0.0,456,3,18841.467433227634
2017-08-11,17577,6701.0,0.5,13.461538461538465,27.0,0.0,953,4,12969.978480928985
2017-08-12,18542,17577.0,0.0,13.205128205128204,27.8,0.0,1592,5,20228.61784239372
2017-08-13,18907,18542.0,0.0,11.948717948717947,26.3,0.0,2072,6,20276.57996657088
2017-08-14,12150,18907.0,1.5,11.589743589743593,24.6,0.0,946,0,25264.727586018576
2017-08-15,2457,12150.0,93.5,8.128205128205128,21.9,1.0,865,1,472.76060229720656
2017-08-16,17325,2457.0,2.0,9.76923076923077,23.3,0.0,1011,2,11133.921353957014
2017-08-17,18670,17325.0,0.5,14.538461538461535,24.8,0.0,1032,3,21044.927496564334
2017-08-18,20851,18670.0,0.0,30.43589743589743,26.3,0.0,1257,4,20159.07399378958
2017-08-19,18744,20851.0,0.0,28.56410256410257,26.1,0.0,1711,5,21242.6714665027
2017-08-20,1961,18744.0,124.5,12.153846153846152,23.2,0.0,309,6,1965.3840093246886
2017-08-21,18669,1961.0,5.0,16.28205128205128,25.8,0.0,1073,0,12387.820991101897
2017-08-22,22687,18669.0,0.0,20.512820512820515,27.3,0.0,1415,1,24335.34222104112
2017-08-23,11579,22687.0,31.5,23.33333333333333,27.2,0.0,665,2,14265.479491574286
2017-08-24,13694,11579.0,14.0,23.461538461538463,26.5,0.0,794,3,11976.538847232743
2017-08-25,22969,13694.0,0.0,29.384615384615394,25.3,0.0,1475,4,17849.655490058536
2017-08-26,24671,22969.0,0.0,28.43589743589743,24.2,0.0,2810,5,27049.221862420203
2017-08-27,22419,24671.0,0.0,26.743589743589745,22.7,0.0,2657,6,25095.185983559575
2017-08-28,11869,22419.0,9.0,32.02564102564103,21.5,0.0,874,0,22850.608520875263
2017-08-29,27653,11869.0,0.0,20.53846153846154,19.5,0.0,2060,1,21444.955018841578
2017-08-30,27229,27653.0,0.0,28.615384615384606,19.8,0.0,2044,2,32399.51953925461
2017-08-31,27500,27229.0,0.0,40.769230769230774,22.2,0.0,2084,3,30328.251320679403
2017-09-01,28644,27500.0,0.0,27.615384615384606,23.3,0.0,2547,4,31878.507412185267
2017-09-02,29162,28644.0,0.0,30.179487179487186,23.8,0.0,3691,5,34048.58897625496
2017-09-03,28741,29162.0,0.0,34.82051282051282,23.7,0.0,3880,6,31771.560785147714
2017-09-04,28588,28741.0,0.0,32.02564102564103,24.6,0.0,2406,0,36582.54501591528
2017-09-05,26894,28588.0,0.0,28.89743589743589,21.9,0.0,1784,1,32512.594244567816
2017-09-06,14412,26894.0,2.0,31.66666666666667,20.6,0.0,982,2,26335.40575429323
2017-09-08,29439,29280.0,0.0,53.948717948717956,24.3,0.0,2138,4,29162.229944880666
2017-09-09,28899,29439.0,0.0,63.53846153846154,23.8,0.0,3160,5,29656.87369457697
2017-09-10,22813,28899.0,0.5,54.97435897435897,23.0,0.0,2686,6,25568.883203622663
2017-09-11,21210,22813.0,24.0,25.487179487179485,21.2,0.0,1619,0,22462.88113967843
2017-09-12,29705,21210.0,0.0,29.28205128205128,22.1,0.0,2045,1,27652.256020449353
2017-09-13,31250,29705.0,0.0,27.56410256410257,21.4,0.0,1984,2,33763.27834766407
2017-09-14,31115,31250.0,0.0,31.384615384615394,22.4,0.0,2095,3,34282.551503360475
2017-09-15,32381,31115.0,0.0,18.89743589743589,22.6,0.0,2541,4,35333.51495526727
2017-09-16,34104,32381.0,0.0,12.82051282051282,22.0,0.0,3929,5,39461.11461062463
2017-09-17,33587,34104.0,0.0,11.435897435897436,23.1,0.0,4260,6,38641.97628077578
2017-09-18,32918,33587.0,0.0,23.487179487179485,21.9,0.0,2390,0,41607.054294787755
2017-09-19,23220,32918.0,8.0,67.15384615384616,22.6,0.0,1344,1,27930.70209649189
2017-09-20,34011,23220.0,0.0,27.30769230769231,19.5,0.0,2180,2,29572.86326016638
2017-09-21,33109,34011.0,0.0,32.358974358974365,20.3,0.0,2131,3,36741.96176065317
2017-09-22,34114,33109.0,0.0,35.56410256410256,20.6,0.0,2278,4,34563.74520453487
2017-09-23,33524,34114.0,0.0,57.92307692307693,21.8,0.0,3369,5,34684.2936597195
2017-09-24,30320,33524.0,0.0,67.25641025641025,22.4,0.0,3282,6,30214.347376433438
2017-09-25,32636,30320.0,0.0,49.282051282051285,23.4,0.0,2071,0,34820.097837511625
2017-09-26,30093,32636.0,0.0,50.33333333333334,25.1,0.0,1664,1,32856.779262729804
2017-09-27,28175,30093.0,0.5,43.846153846153854,22.7,0.0,1533,2,30485.57573832063
2017-09-28,31462,28175.0,0.0,25.84615384615385,19.2,0.0,1637,3,30754.67881807882
2017-09-29,32872,31462.0,0.0,24.948717948717945,17.4,0.0,1903,4,32887.84001014851
2017-09-30,33195,32872.0,0.0,38.641025641025635,20.0,0.0,3275,5,35289.104843714704
2017-10-01,10634,33195.0,4.0,35.25641025641025,18.2,0.0,1230,6,23282.316314025993
2017-10-02,28247,10634.0,1.5,22.102564102564106,22.0,1.0,3205,0,23208.86325058756
2017-10-03,22250,28247.0,0.0,38.02564102564103,17.6,1.0,2639,1,28905.040514417797
2017-10-04,19575,22250.0,0.0,23.461538461538463,16.7,1.0,3144,2,26891.726018822796
2017-10-05,26463,19575.0,0.0,16.256410256410255,18.7,1.0,3463,3,26876.5337899454
2017-10-06,22853,26463.0,0.5,13.051282051282053,18.9,1.0,2580,4,27114.75354669835
2017-10-07,35917,22853.0,0.0,11.076923076923077,21.9,0.0,4673,5,35898.37643383731
2017-10-08,37200,35917.0,0.0,20.820512820512818,23.0,0.0,4880,6,41301.071589676736
2017-10-09,39072,37200.0,0.0,27.657894736842106,22.5,1.0,4465,0,44345.54316553662
2017-10-10,27441,39072.0,0.4,31.512820512820515,21.4,0.0,1702,1,40360.89615289365
2017-10-11,19431,27441.0,20.0,12.794871794871796,15.5,0.0,1049,2,22299.73446403805
2017-10-12,25816,19431.0,0.0,23.794871794871803,11.4,0.0,1035,3,21823.831161451373
2017-10-13,28651,25816.0,0.0,30.64102564102564,12.8,0.0,1731,4,27977.13822770768
2017-10-14,30106,28651.0,0.0,25.58974358974359,14.4,0.0,2453,5,30663.33180620235
2017-10-15,31435,30106.0,0.0,24.64102564102564,15.8,0.0,2872,6,30363.394740050488
2017-10-16,30232,31435.0,0.0,33.97435897435897,16.6,0.0,1508,0,35839.1156453514
2017-10-17,31232,30232.0,0.0,42.0,16.2,0.0,1562,1,32407.94687643609
2017-10-18,23880,31232.0,0.1,27.41025641025641,16.5,0.0,964,2,31023.07894790306
2017-10-19,32008,23880.0,0.0,21.56410256410257,17.0,0.0,1508,3,27345.90940697273
2017-10-20,32250,32008.0,0.0,34.51282051282051,17.0,0.0,1644,4,31652.045581836515
2017-10-21,33126,32250.0,0.0,42.8974358974359,17.6,0.0,2566,5,32217.040011342688
2017-10-22,28657,33126.0,0.0,27.948717948717945,16.3,0.0,2430,6,30257.914187639144
2017-10-23,29072,28657.0,0.0,27.71794871794872,13.7,0.0,1358,0,33619.43409672892
2017-10-24,29702,29072.0,0.0,35.43589743589744,14.4,0.0,1316,1,31091.031524298767
2017-10-25,29915,29702.0,0.0,44.48717948717949,14.4,0.0,1172,2,29930.726049977337
2017-10-26,29239,29915.0,0.0,54.02564102564103,14.5,0.0,1147,3,28943.10743676265
2017-10-27,31474,29239.0,0.0,63.410256410256395,16.9,0.0,1465,4,27265.316820831824
2017-10-28,30249,31474.0,0.0,49.71794871794872,17.2,0.0,2274,5,30169.68008289572
2017-10-29,20310,30249.0,0.0,69.35897435897436,11.5,0.0,1522,6,23965.13918372683
2017-10-30,21550,20310.0,0.0,38.615384615384606,7.7,0.0,625,0,23052.286865532562
2017-10-31,25117,21550.0,0.0,37.51282051282049,10.4,0.0,718,1,22353.53692382023
2017-11-01,27319,25117.0,0.0,41.692307692307686,14.4,0.0,1025,2,25630.44144718765
2017-11-02,25335,27319.0,1.0,50.35897435897437,15.5,0.0,899,3,25425.615210130778
2017-11-03,19578,25335.0,1.5,42.05128205128205,12.3,0.0,829,4,22686.35928312611
2017-11-04,18341,19578.0,0.0,56.256410256410255,7.8,0.0,977,5,17480.632177140036
2017-11-05,19098,18341.0,0.0,43.153846153846146,8.4,0.0,1190,6,15778.008021309253
2017-11-06,25218,19098.0,0.0,36.87179487179487,11.4,0.0,794,0,22622.218892027537
2017-11-07,27262,25218.0,0.0,46.410256410256395,14.4,0.0,839,1,25140.49031803152
2017-11-08,24021,27262.0,0.0,68.76923076923077,13.1,0.0,701,2,25063.594589336943
2017-11-09,24375,24021.0,0.0,54.410256410256395,9.4,0.0,695,3,22949.46231245206
2017-11-10,15896,24375.0,7.5,48.35897435897437,9.8,0.0,427,4,18135.33369729253
2017-11-11,15692,15896.0,0.0,74.41025641025641,5.9,0.0,733,5,13718.833009426802
2017-11-12,15033,15692.0,0.0,34.666666666666664,5.3,0.0,757,6,12770.30130404239
2017-11-13,16595,15033.0,4.5,44.92307692307693,8.4,0.0,408,0,15650.410133872896
2017-11-14,19222,16595.0,0.0,48.43589743589744,7.5,0.0,406,1,16456.2348365081
2017-11-15,16133,19222.0,0.0,27.92307692307693,3.2,0.0,282,2,18649.97151700701
2017-11-16,15150,16133.0,0.0,28.0,1.0,0.0,264,3,15703.82183602988
2017-11-17,13977,15150.0,0.0,45.48717948717949,3.0,0.0,272,4,13652.213226829923
2017-11-18,8228,13977.0,0.0,41.30769230769232,-2.1,0.0,217,5,11370.895147801979
2017-11-19,7232,8228.0,0.0,26.35897435897436,-1.6,0.0,222,6,6262.473299354576
2017-11-20,12553,7232.0,0.0,40.87179487179487,-0.4,0.0,224,0,9961.58542640599
2017-11-21,14286,12553.0,0.0,54.153846153846146,1.3,0.0,304,1,12792.406710786272
2017-11-22,13151,14286.0,0.5,66.92307692307692,4.3,0.0,270,2,13294.849359538053
2017-11-23,12915,13151.0,1.2,26.153846153846153,0.9,0.0,200,3,12519.044945438101
2017-11-24,10776,12915.0,0.0,22.615384615384606,-0.4,0.0,181,4,11886.354997691973
2017-11-25,4350,10776.0,24.0,28.23076923076923,3.0,0.0,162,5,1825.8043798880617
2017-11-26,8294,4350.0,0.0,40.794871794871796,3.3,0.0,343,6,3853.241620213939
2017-11-27,13798,8294.0,0.0,52.97435897435897,2.5,0.0,259,0,10632.211581434958
2017-11-28,14962,13798.0,0.5,77.58974358974359,6.4,0.0,377,1,12978.553574414993
2017-11-29,12959,14962.0,0.0,63.87179487179486,3.2,0.0,251,2,14176.93430909568
2017-11-30,10869,12959.0,0.0,25.64102564102564,-2.4,0.0,208,3,12875.699332251024
2017-12-01,10558,10869.0,0.0,27.205128205128197,-2.2,0.0,211,4,10426.091546030488
2017-12-02,9234,10558.0,0.0,43.33333333333334,1.9,0.0,323,5,8994.896580356757
2017-12-03,7811,9234.0,4.0,53.82051282051282,4.9,0.0,349,6,5483.041978334538
2017-12-04,9731,7811.0,0.1,44.97435897435897,-1.2,0.0,205,0,10278.163677301172
2017-12-05,9209,9731.0,0.1,23.58974358974359,-4.2,0.0,145,1,10145.73744199169
2017-12-06,7243,9209.0,1.2,34.846153846153854,0.2,0.0,152,2,8908.340852423698
2017-12-07,9364,7243.0,0.0,47.589743589743605,0.7,0.0,171,3,7625.877376386941
2017-12-08,8836,9364.0,0.0,33.97435897435897,-3.8,0.0,119,4,8817.374613111682
2017-12-09,7784,8836.0,0.0,42.74358974358975,-0.5,0.0,223,5,7486.912353518618
2017-12-10,3681,7784.0,4.1,40.53846153846154,1.1,0.0,175,6,4320.788565014797
2017-12-11,6306,3681.0,0.0,48.589743589743605,-7.0,0.0,88,0,6134.675320391043
2017-12-12,5948,6306.0,0.0,34.53846153846154,-9.4,0.0,83,1,6657.442096568336
2017-12-13,6499,5948.0,0.0,38.641025641025635,-8.7,0.0,81,2,6203.80269245133
2017-12-14,6922,6499.0,0.0,57.92307692307693,-6.6,0.0,102,3,7130.178614768352
2017-12-15,7869,6922.0,0.0,85.0,-3.0,0.0,113,4,7083.5753379130365
2017-12-16,4885,7869.0,0.0,60.5,-5.7,0.0,124,5,6902.17046038053
2017-12-17,3944,4885.0,0.0,39.60526315789474,-6.7,0.0,109,6,3962.440929414517
2017-12-18,2767,3944.0,3.4,58.368421052631575,-1.6,0.0,76,0,4911.648252779938
2017-12-19,4583,2767.0,0.0,47.842105263157904,-3.9,0.0,73,1,3294.4462312095484
2017-12-20,4857,4583.0,0.2,43.44736842105264,-3.9,0.0,86,2,4876.450693651318
2017-12-21,6142,4857.0,0.0,54.59459459459461,-0.9,0.0,117,3,5397.959313410434
2017-12-22,7797,6142.0,0.0,61.135135135135144,3.4,0.0,143,4,5796.3902024787285
2017-12-23,7156,7797.0,0.0,113.52777777777777,6.1,0.0,307,5,5581.143703187435
2017-12-24,2174,7156.0,20.0,80.1111111111111,2.9,0.0,207,6,-282.3060724124635
2017-12-25,4186,2174.0,0.0,31.36111111111111,-2.1,1.0,187,0,3273.617142887369
2017-12-26,6003,4186.0,0.0,30.94444444444445,-3.8,0.0,134,1,5068.795962861202
2017-12-27,5740,6003.0,0.0,29.277777777777786,-6.9,0.0,111,2,6362.974758577514
2017-12-28,7073,5740.0,0.0,48.33333333333334,-2.1,0.0,150,3,6381.047367345259
2017-12-29,8263,7073.0,0.0,99.94444444444444,2.1,0.0,197,4,6713.301277324081
2017-12-30,4242,8263.0,0.7,132.41666666666666,1.4,0.0,166,5,6648.689745242508
2017-12-31,3629,4242.0,1.0,66.08333333333333,-0.3,0.0,201,6,2960.96223354268
2018-01-01,4950,3629.0,0.0,44.171428571428564,-1.3,1.0,302,0,4958.183698402993
2018-01-02,7136,4950.0,0.0,43.37837837837838,-1.8,0.0,246,1,6060.541949472045
2018-01-03,7156,7136.0,0.0,36.89473684210526,-4.7,0.0,205,2,7799.549329713962
2018-01-04,7102,7156.0,0.0,47.657894736842096,-4.7,0.0,169,3,7790.8950991199445
2018-01-05,7705,7102.0,0.0,60.23684210526316,-3.0,0.0,183,4,7303.673990433823
2018-01-06,5681,7705.0,0.0,50.44736842105264,-2.8,0.0,192,5,6688.7326275847445
2018-01-07,5220,5681.0,0.0,57.47368421052632,-0.8,0.0,253,6,4494.193524501656
2018-01-08,6309,5220.0,0.9,59.68421052631579,1.3,0.0,186,0,7176.844956708296
2018-01-09,5988,6309.0,0.5,43.55263157894736,-4.2,0.0,147,1,6693.892422939451
2018-01-10,4476,5988.0,0.3,34.6578947368421,-7.5,0.0,93,2,6151.612677916448
2018-01-11,4337,4476.0,0.0,34.6578947368421,-11.1,0.0,76,3,5076.169071154317
2018-01-12,4401,4337.0,0.0,26.342105263157894,-10.2,0.0,79,4,4635.677295049892
2018-01-13,3756,4401.0,0.4,55.256410256410255,-4.4,0.0,89,5,3825.597805937574
2018-01-14,4675,3756.0,0.0,71.1025641025641,0.6,0.0,235,6,2890.042400046311
2018-01-15,6993,4675.0,0.2,71.69230769230771,4.7,0.0,195,0,6435.224747871242
2018-01-16,7421,6993.0,0.0,115.94871794871794,3.5,0.0,202,1,6620.619469189811
2018-01-17,6990,7421.0,0.0,115.28205128205127,4.5,0.0,205,2,6806.200784856362
2018-01-18,7054,6990.0,0.0,90.48717948717949,2.1,0.0,179,3,7010.3977056001895
2018-01-19,8329,7054.0,0.0,62.17948717948718,1.0,0.0,201,4,6956.411849735155
2018-01-20,6148,8329.0,0.0,103.74358974358972,2.2,0.0,253,5,6733.174875629762
2018-01-21,5574,6148.0,0.0,65.92307692307692,0.4,0.0,266,6,4651.884759537472
2018-01-22,4929,5574.0,3.3,50.07692307692307,0.2,0.0,146,0,6798.758520515712
2018-01-23,4263,4929.0,0.0,25.538461538461537,-11.7,0.0,69,1,5229.059104727791
2018-01-24,3370,4263.0,0.0,30.743589743589745,-14.2,0.0,64,2,4468.896343741993
2018-01-25,3307,3370.0,0.0,25.025641025641022,-14.0,0.0,56,3,3800.3827871280946
2018-01-26,3116,3307.0,0.0,33.51282051282051,-14.8,0.0,42,4,3774.2952311902923
2018-01-27,2833,3116.0,0.0,46.92307692307693,-9.9,0.0,99,5,3393.4516350203317
2018-01-28,3028,2833.0,0.0,34.0,-6.3,0.0,120,6,2619.695173532335
2018-01-29,4425,3028.0,0.0,47.282051282051285,-8.5,0.0,86,0,5557.305032721774
2018-01-30,3591,4425.0,2.9,43.769230769230774,-5.3,0.0,79,1,3847.8354137511255
2018-01-31,4104,3591.0,0.0,42.487179487179496,-2.6,0.0,103,2,4155.881149360021
2018-02-01,5821,4104.0,0.0,42.02564102564103,-4.0,0.0,104,3,4871.9202433204355
2018-02-02,6557,5821.0,0.0,57.17948717948718,-2.4,0.0,143,4,6033.506947011993
2018-02-03,3499,6557.0,0.5,38.92307692307692,-7.3,0.0,118,5,5614.992571936143
2018-02-04,2642,3499.0,0.0,33.641025641025635,-9.5,0.0,105,6,3210.702245086497
2018-02-05,4213,2642.0,0.0,27.89743589743589,-9.4,0.0,89,0,5283.646881528231
2018-02-06,4257,4213.0,0.0,32.58974358974359,-10.1,0.0,67,1,4626.043073175018
2018-02-07,5028,4257.0,0.0,42.07692307692308,-8.0,0.0,92,2,4744.204908279741
2018-02-08,6114,5028.0,0.0,54.384615384615394,-4.4,0.0,150,3,5882.927920597895
2018-02-09,6905,6114.0,0.0,72.97435897435899,0.4,0.0,147,4,5995.110201245079
2018-02-10,4829,6905.0,0.0,78.46153846153847,-0.5,0.0,169,5,5767.8851275238085
2018-02-11,3047,4829.0,0.0,53.33333333333334,-6.1,0.0,111,6,3974.6963781934924
2018-02-12,5231,3047.0,0.0,50.615384615384606,-5.8,0.0,109,0,5597.118975179401
2018-02-13,6863,5231.0,0.0,52.46153846153846,-0.8,0.0,165,1,5774.217887316772
2018-02-14,7477,6863.0,0.0,70.28205128205127,3.5,0.0,237,2,6891.942122525305
2018-02-15,3935,7477.0,0.0,40.12820512820513,-0.7,1.0,213,3,4070.8353543445683
2018-02-16,3047,3935.0,0.0,49.641025641025635,-1.1,1.0,254,4,2301.0472251477086
2018-02-18,5191,3494.0,0.0,38.17948717948718,-0.4,0.0,366,6,3714.750640578882
2018-02-19,8563,5191.0,0.0,62.641025641025635,1.8,0.0,381,0,8147.365579644163
2018-02-20,8899,8563.0,0.0,67.56410256410257,0.9,0.0,340,1,9184.960099577449
2018-02-21,8342,8899.0,0.0,40.07692307692308,-0.9,0.0,280,2,9595.543803255177
2018-02-22,8580,8342.0,0.4,47.02564102564103,1.3,0.0,239,3,8687.49500636999
2018-02-23,6408,8580.0,3.7,93.35897435897436,4.2,0.0,226,4,6482.7389969012975
2018-02-24,7198,6408.0,0.0,81.64864864864866,2.4,0.0,393,5,5808.300358652345
2018-02-25,7595,7198.0,0.0,47.45945945945946,1.9,0.0,563,6,6578.1535777259305
2018-02-26,10712,7595.0,0.0,66.18918918918922,3.1,0.0,538,0,10732.119085816603
2018-02-27,10064,10712.0,0.0,99.22222222222223,4.2,0.0,369,1,10465.964536915937
2018-02-28,4230,10064.0,25.0,73.91666666666667,4.6,0.0,213,2,1445.3639446756301
2018-03-01,5761,4230.0,0.5,43.25,-0.2,1.0,420,3,2654.461913872836
2018-03-02,9388,5761.0,0.0,72.05555555555556,-0.7,0.0,422,4,6976.798588218026
2018-03-03,16029,9388.0,0.0,62.77777777777778,7.9,0.0,1649,5,12467.368097219756
2018-03-04,5373,16029.0,11.5,33.333333333333336,9.8,0.0,818,6,9815.705422706287
2018-03-05,9943,5373.0,3.5,10.416666666666666,5.5,0.0,706,0,11256.116900559931
2018-03-06,14028,9943.0,0.0,34.0,4.5,0.0,749,1,12923.655929045364
2018-03-07,12925,14028.0,0.5,31.21052631578948,6.4,0.0,576,2,15245.14507435945
2018-03-08,8812,12925.0,4.0,33.10526315789474,4.6,0.0,493,3,12548.445927590756
2018-03-09,13573,8812.0,0.0,54.894736842105246,4.5,0.0,598,4,9826.878238212352
2018-03-10,13324,13573.0,0.0,49.68421052631579,4.6,0.0,1026,5,13856.934410231697
2018-03-11,15136,13324.0,0.0,62.026315789473685,6.4,0.0,1617,6,13913.337663746095
2018-03-12,15913,15136.0,0.0,103.31578947368419,8.0,0.0,812,0,16860.489401308943
2018-03-13,19514,15913.0,0.0,69.51282051282051,12.4,0.0,1146,1,17349.140142338616
2018-03-14,24911,19514.0,0.0,26.820512820512814,17.0,0.0,1793,2,25224.77376542
2018-03-15,7091,24911.0,27.0,23.35897435897436,12.4,0.0,538,3,14598.702657640912
2018-03-16,18415,7091.0,0.0,15.64102564102564,7.1,0.0,1146,4,12428.859886618415
2018-03-17,20165,18415.0,0.0,33.846153846153854,6.6,0.0,2085,5,22148.181764479614
2018-03-18,11740,20165.0,0.5,64.66666666666667,8.2,0.0,1233,6,16496.67613797315
2018-03-19,10297,11740.0,1.0,32.05128205128205,8.0,0.0,533,0,15286.95627629023
2018-03-20,13205,10297.0,0.0,22.128205128205128,4.7,0.0,563,1,12956.280498100463
2018-04-09,23925,7758.0,0.0,43.43589743589744,7.9,0.0,1411,0,15150.897965595903
2018-04-10,20423,23925.0,5.0,49.615384615384606,15.1,0.0,1149,1,23210.72321835774
2018-04-11,25557,20423.0,0.0,66.87179487179488,12.6,0.0,1158,2,21135.85091612449
2018-04-12,28885,25557.0,0.0,48.82051282051282,13.3,0.0,1613,3,27691.885815019086
2018-04-13,29497,28885.0,0.0,37.94871794871795,14.6,0.0,1524,4,28866.89150378064
2018-04-14,8216,29497.0,9.0,22.256410256410255,9.0,0.0,656,5,20709.139587938196
2018-04-15,12721,8216.0,0.0,77.35897435897436,9.5,0.0,1516,6,9070.005324757538
2018-04-16,29589,12721.0,0.0,40.230769230769226,11.6,0.0,1573,0,20140.157969578562
2018-04-17,28236,29589.0,0.0,62.794871794871796,12.9,0.0,1494,1,30861.88132997834
2018-04-18,23499,28236.0,0.0,72.25641025641026,12.4,0.0,1616,2,29428.516440792257
2018-04-19,20400,23499.0,0.0,83.23076923076924,14.0,0.0,1492,3,23727.05929748994
2018-04-21,33144,28351.0,0.0,76.43589743589743,18.7,0.0,3244,5,29297.392103660826
2018-04-22,8095,33144.0,15.5,40.12820512820513,15.5,0.0,951,6,18752.24738277329
2018-04-23,1037,8095.0,59.0,9.666666666666666,9.3,0.0,304,0,-1058.3751933933281
2018-04-24,24560,1037.0,3.0,10.435897435897436,12.1,0.0,959,1,7976.99446240276
2018-04-25,33728,24560.0,0.0,37.5,14.6,0.0,1819,2,28699.986925222907
2018-04-26,32547,33728.0,0.0,48.07692307692307,14.9,0.0,1848,3,35177.33930972921
2018-04-27,32989,32547.0,0.0,60.10256410256411,15.7,0.0,2156,4,32967.05922079296
2018-04-28,33738,32989.0,0.0,63.256410256410255,15.4,0.0,3379,5,35011.746720002026
2018-04-29,35159,33738.0,0.0,56.51282051282051,16.2,0.0,3909,6,34799.162143994814
2018-04-30,32629,35159.0,0.0,84.71794871794873,19.2,0.0,2058,0,36707.08247097213
2018-05-01,34593,32629.0,0.0,63.48717948717949,20.4,0.0,2765,1,36291.612357680904
2018-05-02,8374,34593.0,12.0,46.20512820512821,15.1,0.0,651,2,26822.540713123137
2018-05-03,25963,8374.0,1.0,31.512820512820515,11.2,0.0,1095,3,12767.9644448695
2018-05-04,34058,25963.0,0.0,47.56410256410256,14.1,0.0,1685,4,26848.47926298707
2018-05-05,37389,34058.0,0.0,42.717948717948715,18.3,1.0,3764,5,33688.76021921538
2018-05-06,19809,37389.0,22.0,15.589743589743593,16.6,0.0,2288,6,26305.866002221872
2018-05-07,40026,19809.0,0.0,38.51282051282049,19.2,1.0,4565,0,31718.3155508705
2018-05-08,33738,40026.0,0.0,20.384615384615387,17.5,0.0,1891,1,43549.72956865868
2018-05-09,37851,33738.0,0.0,23.71794871794872,15.7,0.0,2240,2,38957.16061121558
2018-05-10,36549,37851.0,0.0,44.10256410256411,15.4,0.0,1917,3,39022.58592867831
2018-05-11,33923,36549.0,0.0,63.07692307692307,16.1,0.0,1830,4,34724.519120265
2018-05-12,3551,33923.0,32.0,33.46153846153846,14.2,0.0,536,5,15207.597249865352
2018-05-13,35668,3551.0,0.5,25.33333333333333,15.8,0.0,3407,6,15725.169206940924
2018-05-15,36476,35918.0,0.0,78.8205128205128,23.2,0.0,1659,1,33554.43118045574
2018-05-16,7072,36476.0,45.0,36.20512820512821,22.3,0.0,634,2,17208.585551917182
2018-05-17,3802,7072.0,83.0,16.102564102564102,20.9,0.0,312,3,-2578.0965632661555
2018-05-20,39036,43471.0,0.0,12.333333333333336,17.0,0.0,3902,6,44280.980186240646
2018-05-21,42039,39036.0,0.0,10.871794871794872,17.8,0.0,2984,0,50091.14179637105
2018-05-27,39534,37761.0,0.0,68.33333333333333,20.3,0.0,3521,6,34505.260808532184
2018-05-28,40775,39534.0,0.0,52.43589743589744,22.3,0.0,2067,0,42339.30912632212
2018-06-01,41970,41619.0,0.0,44.153846153846146,23.8,0.0,2109,4,39222.22104515201
2018-06-02,41677,41970.0,0.0,51.97435897435897,23.4,0.0,3513,5,41172.05531386768
2018-06-04,44014,40565.0,0.0,43.53846153846154,22.6,0.0,2180,0,44390.842427073345
2018-06-05,44118,44014.0,0.0,41.74358974358975,23.7,0.0,2184,1,45215.59839646723
2018-06-22,47478,47762.0,0.0,51.714285714285715,25.0,0.0,3335,4,47819.16527699926
2018-06-26,6391,46565.0,71.5,63.2,22.3,0.0,635,1,14703.26240799661
2018-06-30,26911,42765.0,14.5,53.82352941176471,24.4,0.0,2094,5,31132.766105072988
2018-07-01,4358,26911.0,83.5,13.088235294117649,21.9,0.0,689,6,4378.377287290581
2018-07-02,6261,4358.0,59.5,11.028571428571427,22.6,0.0,530,0,2182.3274935350337
2018-07-03,41350,6261.0,0.1,13.114285714285714,27.4,0.0,2254,1,19844.810775160462
2018-07-06,49521,39804.0,0.0,8.194444444444445,23.9,0.0,3099,4,44876.053818328925
2018-07-07,48015,49521.0,0.0,9.472222222222221,23.7,0.0,5428,5,57578.73343255304
2018-07-08,48132,48015.0,0.0,12.694444444444445,23.3,0.0,5706,6,53380.372729569615
2018-07-09,8155,48132.0,14.0,10.555555555555557,20.8,0.0,895,0,42811.64700460292
2018-07-10,27956,8155.0,16.5,23.19444444444445,23.7,0.0,1347,1,11666.752569798544
2018-07-11,35390,27956.0,3.0,33.416666666666664,26.8,0.0,1856,2,29898.382194835758
2018-07-12,43611,35390.0,1.0,27.76315789473684,26.6,0.0,2372,3,38097.24122300119
2018-07-13,44976,43611.0,0.0,22.578947368421048,27.3,0.0,2539,4,43626.86179334212
2018-07-14,39205,44976.0,0.0,21.394736842105264,27.9,0.0,3446,5,44844.54292585891
2018-07-15,34957,39205.0,0.0,23.315789473684212,28.3,0.0,2937,6,34949.183858311284
2018-07-16,40964,34957.0,0.0,27.394736842105264,28.7,0.0,2161,0,40881.69399302815
2018-07-17,43323,40964.0,0.0,31.35897435897436,28.1,1.0,2133,1,35376.31271860699
2018-07-18,42609,43323.0,0.0,36.692307692307686,28.2,0.0,2123,2,43376.70979962329
2018-07-19,42316,42609.0,0.0,31.71794871794872,28.7,0.0,2194,3,42572.21755008688
2018-07-20,40337,42316.0,0.0,38.05128205128205,29.5,0.0,2069,4,39060.80869236085
2018-07-21,32360,40337.0,0.0,39.92307692307692,30.6,0.0,2270,5,34895.2511673046
2018-07-22,28250,32360.0,0.0,30.41025641025641,31.8,0.0,1949,6,25797.88818269577
2018-07-23,38003,28250.0,0.0,32.871794871794876,31.7,0.0,1643,0,32975.12546745047
2018-07-24,37486,38003.0,0.0,43.71794871794872,31.4,0.0,1524,1,36402.21322423219
2018-07-25,39225,37486.0,0.0,33.25641025641025,30.1,0.0,1606,2,36892.99004781625
2018-07-26,37796,39225.0,0.0,42.1578947368421,30.1,0.0,1592,3,36398.75564290204
2018-07-27,34985,37796.0,0.0,49.526315789473685,30.9,0.0,1352,4,31717.895944160904
2018-07-28,24649,34985.0,7.5,40.631578947368425,29.5,0.0,1417,5,25682.053881919357
2018-07-29,28317,24649.0,0.0,19.763157894736842,31.3,0.0,1918,6,22244.09306133676
2018-07-30,36701,28317.0,0.0,11.384615384615385,31.7,0.0,1696,0,36252.58717495647
2018-07-31,35262,36701.0,0.0,18.974358974358974,32.6,0.0,1463,1,38036.5306257751
2018-08-01,31169,35262.0,0.0,34.55263157894737,33.6,0.0,1153,2,32930.4304320868
2018-08-02,31321,31169.0,0.0,33.31578947368421,33.7,0.0,1173,3,29410.417483197132
2018-08-03,31646,31321.0,0.0,46.55263157894736,33.1,0.0,1192,4,26550.49261012058
2018-08-04,28174,31646.0,0.0,28.102564102564106,31.1,0.0,1613,5,27485.743138340684
2018-08-05,26989,28174.0,2.0,28.025641025641022,30.0,0.0,1636,6,21911.612583976756
2018-08-06,29113,26989.0,6.5,33.58974358974359,30.5,0.0,1161,0,28059.018535224397
2018-08-07,36983,29113.0,0.0,20.846153846153847,30.5,0.0,1352,1,31773.39471077536
2018-08-08,37140,36983.0,0.0,27.461538461538463,31.0,0.0,1394,2,36189.28165311931
2018-08-09,32216,37140.0,2.0,26.28205128205128,28.8,0.0,1024,3,33336.8535240999
2018-08-10,36178,32216.0,0.0,17.46153846153846,30.7,0.0,1298,4,30549.68786312808
2018-08-11,31293,36178.0,0.0,12.17948717948718,31.0,0.0,1991,5,33455.14888226248
2018-08-12,27363,31293.0,5.0,16.41025641025641,30.6,0.0,1892,6,24955.01702847454
2018-08-13,36076,27363.0,1.0,33.94871794871795,30.5,0.0,1510,0,31372.828831635034
2018-08-14,37659,36076.0,0.0,29.461538461538463,31.7,0.0,1581,1,36786.919681133724
2018-08-15,29270,37659.0,1.0,30.33333333333333,31.7,1.0,1792,2,30194.326096906017
2018-08-16,41358,29270.0,0.0,17.615384615384613,29.9,0.0,1905,3,33011.30690499162
2018-08-17,47634,41358.0,0.0,14.589743589743593,27.2,0.0,2799,4,43819.114938798455
2018-08-18,45629,47634.0,0.0,17.205128205128204,26.7,0.0,4676,5,52082.01626431694
2018-08-19,42281,45629.0,0.0,24.89743589743589,28.2,0.0,4211,6,44053.84859415135
2018-08-20,44243,42281.0,0.0,38.384615384615394,29.1,0.0,2341,0,45891.26007307175
2018-08-21,41964,44243.0,5.0,24.256410256410252,26.6,0.0,2348,1,45304.810798832405
2018-08-22,42425,41964.0,0.0,26.487179487179485,30.7,0.0,1817,2,41827.96839555908
2018-08-23,23616,42425.0,3.0,14.743589743589745,29.4,0.0,805,3,36745.468933650365
2018-08-24,17319,23616.0,7.5,9.820512820512821,24.4,0.0,948,4,21733.918947979604
2018-08-25,47109,17319.0,0.0,25.23076923076923,25.2,0.0,4274,5,28925.20005769755
2018-08-26,32200,47109.0,2.0,18.871794871794872,23.2,0.0,2941,6,40514.04499793148
2018-08-27,23382,32200.0,19.5,10.897435897435901,22.7,0.0,1295,0,30741.400135323667
2018-08-28,13495,23382.0,96.5,11.846153846153848,23.7,0.0,611,1,4436.540184201109
2018-08-29,13001,13495.0,42.0,15.461538461538465,25.2,0.0,557,2,6987.391107226143
2018-08-30,33158,13001.0,9.5,28.794871794871803,25.3,0.0,1393,3,15773.77581216301
2018-08-31,46101,33158.0,0.1,25.615384615384606,25.6,0.0,2563,4,35979.16816854245
2018-09-01,43847,46101.0,0.0,20.33333333333333,25.5,0.0,3760,5,47369.474419064514
2018-09-02,48427,43847.0,0.0,14.384615384615385,25.1,0.0,4875,6,46896.268664652765
2018-09-03,16086,48427.0,34.5,17.153846153846153,23.3,0.0,913,0,34643.595780260606
2018-09-04,50500,16086.0,0.0,18.512820512820515,23.2,0.0,2818,1,27980.815632374706
2018-09-05,53984,50500.0,0.0,28.315789473684212,24.0,0.0,3141,2,54717.30933261533
2018-09-06,46532,53984.0,1.0,37.131578947368425,24.1,0.0,2264,3,51895.719463405956
2018-09-07,53230,46532.0,0.5,27.86842105263158,22.0,0.0,3292,4,49111.3741713253
2018-09-08,55470,53230.0,0.0,25.63888888888889,21.7,0.0,6355,5,62392.78314090012
2018-09-09,54213,55470.0,0.0,22.88888888888889,22.2,0.0,6298,6,60233.1900272664
2018-09-10,55188,54213.0,0.0,13.361111111111107,22.9,0.0,3340,0,63207.846414904816
2018-09-11,56212,55188.0,0.0,14.444444444444445,21.6,0.0,3002,1,60787.8881789353
2018-09-12,57363,56212.0,0.0,17.25,22.8,0.0,3283,2,61364.91781397579
2018-09-13,55791,57363.0,0.0,19.805555555555557,23.5,0.0,2963,3,59432.74443024593
2018-09-14,49383,55791.0,0.5,20.055555555555557,23.5,0.0,2650,4,54012.27471744566
2018-09-15,44808,49383.0,0.2,14.083333333333336,23.3,0.0,3810,5,50800.77588644994
2018-09-16,24317,44808.0,2.0,38.97222222222222,22.2,0.0,2127,6,34551.6639794026
2018-09-17,55335,24317.0,0.1,29.472222222222214,22.3,0.0,2983,0,35507.51270937287
2018-09-18,57691,55335.0,0.0,37.77777777777778,22.0,0.0,2825,1,58003.0337514111
2018-09-19,44096,57691.0,0.2,41.5,22.1,0.0,2112,2,56167.47661760965
2018-09-20,23616,44096.0,5.0,16.857142857142858,19.0,0.0,951,3,38598.85427955161
2018-09-21,32242,23616.0,18.0,9.083333333333334,19.4,0.0,1604,4,21538.950394580832
2018-09-22,49688,32242.0,6.5,33.138888888888886,20.8,0.0,4927,5,39081.130119789814
2018-09-23,38635,49688.0,0.0,29.777777777777786,19.4,1.0,4603,6,46020.509452469
2018-09-24,36406,38635.0,0.0,14.416666666666664,17.6,1.0,5406,0,49729.115943670506
2018-09-25,49595,36406.0,0.0,14.722222222222221,17.8,1.0,6973,1,49574.88741698165
2018-09-26,57730,49595.0,0.0,8.833333333333334,19.4,1.0,7149,2,59680.161046899935
2018-09-27,58200,57730.0,0.0,10.055555555555557,18.9,0.0,3800,3,64927.3946550629
2018-09-28,59649,58200.0,0.0,14.542857142857144,17.5,0.0,3650,4,62109.19485932351
2018-09-29,63866,59649.0,0.0,16.885714285714286,20.2,0.0,7170,5,71457.69090383312
2018-09-30,55893,63866.0,0.0,21.62857142857143,17.6,0.0,5862,6,66452.79483101447
2018-10-01,51808,55893.0,0.0,17.705882352941178,15.4,0.0,2474,0,62396.45357656071
2018-10-02,57280,51808.0,0.0,26.457142857142852,15.9,0.0,2812,1,57273.491932536745
2018-10-03,64671,57280.0,0.0,28.17142857142857,17.3,1.0,6966,2,63364.10620651873
2018-10-04,59413,64671.0,0.0,23.4,19.3,0.0,2946,3,66360.02272985577
2018-10-05,7772,59413.0,36.5,11.457142857142856,16.9,0.0,606,4,32861.46004233671
2018-10-06,32510,7772.0,55.5,6.914285714285715,18.0,0.0,3206,5,12171.797875925828
2018-10-07,57873,32510.0,0.0,27.857142857142854,16.4,0.0,6099,6,43713.63368657296
2018-10-08,57247,57873.0,0.0,23.82857142857143,14.8,0.0,3722,0,68382.62172291274
2018-10-09,61525,57247.0,0.0,26.82857142857143,15.3,1.0,5278,1,59977.309545437834
2018-10-10,44876,61525.0,7.0,19.65714285714286,12.0,0.0,1672,2,57894.948405762225
2018-10-11,44489,44876.0,0.0,18.314285714285713,9.7,0.0,1499,3,45268.71832436695
2018-10-12,48529,44489.0,0.0,25.457142857142852,10.9,0.0,2032,4,44664.64642239013
2018-10-13,49203,48529.0,0.0,35.42857142857143,12.5,0.0,3690,5,50741.6456105308
2018-10-14,49025,49203.0,0.0,36.02857142857143,13.2,0.0,4071,6,48693.15649108211
2018-10-15,49503,49025.0,0.0,63.14285714285714,15.2,0.0,2109,0,51860.28748551419
2018-10-16,51236,49503.0,0.0,50.914285714285704,14.5,0.0,1876,1,50432.6025805855
2018-10-17,49795,51236.0,0.0,36.142857142857146,12.4,0.0,1841,2,52362.614851870436
2018-10-18,49560,49795.0,0.0,16.714285714285715,12.7,0.0,1702,3,49955.91409735107
2018-10-19,52122,49560.0,0.0,20.527777777777786,13.1,0.0,2271,4,49660.11032355632
2018-10-20,49815,52122.0,0.0,40.48648648648648,13.4,0.0,3721,5,53304.78595102208
2018-10-21,48346,49815.0,0.0,38.83783783783785,13.4,0.0,3960,6,48531.53757331647
2018-10-22,49889,48346.0,0.0,53.45945945945946,14.0,0.0,2068,0,51993.29271719177
2018-10-23,40223,49889.0,5.0,53.91891891891893,12.2,0.0,1304,1,46656.572343350635
2018-10-24,50343,40223.0,0.0,43.0,12.5,0.0,1777,2,41942.8215656435
2018-10-25,52181,50343.0,0.0,41.51351351351352,13.8,0.0,1932,3,50282.05960605931
2018-10-26,24308,52181.0,11.0,36.44736842105263,12.2,0.0,968,4,40530.701895347236
2018-10-27,33699,24308.0,0.0,26.947368421052627,8.7,0.0,1706,5,24874.764564491747
2018-10-28,20882,33699.0,5.5,15.052631578947368,8.3,0.0,1170,6,24631.024024763607
2018-10-29,36107,20882.0,0.0,18.297297297297305,7.2,0.0,870,0,25757.083970699357
2018-10-30,37382,36107.0,0.0,22.297297297297305,6.1,0.0,843,1,36763.3023107636
2018-10-31,39009,37382.0,0.0,22.97297297297297,7.4,0.0,929,2,37330.12350365414
2018-11-01,41911,39009.0,0.0,36.56756756756757,8.4,0.0,1381,3,39382.821540709054
2018-11-02,44917,41911.0,0.0,44.714285714285715,10.6,0.0,1549,4,39905.48148728951
2018-11-03,40640,44917.0,0.0,54.64285714285714,11.2,0.0,2563,5,42943.861542867635
2018-11-04,39973,40640.0,0.0,45.66666666666666,11.6,0.0,2790,6,37190.35022976304
2018-11-05,43870,39973.0,0.0,60.04761904761904,11.9,0.0,1408,0,42134.69964463536
2018-11-06,39680,43870.0,0.0,103.04761904761904,12.2,0.0,1091,1,41540.92124019206
2018-11-07,29492,39680.0,2.0,66.21428571428571,12.8,0.0,748,2,35452.0343410815
2018-11-08,2730,29492.0,64.0,9.857142857142858,11.8,0.0,281,3,6583.482969744364
2018-11-09,34673,2730.0,1.0,41.62790697674419,12.1,0.0,943,4,6781.475643605793
2018-11-10,34194,34673.0,0.0,73.4186046511628,11.9,0.0,1714,5,30692.106339935905
2018-11-11,23926,34194.0,0.0,69.0,8.1,0.0,1093,6,25937.173429080067
2018-11-12,38706,23926.0,0.0,32.56818181818182,8.1,0.0,972,0,27989.88002689142
2018-11-13,40263,38706.0,0.0,42.95454545454545,8.8,0.0,1012,1,38772.601249523716
2018-11-14,41973,40263.0,0.0,36.79545454545455,9.8,0.0,1057,2,39672.87721216831
2018-11-15,39702,41973.0,0.0,50.93181818181818,9.7,0.0,995,3,39687.423406563445
2018-11-16,37629,39702.0,0.0,58.22727272727273,8.8,0.0,962,4,35712.371517235166
2018-11-17,28167,37629.0,0.0,32.54545454545455,4.9,0.0,1243,5,33243.56171731532
2018-11-18,26464,28167.0,0.0,37.67441860465117,6.1,0.0,1330,6,23455.243621558784
2018-11-19,34352,26464.0,0.0,58.86363636363637,6.5,0.0,810,0,28659.174803150203
2018-11-20,34855,34352.0,0.2,47.0,6.5,0.0,766,1,33974.405183448966
2018-11-21,28140,34855.0,1.0,35.04545454545455,5.8,0.0,515,2,32642.780499903452
2018-11-22,29239,28140.0,0.0,22.454545454545453,2.3,0.0,513,3,27033.20374490169
2018-11-23,28620,29239.0,0.0,25.15909090909091,1.9,0.0,573,4,26644.607013356093
2018-11-24,11255,28620.0,10.9,23.20454545454545,2.6,0.0,367,5,18442.450905424706
2018-11-25,19946,11255.0,0.0,46.80952380952381,4.8,0.0,922,6,10397.165155929184
2018-11-26,30698,19946.0,0.0,64.68888888888888,6.3,0.0,661,0,21995.673598023248
2018-11-27,28806,30698.0,0.0,120.08888888888887,7.1,0.0,455,1,28799.27982141136
2018-11-28,29177,28806.0,0.0,122.77777777777777,5.0,0.0,567,2,27956.62119002875
2018-11-29,28977,29177.0,0.0,78.02222222222224,3.5,0.0,542,3,27762.842524099447
2018-11-30,28557,28977.0,0.0,63.977777777777774,2.7,0.0,598,4,26452.923260553634
2018-12-01,24622,28557.0,0.0,48.111111111111114,5.5,0.0,1002,5,24877.249688288204
2018-12-02,23035,24622.0,0.0,49.33333333333334,8.2,0.0,1058,6,19279.152253733744
2018-12-03,10638,23035.0,9.5,41.444444444444436,11.5,0.0,339,0,20352.83165439469
2018-12-04,20029,10638.0,5.0,35.71111111111111,6.7,0.0,427,1,10318.721257451103
2018-12-05,23535,20029.0,0.0,28.644444444444453,0.0,0.0,430,2,20202.697369346737
2018-12-06,23788,23535.0,0.0,38.6,2.4,0.0,386,3,22323.580456177257
2018-12-07,15148,23788.0,0.0,22.288888888888888,-7.3,0.0,175,4,20969.758528949584
2018-12-08,9824,15148.0,0.0,24.11111111111111,-8.3,0.0,187,5,12437.015848141758
2018-12-09,8749,9824.0,0.0,23.022222222222233,-7.2,0.0,197,6,7546.945149966595
2018-12-10,17987,8749.0,0.0,36.266666666666666,-2.5,0.0,231,0,11491.970184794918
2018-12-11,20805,17987.0,0.0,41.91111111111111,0.2,0.0,300,1,17975.8984794096
2018-12-12,19339,20805.0,0.0,45.46666666666667,-1.9,0.0,263,2,20182.871096052102
2018-12-13,11765,19339.0,1.3,39.55555555555557,-2.2,0.0,152,3,17515.94523432793
2018-12-14,14932,11765.0,0.0,33.39130434782609,-4.4,0.0,214,4,11216.310516495676
2018-12-15,12720,14932.0,0.0,56.23913043478261,-2.4,0.0,313,5,12649.35537785643
2018-12-16,10783,12720.0,0.3,52.69565217391305,0.0,0.0,315,6,9244.440225988812
2018-12-17,17449,10783.0,0.3,74.56521739130434,1.6,0.0,321,0,12660.035988996178
2018-12-18,20917,17449.0,0.0,46.23913043478261,2.6,0.0,416,1,17728.2825277403
2018-12-19,21970,20917.0,0.0,54.23913043478261,4.0,0.0,429,2,20245.381595946397
2018-12-20,22881,21970.0,0.0,58.6304347826087,3.4,0.0,539,3,21377.784727457398
2018-12-21,23422,22881.0,0.0,76.30434782608695,5.6,0.0,798,4,21488.25891288123
2018-12-22,17127,23422.0,0.0,86.8913043478261,6.9,0.0,636,5,18780.380800543793
2018-12-23,13601,17127.0,0.0,52.0,2.4,0.0,599,6,13169.509181383144
2018-12-24,16579,13601.0,0.0,23.217391304347824,-2.3,0.0,338,0,16695.474501758832
2018-12-25,12437,16579.0,0.0,34.02173913043478,0.6,1.0,497,1,12608.113994597883
2018-12-26,17112,12437.0,0.0,50.93478260869565,-1.5,0.0,338,2,12908.62345575538
2018-12-27,11325,17112.0,0.0,26.67391304347826,-10.1,0.0,159,3,16483.16636546534
2018-12-28,10445,11325.0,0.0,35.69565217391305,-10.5,0.0,150,4,10898.581915465556
2018-12-29,8083,10445.0,0.0,37.71739130434783,-7.6,0.0,168,5,8940.433045336482
2018-12-30,7864,8083.0,0.0,32.13043478260869,-6.8,0.0,223,6,6554.719281384053
2018-12-31,11911,7864.0,0.0,46.73913043478261,-5.4,0.0,245,0,10666.331442011686
2019-01-01,8601,11911.0,0.0,38.76086956521739,-5.0,1.0,371,1,8565.15217530867
2019-01-02,14360,8601.0,0.0,33.869565217391305,-4.9,0.0,295,2,9542.41908756122
2019-01-03,16344,14360.0,0.0,39.08695652173913,-3.5,0.0,342,3,14720.523590515812
2019-01-04,17308,16344.0,0.0,58.32608695652174,-1.1,0.0,352,4,15401.773112337534
2019-01-05,12380,17308.0,0.0,64.54347826086956,-2.8,0.0,389,5,14980.052376650647
2019-01-06,11094,12380.0,0.0,50.76086956521739,-2.8,0.0,455,6,10117.229821255472
2019-01-07,16795,11094.0,0.0,54.82608695652174,-1.9,0.0,345,0,13783.495115339545
2019-01-08,15833,16795.0,0.0,41.56521739130435,-3.5,0.0,329,1,17314.23021516874
2019-01-09,15819,15833.0,0.0,50.3695652173913,-4.7,0.0,305,2,16149.963531259846
2019-01-10,17894,15819.0,0.0,56.97826086956522,-0.6,0.0,361,3,15818.58172879381
2019-01-11,19271,17894.0,0.0,76.78260869565217,2.4,0.0,462,4,16629.41750548225
2019-01-12,14519,19271.0,0.0,93.93478260869566,2.8,0.0,576,5,16331.14044352147
2019-01-13,11751,14519.0,0.0,109.19565217391305,1.2,0.0,534,6,11414.371411195203
2019-01-14,14818,11751.0,0.0,161.52173913043478,1.4,0.0,310,0,14822.368001237055
2019-01-15,14761,14818.0,0.0,137.34782608695653,-1.7,0.0,303,1,16516.680137173833
2019-01-16,15823,14761.0,0.0,47.71739130434783,-5.2,0.0,317,2,15245.778852829833
2019-01-17,17960,15823.0,0.0,44.1304347826087,-0.3,0.0,386,3,15934.521446050321
2019-01-18,18901,17960.0,0.0,56.5,0.6,0.0,412,4,16758.424011463776
2019-01-19,14883,18901.0,0.0,93.04347826086956,3.6,0.0,585,5,15861.943813408065
2019-01-20,11191,14883.0,0.0,67.91304347826087,-1.4,0.0,453,6,11685.292154096138
2019-01-21,17240,11191.0,0.0,43.10869565217392,-1.2,0.0,380,0,14184.025583709426
2019-01-22,19885,17240.0,0.0,65.47826086956522,1.7,0.0,526,1,17802.491097399932
2019-01-23,19163,19885.0,0.0,76.52173913043478,2.0,0.0,525,2,19892.506115441938
2019-01-24,20057,19163.0,0.0,42.82608695652174,0.1,0.0,527,3,19426.581324596013
2019-01-25,18159,20057.0,0.0,48.30434782608695,-1.2,0.0,437,4,18828.123143016306
2019-01-26,13203,18159.0,0.0,42.23913043478261,-2.5,0.0,484,5,15808.340838527587
2019-01-27,12440,13203.0,0.0,37.80434782608695,-0.1,0.0,568,6,10842.903353421862
2019-01-28,17317,12440.0,0.0,84.8913043478261,1.2,0.0,419,0,14645.341912031443
2019-01-29,19477,17317.0,0.0,69.6086956521739,-0.2,0.0,475,1,17944.040409819925
2019-01-30,20677,19477.0,0.0,63.04347826086956,1.8,0.0,544,2,19680.424711029034
2019-01-31,17649,20677.0,0.0,74.1304347826087,-2.0,0.0,390,3,20651.305011778357
2019-02-01,17696,17649.0,0.3,39.23913043478261,-2.1,0.0,334,4,16312.078536872976
2019-02-02,13742,17696.0,0.0,57.69565217391305,1.4,0.0,486,5,14953.021840640708
2019-02-03,2010,13742.0,16.0,36.60869565217392,3.3,0.0,160,6,4609.709837526428
2019-02-04,8562,2010.0,0.0,73.28260869565217,-0.6,1.0,496,0,4823.744336870693
2019-02-05,9119,8562.0,0.0,85.02173913043478,2.8,1.0,725,1,7819.895027038136
2019-02-06,13694,9119.0,0.0,95.58695652173913,5.1,1.0,865,2,7908.391040888044
2019-02-07,14533,13694.0,0.5,62.3695652173913,-2.1,0.0,437,3,14306.246218138904
2019-02-08,14782,14533.0,0.0,31.108695652173914,-6.1,0.0,328,4,14092.946624486882
2019-02-09,11760,14782.0,0.0,34.68888888888889,-5.4,0.0,376,5,12987.72601816533
2019-02-10,9759,11760.0,0.0,41.77777777777778,-5.0,0.0,415,6,9773.292277598288
2019-02-11,16881,9759.0,0.0,38.888888888888886,-3.0,0.0,431,0,13259.337666474585
2019-02-12,18862,16881.0,0.0,58.91304347826087,-0.6,0.0,432,1,17458.034589066847
2019-02-13,18411,18862.0,0.0,39.19565217391305,-2.1,0.0,385,2,19005.236056159156
2019-02-14,19376,18411.0,0.0,52.02173913043478,-0.5,0.0,493,3,18656.614749355762
2019-02-15,9213,19376.0,2.2,39.43478260869565,-0.8,0.0,290,4,16666.702247882706
2019-02-16,12641,9213.0,0.2,60.1304347826087,-2.7,0.0,493,5,9067.652075887258
2019-02-17,13390,12641.0,0.0,36.23913043478261,-1.8,0.0,693,6,11229.881911380711
2019-02-18,19916,13390.0,0.0,42.80434782608695,0.9,0.0,601,0,17039.201284455085
2019-02-19,11689,19916.0,4.6,42.71739130434783,1.4,0.0,369,1,18111.00722023489
2019-02-20,19572,11689.0,0.0,58.02173913043478,1.7,0.0,582,2,12936.893521149428
2019-02-21,20995,19572.0,0.0,78.23913043478261,2.4,0.0,666,3,19905.206277504432
2019-02-22,21727,20995.0,0.0,73.3913043478261,4.0,0.0,725,4,19978.370099468593
2019-02-23,23742,21727.0,0.0,55.69565217391305,6.8,0.0,1636,5,21973.218487619833
2019-02-24,21933,23742.0,0.0,60.23913043478261,6.3,0.0,1912,6,22326.379267928878
2019-02-25,23445,21933.0,0.0,84.04347826086956,4.7,0.0,970,0,24828.36787635607
2019-02-26,28010,23445.0,0.0,53.34782608695652,5.2,0.0,1289,1,26323.639879282844
2019-02-27,28652,28010.0,0.0,70.76086956521739,7.8,0.0,1228,2,28891.225366525476
2019-02-28,27431,28652.0,0.0,89.04347826086956,6.6,0.0,1261,3,29217.723901822163
2019-03-01,21751,27431.0,0.0,118.58695652173913,6.6,1.0,1518,4,23363.38149095677
2019-03-02,22503,21751.0,0.0,121.08695652173913,7.8,0.0,1527,5,20063.05360595263
2019-03-03,24382,22503.0,0.0,100.95652173913044,9.4,0.0,1850,6,19455.97280062333
2019-03-04,26887,24382.0,0.0,166.52173913043478,9.9,0.0,1074,0,25366.374191909184
2019-03-05,24042,26887.0,0.0,188.8260869565217,8.4,0.0,701,1,26660.665584818642
2019-03-06,25379,24042.0,0.0,145.02173913043478,8.4,0.0,698,2,22705.40362550124
2019-03-07,31156,25379.0,0.0,58.6304347826087,7.0,0.0,1096,3,26078.821268880194
2019-03-08,33073,31156.0,0.0,52.1304347826087,6.1,0.0,1280,4,30583.03169603143
2019-03-14,30997,28653.0,0.0,42.06521739130435,5.0,0.0,915,3,28783.852556692585
2019-03-15,20481,30997.0,3.5,69.91304347826087,5.5,0.0,722,4,26648.927767169665
2019-03-18,36313,35622.0,0.0,40.130434782608695,7.1,0.0,1531,0,40538.66961532491
2019-03-19,39908,36313.0,0.0,64.1086956521739,10.0,0.0,1690,1,38286.00965126659
2019-03-20,16204,39908.0,16.5,97.46666666666668,10.3,0.0,620,2,29231.05515767415
2019-03-21,26455,16204.0,3.3,33.0,7.1,0.0,834,3,16899.94525097065
2019-03-22,32363,26455.0,0.0,39.26086956521739,3.3,0.0,1055,4,26352.577550979127
2019-03-23,21696,32363.0,1.7,25.32608695652174,3.3,0.0,1245,5,28824.20946708461
2019-03-24,31622,21696.0,0.0,28.347826086956523,4.3,0.0,2868,6,26147.851476606727
2019-03-25,34226,31622.0,0.0,48.02173913043478,7.3,0.0,1179,0,35096.0516397889
2019-03-26,42644,34226.0,0.0,58.19565217391305,11.4,0.0,1869,1,36967.07044804696
2019-03-27,35832,42644.0,0.0,90.80434782608695,11.6,0.0,1173,2,40636.201730293345
2019-03-28,38806,35832.0,0.0,85.58695652173913,9.4,0.0,1441,3,35555.703040320506
2019-03-29,43893,38806.0,0.0,40.19565217391305,9.2,0.0,2036,4,39842.380914236106
2019-03-30,14001,43893.0,1.8,35.15217391304348,5.2,0.0,858,5,35505.62194717975
2019-03-31,22326,14001.0,0.0,43.65217391304348,4.4,0.0,1369,6,14190.451222622087
2019-04-01,37660,22326.0,0.0,25.32608695652174,5.5,0.0,1399,0,28960.868687541442
2019-04-02,42029,37660.0,0.0,32.78260869565217,6.7,0.0,1721,1,41593.53716069394
2019-04-03,43257,42029.0,0.0,39.84782608695652,7.6,0.0,1736,2,44585.188632375815
2019-04-04,45681,43257.0,0.0,36.869565217391305,9.2,0.0,1921,3,45291.76988481443
2019-04-05,45643,45681.0,0.0,79.30434782608695,11.4,0.0,2403,4,45521.493483370905
2019-04-06,25902,45643.0,0.8,64.45652173913044,9.3,0.0,1697,5,40031.736504687564
2019-04-07,55943,25902.0,0.0,38.19565217391305,12.6,0.0,6689,6,40642.524308767934
2019-04-08,52643,55943.0,0.0,38.21739130434783,11.6,0.0,3121,0,64326.66956176949
2019-04-09,24734,52643.0,17.4,27.5,9.2,0.0,1064,1,43655.9062625453
2019-04-10,26421,24734.0,5.6,8.26086956521739,7.1,0.0,967,2,25040.262785360293
2019-04-11,51013,26421.0,0.0,28.347826086956523,9.5,0.0,2372,3,33123.428783747666
2019-04-12,55125,51013.0,0.0,51.04347826086956,11.4,0.0,3191,4,54024.071229383386
2019-04-13,57020,55125.0,0.0,49.5,11.8,0.0,5648,5,62823.93455325493
2019-04-14,28467,57020.0,1.7,39.23913043478261,9.6,0.0,2328,6,47424.132798978535
2019-04-15,55422,28467.0,0.0,52.91304347826087,11.6,0.0,2833,0,37292.99667593603
2019-04-16,60566,55422.0,0.0,49.23913043478261,14.9,0.0,3175,1,60558.41634565383
2019-04-17,62522,60566.0,0.0,43.21739130434783,15.3,0.0,3356,2,65604.81679846479
2019-04-18,50439,62522.0,0.0,38.60869565217392,12.6,0.0,1819,3,61067.32606959425
2019-04-19,60925,50439.0,0.0,44.6304347826087,13.8,0.0,3424,4,53960.043796266364
2019-04-20,51068,60925.0,1.2,45.8695652173913,14.3,0.0,5178,5,64987.20677813702
2019-04-21,53339,51068.0,0.3,33.45652173913044,14.8,0.0,5605,6,55538.93781654963
2019-04-22,63995,53339.0,0.0,90.71739130434784,19.3,0.0,3670,0,57152.22885724623
2019-04-23,58811,63995.0,0.0,95.7608695652174,20.4,0.0,2573,1,61831.85326224964
2019-04-24,55815,58811.0,4.1,59.04347826086956,19.5,0.0,2902,2,57946.15444702161
2019-04-25,22471,55815.0,11.3,41.82608695652174,13.2,0.0,1074,3,45918.69500368125
2019-04-26,26484,22471.0,4.9,10.565217391304348,8.4,0.0,1110,4,22114.909929729725
2019-04-27,65124,26484.0,0.0,18.97826086956522,11.6,0.0,6294,5,44206.73358326513
2019-04-28,56012,65124.0,0.0,19.97826086956522,12.9,0.0,5006,6,65572.39510693714
2019-04-29,63256,56012.0,0.0,25.30434782608696,13.0,0.0,2861,0,63962.20946894418
2019-04-30,70213,63256.0,0.0,35.95652173913044,15.5,0.0,3882,1,70908.65421616973
2019-05-01,76439,70213.0,0.0,61.5,16.4,0.0,6760,2,82407.05598348781
2019-05-02,72430,76439.0,0.0,58.21739130434783,17.1,0.0,3957,3,79933.80430693358
2019-05-03,73647,72430.0,0.0,60.84782608695652,17.9,0.0,4612,4,75364.9271403722
2019-05-04,66392,73647.0,0.0,93.04347826086956,19.5,0.0,7015,5,76860.80175814104
2019-05-05,66911,66392.0,0.0,66.8695652173913,19.2,1.0,8006,6,66929.99631738271
2019-05-06,74806,66911.0,0.0,34.73913043478261,14.5,1.0,8525,0,75820.10030777012
2019-05-07,70506,74806.0,0.0,49.71739130434783,15.0,0.0,3559,1,80055.51489659927
2019-05-08,70426,70506.0,0.0,52.89130434782609,15.6,0.0,3181,2,73657.83190546698
2019-05-09,71707,70426.0,0.0,49.95652173913044,16.6,0.0,3427,3,73010.46604988018
2019-05-10,74960,71707.0,0.0,63.73913043478261,17.8,0.0,4157,4,73076.18276109277
2019-05-11,76110,74960.0,0.0,68.58695652173913,20.3,0.0,7220,5,80017.78317505527
2019-05-12,73318,76110.0,0.0,58.41304347826087,21.6,1.0,7396,6,71813.93642829145
2019-05-13,68389,73318.0,0.0,59.06521739130435,18.7,0.0,3199,0,76889.69744167935
2019-05-14,78385,68389.0,0.0,46.41304347826087,19.6,0.0,3993,1,73720.06792872732
2019-05-15,76969,78385.0,0.0,70.19565217391305,20.7,0.0,3712,2,79665.95926179529
2019-05-16,75399,76969.0,0.0,69.65217391304348,23.5,0.0,3550,3,75407.99227366006
2019-05-17,79158,75399.0,0.0,57.67391304347826,23.6,0.0,3980,4,73505.37992825237
2019-05-18,79583,79158.0,0.0,32.41304347826087,22.8,0.0,6520,5,83419.97612300799
2019-05-19,12749,79583.0,22.0,14.282608695652176,19.4,0.0,1331,6,47316.99319273731
2019-05-20,72066,12749.0,8.7,39.130434782608695,16.4,0.0,3188,0,23393.75439358115
2019-05-21,80599,72066.0,0.0,52.97826086956522,17.2,0.0,3595,1,76417.1379578729
2019-05-22,80735,80599.0,0.0,57.80434782608695,19.5,0.0,3488,2,82281.23454327782
2019-05-23,78504,80735.0,0.0,75.23913043478261,22.1,0.0,3290,3,78481.7459510396
2019-05-24,77190,78504.0,0.0,85.0,24.2,0.0,3506,4,73021.62624399363
2019-05-25,75791,77190.0,0.0,86.21739130434781,23.4,0.0,5715,5,75101.67082214623
2019-05-26,74327,75791.0,0.0,40.71739130434783,24.5,0.0,6237,6,73644.99258294517
2019-05-27,30670,74327.0,7.1,23.69565217391305,17.8,0.0,1456,0,69893.21428173869
2019-05-28,83654,30670.0,0.0,23.5,18.1,0.0,3452,1,41369.48295534071
2019-05-29,83496,83654.0,0.0,49.97826086956522,20.3,0.0,3213,2,84187.1340995717
2019-05-30,73814,83496.0,0.0,48.02,19.6,0.0,2724,3,81133.7331430647
2019-05-31,83765,73814.0,0.0,21.86,19.1,0.0,3524,4,73915.77289877961
2019-06-01,79878,83765.0,0.0,36.34,18.9,0.0,5874,5,86574.82326339823
2019-06-02,77091,79878.0,0.0,38.94,21.1,0.0,5877,6,77099.59053431089
2019-06-03,82911,77091.0,0.0,40.92,23.1,0.0,3407,0,80566.0268325185
2019-06-04,83576,82911.0,0.0,30.6,22.6,0.0,3005,1,83613.27268634831
2019-06-05,81515,83576.0,0.0,53.979591836734684,23.0,0.0,3184,2,82512.0106534086
2019-06-06,36945,81515.0,7.9,62.72340425531914,21.2,1.0,2316,3,59614.530944600774
2019-06-07,54701,36945.0,35.3,13.48936170212766,20.0,0.0,2923,4,30375.28029460181
2019-06-08,83736,54701.0,0.0,26.085106382978722,21.9,0.0,5916,5,62022.76712329814
2019-06-09,60371,83736.0,2.5,39.91489361702128,21.6,0.0,3697,6,69947.509836424
2019-06-10,63032,60371.0,9.5,11.48936170212766,18.4,0.0,2467,0,61654.514309304104
2019-06-11,85776,63032.0,0.0,13.531914893617019,20.5,0.0,3383,1,69343.55312607334
2019-06-12,83506,85776.0,0.0,32.680851063829785,21.5,0.0,2995,2,85629.33169186905
2019-06-13,81540,83506.0,0.0,31.818181818181817,23.0,0.0,2944,3,81198.8199798007
2019-06-14,85533,81540.0,0.0,35.06818181818182,23.0,0.0,3312,4,77708.04991729035
2019-06-15,71883,85533.0,2.1,37.11363636363637,21.9,0.0,4382,5,80050.81817454666
2019-06-16,81803,71883.0,0.0,17.045454545454547,22.0,0.0,6425,6,73797.97535865064
2019-06-17,86987,81803.0,0.0,25.22727272727273,21.7,0.0,3610,0,87369.42184837157
2019-06-18,42393,86987.0,13.8,33.02272727272727,20.8,0.0,1625,1,74184.4627087317
2019-06-19,79958,42393.0,0.2,34.04545454545455,21.4,0.0,2707,2,46223.121582391854
2019-06-20,88226,79958.0,0.0,29.363636363636363,22.7,0.0,3235,3,79480.5743962178
2019-06-21,81089,88226.0,0.2,28.65909090909091,22.1,0.0,2952,4,82483.8889253416
2019-06-22,85728,81089.0,0.0,12.840909090909092,24.2,0.0,5830,5,83587.09983954697
2019-06-23,79269,85728.0,0.0,12.590909090909092,25.0,0.0,5721,6,81255.47473315714
2019-06-24,88432,79269.0,0.0,22.681818181818183,25.2,0.0,3892,0,85053.74570300258
2019-06-25,88096,88432.0,0.0,33.34090909090909,25.6,0.0,3384,1,88564.81311500055
2019-06-26,81274,88096.0,0.0,35.58139534883721,25.5,0.0,2484,2,83801.87479658976
2019-06-27,79234,81274.0,1.4,21.022727272727273,25.5,0.0,2635,3,76758.76142272599
2019-06-28,77056,79234.0,0.0,41.61363636363637,24.7,0.0,2566,4,71634.7703095464
2019-06-29,67346,77056.0,1.5,25.63636363636364,23.1,0.0,3734,5,70662.44990523871
2019-06-30,74994,67346.0,0.0,32.56818181818182,23.9,0.0,4311,6,60437.575549748304
2019-07-01,92814,74994.0,0.0,35.13636363636363,23.9,0.0,3834,0,80281.63173599052
2019-07-02,94783,92814.0,0.0,30.88372093023256,24.4,0.0,3508,1,93717.53215666323
2019-07-03,94773,94783.0,0.0,33.395348837209305,24.1,0.0,3318,2,93971.00599049323
2019-07-04,90397,94773.0,0.0,32.06976744186046,25.4,0.0,3255,3,91550.82274605992
2019-07-05,83994,90397.0,0.0,36.04651162790697,27.6,0.0,2912,4,81776.03214837967
2019-07-05,83994,18436.0,0.0,36.04651162790697,27.6,0.0,2912,4,25714.14041862136
2019-07-06,70246,83994.0,0.0,31.744186046511636,29.7,0.0,3584,5,73810.45708425484
2019-07-07,75116,70246.0,0.0,18.372093023255815,26.7,0.0,4350,6,62806.890075019146
2019-07-08,93609,75116.0,0.0,10.72093023255814,25.1,0.0,3697,0,82086.22336999455
2019-07-09,95859,93609.0,0.0,11.55813953488372,25.0,0.0,3491,1,95563.57717324345
2019-07-10,43842,95859.0,8.5,11.069767441860463,22.7,0.0,1549,2,83387.73139970368
2019-07-11,65003,43842.0,2.9,8.069767441860465,21.9,0.0,1951,3,44243.36762831717
2019-07-12,94473,65003.0,0.0,14.414634146341465,23.6,0.0,3143,4,64056.50606210009
2019-07-13,81067,94473.0,0.0,31.87804878048781,24.9,0.0,4547,5,88475.39164902327
2019-07-14,74259,81067.0,0.0,44.073170731707314,25.9,0.0,4204,6,69380.3871542345
2019-07-15,57917,74259.0,7.7,41.88636363636363,23.8,0.0,1803,0,67958.04534436687
2019-07-16,82285,57917.0,6.3,33.15555555555556,24.7,0.0,2475,1,55700.98551931281
2019-07-17,84261,82285.0,0.7,61.34090909090909,25.6,1.0,2482,2,63971.0227170035
2019-07-18,81613,84261.0,0.0,67.37777777777778,26.9,0.0,2468,3,76640.2130001443
2019-07-19,77449,81613.0,0.0,34.4,28.6,0.0,2173,4,70771.77990604709
2019-07-20,56648,77449.0,1.1,9.5,28.0,0.0,2313,5,63977.32074265416
2019-07-21,46130,56648.0,6.2,16.068181818181817,25.1,0.0,2240,6,42030.025629712625
2019-07-22,82781,46130.0,0.1,46.91666666666666,26.7,0.0,2683,0,49600.56725531177
2019-07-23,83206,82781.0,0.0,28.1875,28.1,0.0,2497,1,79592.19412344304
2019-07-24,59020,83206.0,1.0,24.47916666666667,26.5,0.0,1598,2,75242.59859729395
2019-07-25,34778,59020.0,9.7,25.97872340425532,26.3,0.0,901,3,46206.76879811995
2019-07-26,22789,34778.0,60.0,18.617021276595747,25.1,0.0,634,4,12824.45091381991
2019-07-27,50955,22789.0,0.6,19.29787234042553,28.4,0.0,2043,5,24488.217321041688
2019-07-28,23342,50955.0,25.6,14.851063829787234,26.1,0.0,990,6,26227.861446860923
2019-07-29,74046,23342.0,0.5,15.645833333333336,27.5,0.0,2147,0,33433.1291317025
2019-07-30,69757,74046.0,1.2,19.5,28.1,0.0,1905,1,69706.85440674738
2019-07-31,26874,69757.0,62.3,17.145833333333332,25.8,0.0,762,2,32904.32605952435
2019-08-01,59803,26874.0,26.9,13.816326530612244,26.3,0.0,1711,3,23065.64798550958
2019-08-02,67510,59803.0,0.0,20.14,28.4,0.0,1950,4,53242.596963033175
2019-08-03,49047,67510.0,3.0,21.86,29.4,0.0,1893,5,52805.65139164149
2019-08-04,46477,49047.0,8.6,29.40816326530612,28.3,0.0,2174,6,34851.253927453006
2019-08-05,65085,46477.0,0.0,40.68,30.5,0.0,1706,0,46456.53382809464
2019-08-06,66703,65085.0,0.0,30.84,31.6,0.0,1672,1,59929.82697873572
2019-08-07,50804,66703.0,8.0,20.58,26.9,0.0,1508,2,57493.73009637557
2019-08-08,69748,50804.0,0.0,42.5,28.9,0.0,1871,3,46650.77575764875
2019-08-09,67491,69748.0,0.0,28.9,29.8,0.0,1871,4,59714.62239375475
2019-08-10,54162,67491.0,0.0,22.76,31.5,0.0,2107,5,54557.663518206566
2019-08-11,43351,54162.0,6.7,18.76,30.4,0.0,1782,6,37248.61740116797
2019-08-12,24386,43351.0,56.2,18.24,26.6,0.0,725,0,23937.944281683176
2019-08-13,63749,24386.0,6.4,25.26,29.2,0.0,1528,1,26445.52135824504
2019-08-14,65452,63749.0,0.0,20.76,30.4,0.0,1536,2,58341.01244885982
2019-08-15,32229,65452.0,16.2,9.16,25.9,1.0,1266,3,39720.39625696881
2019-08-16,71161,32229.0,0.1,17.86,25.9,0.0,2415,4,35450.1470257706
2019-08-17,72259,71161.0,0.0,32.7,25.9,0.0,3828,5,65725.61591647632
2019-08-18,72588,72259.0,0.0,25.489795918367342,25.6,0.0,4425,6,64511.61189949238
2019-08-19,81832,72588.0,0.0,26.08,26.3,0.0,3032,0,75588.87051785762
2019-08-20,82116,81832.0,0.0,30.8,28.2,0.0,2777,1,79595.75051421157
2019-08-21,56957,82116.0,1.3,32.22,27.0,0.0,1767,2,74286.57874144614
2019-08-22,82232,56957.0,0.0,39.020408163265316,26.9,0.0,2650,3,55468.5639270997
2019-08-23,86624,82232.0,0.0,33.224489795918366,26.2,0.0,3316,4,77171.53933788344
2019-08-24,85630,86624.0,0.0,24.44897959183673,24.1,0.0,5286,5,85411.68549768729
2019-08-25,81028,85630.0,0.0,21.166666666666668,25.0,0.0,5437,6,79527.83118732837
2019-08-26,87770,81028.0,0.0,26.693877551020414,26.4,0.0,3338,0,83913.80655937943
2019-08-27,83107,87770.0,20.0,27.530612244897966,25.7,0.0,3214,1,76444.930429372
2019-08-28,88718,83107.0,0.0,31.08163265306123,26.1,0.0,3217,2,82270.33852022709
2019-08-29,65708,88718.0,36.9,29.44897959183673,23.4,0.0,2148,3,61766.25005509588
2019-08-30,86733,65708.0,0.2,20.816326530612248,22.6,0.0,3698,4,66695.27758302633
2019-08-31,90724,86733.0,0.0,19.382978723404253,23.5,0.0,6127,5,89234.43369684044
2019-09-01,89191,90724.0,0.0,20.80851063829787,23.7,0.0,6256,6,87451.81016223543
2019-09-02,92510,89191.0,0.0,27.10638297872341,24.4,0.0,3512,0,92487.40049496316
2019-09-03,74801,92510.0,0.0,24.63829787234043,24.1,0.0,2029,1,88149.14879610504
2019-09-04,27168,74801.0,22.7,9.0,22.8,0.0,770,2,54407.43121882787
2019-09-05,33929,27168.0,36.4,10.644444444444442,23.0,0.0,772,3,16380.940958560857
2019-09-06,16631,33929.0,2.4,15.866666666666667,25.3,0.0,675,4,28376.44643437556
2019-09-09,68370,52055.0,0.0,37.04255319148936,25.1,0.0,1701,0,52392.5200357149
2019-09-10,18265,68370.0,63.2,14.106382978723405,23.8,0.0,792,1,33560.56246702972
2019-09-11,75328,18265.0,7.6,9.0,24.3,0.0,2649,2,27570.793999266378
2019-09-12,32059,75328.0,3.9,12.666666666666664,21.0,1.0,1838,3,55540.85722358782
2019-09-13,57065,32059.0,0.1,14.375,23.3,1.0,5360,4,40993.56431695557
2019-09-14,48756,57065.0,0.3,18.83333333333333,22.4,1.0,3156,5,46171.859262584665
2019-09-15,82678,48756.0,0.0,16.416666666666668,24.2,0.0,5576,6,52888.755799115424
2019-09-16,89807,82678.0,0.0,13.833333333333336,24.5,0.0,3331,0,87219.86731520058
2019-09-17,92153,89807.0,0.0,20.02127659574468,23.5,0.0,3247,1,91168.73959422142
2019-09-18,92045,92153.0,0.0,33.829787234042556,21.0,0.0,3392,2,93261.65078374773
2019-09-19,91554,92045.0,0.0,29.957446808510642,19.5,0.0,3216,3,91671.76298611428
2019-09-20,94246,91554.0,0.0,25.22916666666667,19.6,0.0,3419,4,88747.21664376764
2019-09-21,86676,94246.0,0.0,16.977272727272727,19.6,0.0,4627,5,91386.53279028498
2019-09-22,41173,86676.0,0.4,6.954545454545454,18.6,0.0,1806,6,65400.79621831528
2019-09-23,92006,41173.0,0.0,14.41304347826087,20.0,0.0,3035,0,51459.896119659796
2019-09-24,93546,92006.0,0.0,24.69565217391305,19.8,0.0,3194,1,94259.97252427314
2019-09-25,92665,93546.0,0.0,31.02173913043478,20.9,0.0,3096,2,93579.07473604949
2019-09-26,92247,92665.0,0.0,27.869565217391305,22.9,0.0,2948,3,89657.70755491032
2019-09-27,93345,92247.0,0.0,22.91304347826087,22.9,0.0,3413,4,88031.21744326879
2019-09-28,89550,93345.0,0.0,28.82608695652174,23.7,0.0,5721,5,92774.53420702528
2019-09-29,86133,89550.0,0.0,38.34782608695652,22.6,0.0,5664,6,83726.28297171925
2019-09-30,88270,86133.0,0.0,52.23913043478261,22.4,0.0,3075,0,87205.13554613905
2019-10-01,88575,88270.0,0.0,48.34782608695652,23.1,0.0,2675,1,86023.82459323149
2019-10-02,27368,88575.0,23.1,24.717391304347824,21.6,0.0,795,2,64874.57193674699
2019-10-03,75438,27368.0,4.6,9.173913043478262,22.4,1.0,5045,3,36767.49671190429
2019-10-04,94912,75438.0,0.0,26.65217391304348,22.4,0.0,3900,4,75490.7322991374
2019-10-05,83020,94912.0,0.6,43.43478260869565,18.7,0.0,4968,5,92639.89430036437
2019-10-06,82855,83020.0,0.0,12.08695652173913,18.1,0.0,4830,6,77655.78956532422
2019-10-07,21875,82855.0,25.4,11.326086956521738,14.8,0.0,842,0,65845.50978153847
2019-10-08,81524,21875.0,0.0,23.82608695652174,14.7,0.0,2205,1,29593.270183789846
2019-10-09,85638,81524.0,0.0,24.608695652173914,13.6,1.0,5011,2,78582.88821988343
2019-10-10,81742,85638.0,0.0,30.47826086956522,15.2,0.0,2024,3,82335.53326399087
2019-10-11,92155,81742.0,0.0,36.977777777777774,18.8,0.0,2922,4,77847.88433718216
2019-10-12,84843,92155.0,0.0,25.630434782608692,17.9,0.0,4367,5,88904.47675174009
2019-10-13,84368,84843.0,0.0,19.422222222222214,17.2,0.0,4775,6,78982.11839743891
2019-10-14,79509,84368.0,0.0,34.93478260869565,14.4,0.0,1955,0,85923.5132418254
2019-10-15,85516,79509.0,0.0,21.133333333333333,14.5,0.0,2062,1,80235.45618710306
2019-10-16,84549,85516.0,0.0,27.97826086956522,14.6,0.0,2063,2,84543.61436301586
2019-10-17,85596,84549.0,0.0,30.82608695652174,15.4,0.0,1988,3,81073.66844171927
2019-10-18,89551,85596.0,0.0,18.717391304347824,17.0,0.0,2600,4,80878.0909697714
2019-10-19,87553,89551.0,0.0,21.727272727272727,17.0,0.0,4405,5,87256.857450886
2019-10-20,79300,87553.0,0.0,37.70454545454545,16.5,0.0,4226,6,78708.36100071778
2019-10-21,84488,79300.0,0.0,41.90909090909091,17.1,0.0,2142,0,80467.62030700641
2019-10-22,88478,84488.0,0.0,40.47826086956522,18.1,0.0,2196,1,83319.12404162528
2019-10-23,87991,88478.0,0.0,24.5,17.0,0.0,2005,2,86128.5512256045
2019-10-24,89520,87991.0,0.0,31.085106382978722,18.3,0.0,2154,3,83786.83172716474
2019-10-25,84617,89520.0,0.0,25.39583333333333,16.7,0.0,2323,4,83095.71239928939
2019-10-26,67578,84617.0,0.0,23.625,10.0,0.0,2621,5,77457.67952100921
2019-10-27,65774,67578.0,0.0,25.0625,11.0,0.0,3028,6,59258.19041559858
2019-10-28,67175,65774.0,1.7,30.875,12.9,0.0,1370,0,65817.28248780292
2019-10-29,71135,67175.0,0.1,104.25,12.5,0.0,1241,1,64608.87912286352
2019-10-30,76898,71135.0,0.0,26.125,11.2,0.0,1353,2,69061.32582671994
2019-10-31,76860,76898.0,0.0,74.08333333333333,14.8,0.0,1496,3,71863.32737594786
2019-11-01,77604,76860.0,0.0,96.20833333333331,14.9,0.0,1969,4,70783.18194875494
2019-11-02,68223,77604.0,0.0,73.89583333333333,13.6,0.0,2817,5,70814.05059031215
2019-11-03,67452,68223.0,0.0,58.25,14.7,0.0,3203,6,58848.65072982412
2019-11-04,78874,67452.0,0.0,15.020833333333336,13.8,0.0,1837,0,70747.40341638024
2019-11-05,78675,78874.0,0.0,34.875,12.4,0.0,1607,1,78092.96223480851
2019-11-06,74812,78675.0,0.0,51.0,11.0,0.0,1403,2,76470.9161003629
2019-11-07,68315,74812.0,0.0,50.14583333333334,9.2,0.0,1166,3,70772.46366870293
2019-11-08,65110,68315.0,0.0,44.04166666666666,6.8,0.0,1197,4,62495.4093447674
2019-11-09,60693,65110.0,0.0,44.25,9.5,0.0,2378,5,59699.721656968926
2019-11-10,40503,60693.0,11.8,42.46808510638297,10.0,0.0,1690,6,42778.80651509665
2019-11-11,58957,40503.0,1.1,25.04166666666667,11.2,0.0,1111,0,42825.483037588005
2019-11-12,68210,58957.0,0.0,40.25,9.3,0.0,1146,1,58109.925744586704
2019-11-13,39198,68210.0,7.5,36.083333333333336,7.2,0.0,591,2,59655.490920659424
2019-11-14,45095,39198.0,0.0,19.3125,1.3,0.0,622,3,37305.573476572965
2019-11-15,15069,45095.0,18.8,23.29166666666667,5.6,0.0,376,4,29792.337136206857
2019-11-16,45493,15069.0,0.0,32.60465116279069,6.8,0.0,1523,5,17383.91521831579
2019-11-17,11303,45493.0,21.1,27.34090909090909,8.3,0.0,623,6,23969.197165208072
2019-11-18,37496,11303.0,14.7,80.17777777777778,4.6,0.0,538,0,8718.24444843447
2019-11-19,40356,37496.0,0.0,30.8,0.2,0.0,414,1,36699.91285988671
2019-11-20,42026,40356.0,0.0,23.31111111111111,0.5,0.0,527,2,39056.84818382346
2019-11-21,47091,42026.0,0.0,38.22222222222222,4.2,0.0,688,3,39667.80302650943
2019-11-22,56700,47091.0,0.0,45.75555555555553,9.7,0.0,1058,4,42272.97111588947
2019-11-23,54283,56700.0,0.0,34.75,12.1,0.0,2216,5,51221.82684841903
2019-11-24,24304,54283.0,3.8,31.24444444444445,9.8,0.0,996,6,38135.74560660892
2019-11-25,42677,24304.0,0.0,27.04444444444445,1.9,0.0,728,0,27933.65497474912
2019-11-26,52464,42677.0,0.0,26.318181818181817,6.6,0.0,920,1,42894.11275912154
2019-11-27,46248,52464.0,0.0,39.26086956521739,3.1,0.0,688,2,50742.77260976325
2019-11-28,46983,46248.0,0.0,38.06521739130435,3.5,0.0,712,3,43744.0526794269
2019-11-29,44689,46983.0,0.0,45.4375,1.5,0.0,671,4,42484.09295652982
2019-11-30,38366,44689.0,0.0,46.319148936170215,4.1,0.0,1100,5,38422.555736642535
2019-12-01,9680,38366.0,3.3,40.340425531914896,4.6,0.0,457,6,25620.59739581589
2019-12-02,34397,9680.0,0.0,23.36170212765957,-0.1,0.0,521,0,14067.294947021586
2019-12-03,33580,34397.0,0.6,28.82978723404255,0.5,0.0,441,1,33606.78999202258
2019-12-04,38576,33580.0,0.0,29.936170212765962,2.0,0.0,515,2,32552.2037154283
2019-12-05,29277,38576.0,0.0,21.82978723404255,-4.4,0.0,339,3,36147.170509041425
2019-12-06,26723,29277.0,0.0,31.4468085106383,-5.9,0.0,315,4,26417.59572938722
2019-12-07,23013,26723.0,0.1,46.19565217391305,-2.4,0.0,437,5,22240.130586167896
2019-12-08,22597,23013.0,0.0,54.71739130434783,-0.9,0.0,526,6,17530.875227153887
2019-12-09,34140,22597.0,0.0,62.8936170212766,3.2,0.0,416,0,23970.929497193687
2019-12-10,33275,34140.0,1.7,96.72340425531915,8.1,0.0,482,1,30957.568834063113
2019-12-11,34049,33275.0,0.2,80.06382978723406,6.3,0.0,423,2,30724.37889617275
2019-12-12,33704,34049.0,0.0,21.177777777777774,-0.7,0.0,472,3,32262.944615744214
2019-12-13,34258,33704.0,1.0,29.377777777777766,2.1,0.0,434,4,29175.53293379691
2019-12-14,27424,34258.0,0.0,39.55555555555557,2.7,0.0,688,5,28400.49691044678
2019-12-15,29692,27424.0,0.0,36.888888888888886,5.3,0.0,1007,6,21643.944710651806
2019-12-16,41750,29692.0,0.0,39.30434782608695,7.8,0.0,803,0,32082.723455842246
2019-12-17,25644,41750.0,9.8,28.22916666666667,7.7,0.0,448,1,35109.14868492364
2019-12-18,34899,25644.0,0.0,38.31914893617022,0.8,0.0,514,2,25448.914244332576
2019-12-19,32972,34899.0,0.0,25.85416666666667,-0.8,0.0,430,3,32849.6161674266
2019-12-20,32521,32972.0,0.0,29.41666666666667,-1.1,0.0,436,4,29462.470096360154
2019-12-21,20302,32521.0,0.6,34.979166666666664,-1.2,0.0,421,5,26144.842472405388
2019-12-22,24430,20302.0,0.3,58.29166666666666,4.1,0.0,729,6,15459.867648314446
2019-12-23,29028,24430.0,2.9,49.58333333333334,3.4,0.0,449,0,24875.216280724748
2019-12-24,33334,29028.0,0.0,69.9375,0.8,0.0,524,1,29044.572815798285
2019-12-25,22428,33334.0,0.0,51.8936170212766,2.0,1.0,703,2,25711.392333957072
2019-12-26,25007,22428.0,0.3,49.65217391304348,2.0,0.0,450,3,21521.283353152776
2019-12-27,29243,25007.0,0.0,34.608695652173914,-1.7,0.0,402,4,22752.083969518677
2019-12-28,26046,29243.0,0.0,43.33333333333334,1.1,0.0,627,5,24501.73227570895
2019-12-29,18701,26046.0,1.4,45.84444444444443,3.8,0.0,581,6,18503.33467069743
2019-12-30,22952,18701.0,0.4,36.86363636363637,2.7,0.0,368,0,20734.039422806545
2019-12-31,18436,22952.0,0.0,25.24444444444445,-7.9,0.0,269,1,23117.34697573968
2020-01-01,16236,38366.0,0.1,33.2,-2.2,1.0,509,2,28851.92004698584
2020-01-02,28890,16236.0,0.0,58.444444444444436,1.0,0.0,431,3,16282.30862204613
2020-01-03,30809,28890.0,0.0,67.71111111111111,-0.1,0.0,530,4,26759.540051579792
2020-01-04,25709,30809.0,0.0,56.022222222222226,1.2,0.0,635,5,25863.571336660156
2020-01-05,23206,25709.0,0.0,52.0888888888889,1.3,0.0,709,6,19795.300623565614
2020-01-06,15381,23206.0,1.8,38.95918367346939,3.1,0.0,346,0,24054.66566232142
2020-01-07,1920,15381.0,46.3,9.16,6.3,0.0,158,1,1916.1243910590688
2020-01-08,21522,1920.0,11.6,26.04,2.4,0.0,336,2,877.8580627524068
2020-01-09,28711,21522.0,0.0,50.36,-1.2,0.0,403,3,21073.753698958535
2020-01-10,29395,28711.0,0.0,66.02,-0.6,0.0,462,4,26392.911233949868
2020-01-11,23246,29395.0,0.0,54.44,-0.1,0.0,565,5,24675.817585524925
2020-01-12,19842,23246.0,0.0,47.08,-1.0,0.0,547,6,17738.803941687514
2020-01-13,26786,19842.0,0.0,26.58,-2.9,0.0,463,0,22921.561320826022
2020-01-14,28435,26786.0,0.0,32.857142857142854,-2.3,0.0,410,1,26935.87180889142
2020-01-15,28391,28435.0,0.0,39.54166666666666,-2.7,0.0,393,2,27901.58488526252
2020-01-16,29026,28391.0,0.0,43.625,-1.7,0.0,425,3,27314.69842493629
2020-01-17,29626,29026.0,0.0,58.75,-0.6,0.0,432,4,26409.08373254566
2020-01-18,24635,29626.0,0.0,66.66666666666667,0.3,0.0,615,5,25167.790659876948
2020-01-19,17682,24635.0,0.6,61.19148936170214,1.9,0.0,468,6,17698.978832728968
2020-01-20,28611,17682.0,0.0,55.33333333333334,0.7,0.0,450,0,20042.718445483366
2020-01-21,30618,28611.0,0.0,45.39583333333334,-0.4,0.0,462,1,28595.31095782765
2020-01-22,33011,30618.0,0.0,46.5625,3.0,0.0,499,2,29521.888896365235
2020-01-23,34466,33011.0,0.0,63.0,4.6,0.0,616,3,31202.861198772658
2020-01-24,19230,34466.0,0.0,71.60416666666667,2.8,1.0,674,4,25414.03573708867
2020-01-25,15233,19230.0,0.0,50.02083333333334,4.3,1.0,804,5,14026.047370660464
2020-01-26,22685,15233.0,0.0,29.45833333333333,5.5,1.0,1143,6,13450.616549922719
2020-01-27,16836,22685.0,0.1,11.458333333333336,5.9,1.0,581,0,20906.735575501018
2020-01-28,32098,16836.0,0.0,13.88,6.8,0.0,606,1,19180.06866343337
2020-01-29,37990,32098.0,0.0,18.84,6.0,0.0,735,2,32048.25011517286
2020-01-30,38079,37990.0,0.0,19.8,5.2,0.0,803,3,36627.49299290146
2020-01-31,35857,38079.0,0.0,29.7,3.9,0.0,733,4,34440.0701964032
2020-02-01,27151,35857.0,0.0,68.08,2.6,0.0,832,5,30617.977774082618
2020-02-02,22384,27151.0,0.0,70.88,1.5,0.0,772,6,21183.356219402656
2020-02-03,29681,22384.0,0.0,26.54,-0.4,0.0,573,0,25638.221130057394
2020-02-04,23006,29681.0,1.7,25.54,-1.6,0.0,435,1,28968.522731651792
2020-02-05,20311,23006.0,0.0,23.42,-8.3,0.0,268,2,22616.918942050164
2020-02-06,22401,20311.0,0.0,39.62,-6.4,0.0,269,3,19870.86046097294
2020-02-07,26540,22401.0,0.0,37.78,-1.7,0.0,359,4,20406.272270990718
2020-02-08,22046,26540.0,0.0,41.42,-0.1,0.0,556,5,22253.320293011373
2020-02-09,21099,22046.0,0.0,36.34,-0.5,0.0,725,6,17579.060345928716
2020-02-10,33956,21099.0,0.0,49.34,4.0,0.0,750,0,24185.668015765877
2020-02-11,40563,33956.0,0.0,57.36,6.8,0.0,1004,1,34399.20400904955
2020-02-12,10698,40563.0,6.7,49.26,7.4,0.0,381,2,34049.22271517911
2020-02-13,34375,10698.0,0.0,70.44,6.5,0.0,781,3,12126.692167169995
2020-02-14,41229,34375.0,0.0,83.24,8.1,0.0,1097,4,31734.857650671634
2020-02-15,29837,41229.0,2.0,65.6,9.8,0.0,1226,5,33836.07755412238
2020-02-16,6798,29837.0,13.4,24.54,-1.4,0.0,348,6,16436.695202258114
2020-02-17,13777,6798.0,1.0,30.92,-5.9,0.0,272,0,9651.496599402772
2020-02-18,19773,13777.0,0.0,23.7,-4.1,0.0,462,1,15365.353572922104
2020-02-19,32721,19773.0,0.0,32.84,1.0,0.0,685,2,21046.439067838426
2020-02-20,36027,32721.0,0.0,59.62,4.6,0.0,878,3,32082.340607852617
2020-02-21,29779,36027.0,4.2,73.58,6.7,0.0,587,4,29717.985879211363
2020-02-24,36094,25159.0,0.0,35.36,7.0,0.0,892,0,28681.308325050337
2020-02-25,15939,36094.0,16.6,21.6,6.7,0.0,428,1,27603.38736039384
2020-02-26,35773,15939.0,0.0,19.48,6.4,0.0,979,2,19404.496878081794
2020-02-27,38526,35773.0,0.0,14.34,6.1,0.0,1343,3,37367.181728386946
2020-02-28,12644,38526.0,3.9,26.98,4.5,0.0,395,4,31321.022282921644
2020-02-29,35697,12644.0,0.5,24.82,7.7,0.0,2253,5,18929.23344816093
2020-03-01,24431,35697.0,0.2,45.98,5.8,1.0,1529,6,26595.93751315982
2020-03-02,36641,24431.0,0.0,39.42,3.4,0.0,1398,0,30321.0219057216
2020-03-03,39447,36641.0,0.0,47.64,4.8,0.0,1334,1,38921.82371306182
2020-03-04,31269,39447.0,0.0,46.3,2.2,0.0,886,2,39602.67959744674
2020-03-05,35851,31269.0,0.0,36.78,1.4,0.0,1166,3,32831.35213200399
2020-03-06,40897,35851.0,0.0,41.4,3.7,0.0,1574,4,36451.69724797565
2020-03-07,42379,40897.0,0.0,56.62,7.0,0.0,3118,5,42997.22422960974
2020-03-08,54245,42379.0,0.0,59.86,9.3,0.0,5796,6,49584.109549018634
2020-03-09,53020,54245.0,0.0,59.68,11.1,0.0,3187,0,61823.26531001833
2020-03-10,10606,53020.0,11.8,41.6,6.4,0.0,681,1,45238.03146020884
2020-03-11,45245,10606.0,0.0,34.7,3.8,0.0,2127,2,19093.171336427476
2020-03-12,50094,45245.0,0.0,35.42,6.8,0.0,2437,3,49851.03668882051
2020-03-13,43554,50094.0,0.5,34.9,4.9,0.0,1895,4,49746.26063247316
2020-03-14,42569,43554.0,0.0,38.34,3.6,0.0,3098,5,46486.91215461254
2020-03-15,33215,42569.0,0.0,42.88,4.0,0.0,2653,6,40098.80286434456
2020-03-16,42441,33215.0,0.0,24.98,3.6,0.0,1725,0,40331.497771581024
2020-03-17,47241,42441.0,0.0,48.72,6.6,0.0,1859,1,46044.650847218225
2020-03-18,62119,47241.0,0.0,59.48,10.0,0.0,3633,2,55053.1145084405
2020-03-19,24256,62119.0,0.0,63.02,9.1,0.0,1128,3,58778.617913817296
2020-03-20,53839,24256.0,0.0,42.8,8.8,0.0,2734,4,30690.800853493212
2020-03-21,63759,53839.0,0.0,54.40816326530612,12.8,0.0,6250,5,62908.11805144178
2020-03-22,64436,63759.0,0.0,41.24489795918368,11.0,0.0,7846,6,74209.46031262542
2020-03-23,63686,64436.0,0.0,50.6,10.6,0.0,4766,0,76894.11932771336
2020-03-24,69998,63686.0,0.0,60.5,11.4,0.0,5146,1,74849.46384081052
2020-03-25,73460,69998.0,0.0,52.28,12.5,0.0,5340,2,81397.03535480931
2020-03-26,47633,73460.0,1.8,52.6,14.8,0.0,2385,3,71427.0425251235
2020-03-27,60183,47633.0,2.0,43.44,11.9,0.0,4037,4,53550.67767827482
2020-03-28,64677,60183.0,0.0,33.88,7.7,0.0,6759,5,73267.46714919255
2020-03-29,68430,64677.0,0.0,41.95918367346939,8.7,0.0,8839,6,78798.6565732116
2020-03-30,69293,68430.0,0.0,54.32,10.2,0.0,4720,0,80548.7930173053
2020-03-31,74621,69293.0,0.0,51.1,11.9,0.0,4998,1,80340.66380607284
2020-04-01,70258,74621.0,0.0,75.02,11.3,0.0,4345,2,82631.62308371285
2020-04-02,72129,70258.0,0.0,39.82,9.3,0.0,4321,3,79496.63536477194
2020-04-03,74856,72129.0,0.0,57.26,10.0,0.0,4690,4,79112.95256777712
2020-04-04,66405,74856.0,0.0,71.82,8.9,0.0,6339,5,83050.437325188
2020-04-05,64111,66405.0,0.0,47.16,7.2,0.0,6151,6,72059.42279447886
2020-04-06,68414,64111.0,0.0,55.98,9.3,0.0,3783,0,73997.29843812951
2020-04-07,73685,68414.0,0.0,59.62,10.6,0.0,3735,1,75906.518180366
2020-04-08,72863,73685.0,0.0,43.46,9.4,0.0,3456,2,80706.88052025488
2020-04-09,73382,72863.0,0.0,48.04,8.9,0.0,3327,3,78253.46922470926
2020-04-10,75021,73382.0,0.0,44.04,10.7,0.0,3560,4,76093.47340904425
2020-04-11,75637,75021.0,0.0,39.46,9.9,0.0,6299,5,83922.76567463586
2020-04-12,63335,75637.0,0.0,31.86,9.9,0.0,5502,6,76840.67603720837
2020-04-13,77604,63335.0,0.0,22.1,12.4,0.0,4030,0,75199.94139402303
2020-04-14,83798,77604.0,0.0,50.66,13.0,0.0,4334,1,86077.75258309934
2020-04-15,89789,83798.0,0.0,65.16,13.2,1.0,7850,2,85945.20307723798
2020-04-16,83970,89789.0,0.0,53.68,16.0,0.0,4102,3,93945.52385281355
2020-04-17,35656,83970.0,6.5,39.48,12.5,0.0,1613,4,72598.04479872945
2020-04-18,92829,35656.0,0.0,26.84,13.5,0.0,9192,5,57976.10764617172
2020-04-19,29375,92829.0,10.3,26.2,12.3,0.0,2392,6,70431.48042364231
2020-04-20,56129,29375.0,0.1,15.68,10.0,0.0,1730,0,36898.23270359821
2020-04-21,58746,56129.0,0.0,36.94,7.4,0.0,1660,1,58283.58534241753
2020-04-22,51337,58746.0,0.0,86.88,6.0,0.0,1222,2,58731.19115282562
2020-04-23,64765,51337.0,0.0,44.94,7.9,0.0,1818,3,52241.2708468594
2020-04-24,72883,64765.0,0.0,41.32,9.9,0.0,2566,4,64426.41950879019
2020-04-25,78419,72883.0,0.0,60.82,13.1,0.0,5580,5,77218.76815767004
2020-04-26,82600,78419.0,0.0,30.14,12.3,0.0,7939,6,87228.13693437297
2020-04-27,77149,82600.0,0.0,34.26,12.9,0.0,3192,0,89544.01783854883
2020-04-28,86541,77149.0,0.0,36.74,13.9,0.0,3571,1,83482.88034351103
2020-04-29,88827,86541.0,0.0,46.88,14.9,0.0,4042,2,92660.99840867262
2020-04-30,96877,88827.0,0.0,36.06,17.1,1.0,9115,3,93171.8714837346
2020-05-01,93249,96877.0,0.0,51.16,20.2,0.0,8178,4,107857.56317577438
2020-05-02,88508,93249.0,0.0,49.46,20.3,0.0,7871,5,99993.07992587182
2020-05-03,89287,88508.0,0.0,29.8,21.8,0.0,8406,6,93411.22298281181
2020-05-04,93579,89287.0,0.0,35.8,20.2,0.0,5871,0,100358.48053322696
2020-05-05,88219,93579.0,0.0,38.3,16.0,1.0,7347,1,93527.22401637866
2020-05-06,88561,88219.0,0.0,33.68,19.4,0.0,4163,2,93153.3342523469
2020-05-07,90645,88561.0,0.0,29.0,20.7,0.0,4000,3,91117.4484811124
2020-05-08,63474,90645.0,2.3,27.36,19.9,0.0,2257,4,81084.4135954285
2020-05-09,7600,63474.0,24.4,13.62,14.2,0.0,661,5,37469.96424977318
2020-05-10,65932,7600.0,1.3,29.58,14.4,0.0,4578,6,21791.90004509707
2020-05-11,76042,65932.0,3.4,114.86,16.5,0.0,2851,0,65475.370560528034
2020-05-12,78200,76042.0,0.7,43.24,14.3,0.0,2777,1,78677.9094452252
2020-05-13,89183,78200.0,0.0,32.66,16.1,0.0,3551,2,82996.62173150334
2020-05-14,89149,89183.0,0.0,40.68,19.3,0.0,3126,3,88404.15269597646
2020-05-15,13782,89149.0,12.0,31.86,16.1,0.0,812,4,68288.5319830311
2020-05-16,64549,13782.0,2.5,22.78,16.7,0.0,4010,5,25731.882279391517
2020-05-17,89449,64549.0,0.0,41.92,19.1,0.0,6547,6,67559.19613082234
2020-05-18,36761,89449.0,29.8,45.88,19.1,0.0,1216,0,68096.82065119252
2020-05-19,55556,36761.0,19.0,15.98,13.0,0.0,1813,1,33610.72988550977
2020-05-20,88257,55556.0,0.0,8.38,14.4,0.0,3119,2,62626.917237376125
2020-05-21,93930,88257.0,0.0,20.58,17.4,0.0,3522,3,90680.66702868143
2020-05-22,89317,93930.0,0.0,45.04,18.5,0.0,3375,4,90804.91428943489
2020-05-23,101256,89317.0,0.0,49.74,20.1,0.0,7303,5,94831.20107894568
2020-05-24,80357,101256.0,14.5,24.938775510204078,17.1,0.0,5666,6,88742.90339302678
2020-05-25,92531,80357.0,0.0,38.14,16.6,0.0,3590,0,86994.50450031015
2020-05-26,68498,92531.0,1.5,42.06,16.2,0.0,2042,1,90255.09858992127
2020-05-27,101949,68498.0,0.0,24.14,17.4,0.0,3845,2,75155.2089078262
2020-05-28,99792,101949.0,0.0,30.68,18.7,0.0,3646,3,103100.80483517263
2020-05-29,103999,99792.0,0.0,36.52,20.7,0.0,4113,4,98354.63389678752
2020-05-30,105172,103999.0,0.0,40.66,22.6,0.0,7279,5,107580.06975042088
2020-05-31,93547,105172.0,1.0,42.06,21.2,0.0,6427,6,100073.05001081867
2020-06-01,99930,93547.0,0.4,19.66,19.7,0.0,3779,0,99675.29487847727
2020-06-02,79833,99930.0,2.0,25.7,17.9,0.0,2169,1,97069.80422197761
2020-06-03,103887,79833.0,0.0,49.3061224489796,22.0,0.0,3390,2,80498.30008805917
2020-06-04,97656,103887.0,0.2,52.58,21.9,0.0,3031,3,100104.23057064025
2020-06-05,107343,97656.0,0.0,48.7,23.0,0.0,3986,4,94334.77290141942
2020-06-06,105033,107343.0,0.0,55.94,24.6,1.0,6553,5,94413.90858866395
2020-06-07,101848,105033.0,0.0,50.88,22.7,0.0,6282,6,98877.46452149036
2020-06-08,103582,101848.0,0.0,44.56,25.0,0.0,3365,0,101939.45837150492
2020-06-09,102084,103582.0,0.0,50.12,26.7,0.0,3107,1,99877.55643821479
2020-06-10,58133,102084.0,6.2,45.877551020408156,25.8,0.0,1551,2,88037.75167984185
2020-06-11,100031,58133.0,0.0,29.57142857142857,26.1,0.0,2635,3,57336.43017842244
2020-06-12,109210,100031.0,0.0,45.734693877551024,24.7,0.0,3190,4,92502.54179421483
2020-06-13,90396,109210.0,0.0,53.04166666666666,26.9,0.0,4179,5,98273.89944413427
2020-06-14,94406,90396.0,1.1,39.97916666666666,24.0,0.0,4989,6,80537.07241619371
2020-06-15,108320,94406.0,0.0,28.102040816326532,23.0,0.0,3195,0,96630.60764258572
2020-06-16,106519,108320.0,0.0,56.775510204081634,24.4,0.0,3085,1,105313.94198565563
2020-06-17,107723,106519.0,0.0,53.42857142857143,24.3,0.0,3204,2,103560.50328766293
2020-06-18,110377,107723.0,0.0,36.775510204081634,23.4,0.0,3350,3,104691.59921519524
2020-06-19,109124,110377.0,0.1,25.510204081632647,24.7,0.0,3634,4,104238.70952659163
2020-06-20,102333,109124.0,0.0,39.69387755102041,24.9,0.0,5871,5,106302.61423134913
2020-06-21,95453,102333.0,0.0,34.97959183673469,26.1,0.0,5070,6,90634.4838879767
2020-06-22,98394,95453.0,0.0,40.979591836734684,28.6,0.0,2786,0,92633.36958019376
2020-06-23,103214,98394.0,0.0,43.61224489795919,27.3,0.0,2534,1,93028.9543091683
2020-06-24,19756,103214.0,37.6,30.469387755102037,22.3,0.0,1372,2,70602.73474096741
2020-06-25,46415,19756.0,13.3,14.6734693877551,21.6,0.0,1591,3,21247.988256329154
2020-06-26,96150,46415.0,2.1,22.6530612244898,21.8,0.0,3602,4,50065.38998777796
2020-06-27,107001,96150.0,0.0,26.489795918367342,24.1,0.0,7049,5,99919.20483920335
2020-06-28,98568,107001.0,0.0,29.6530612244898,25.2,0.0,6982,6,102899.64858772294
2020-06-29,70053,98568.0,11.9,36.46938775510204,23.8,0.0,2609,0,90157.77452288989
2020-06-30,38086,70053.0,64.7,9.346938775510203,20.1,0.0,2041,1,40465.376341034236
