date,count,rain,dust,temp,holiday,user,week,shift1
2017-01-02,3796,0.3,113.97435897435898,5.0,0.0,182,0,2307.0
2017-01-03,4049,0.0,80.94871794871794,2.0,0.0,198,1,3796.0
2017-01-04,4646,0.0,58.358974358974365,3.9,0.0,189,2,4049.0
2017-01-05,4500,0.0,38.769230769230774,3.8,0.0,190,3,4646.0
2017-01-06,4944,0.0,23.743589743589745,5.4,0.0,241,4,4500.0
2017-01-07,3872,0.0,57.97435897435897,4.6,0.0,322,5,4944.0
2017-01-08,3568,0.0,34.51282051282051,6.5,0.0,312,6,3872.0
2017-01-09,4228,0.0,61.33333333333334,1.5,0.0,149,0,3568.0
2017-01-10,3516,0.0,33.128205128205124,-3.7,0.0,92,1,4228.0
2017-01-11,3522,0.0,26.69230769230769,-3.8,0.0,88,2,3516.0
2017-01-12,3399,0.0,31.974358974358967,-2.2,0.0,80,3,3522.0
2017-01-13,2525,0.6,31.512820512820515,-6.0,0.0,56,4,3399.0
2017-01-14,1419,0.0,45.282051282051285,-8.4,0.0,44,5,2525.0
2017-01-15,1465,0.0,29.07692307692308,-6.6,0.0,89,6,1419.0
2017-01-16,3279,0.0,49.89743589743589,-3.8,0.0,105,0,1465.0
2017-01-17,3572,0.0,70.92307692307692,-2.0,0.0,80,1,3279.0
2017-01-18,3685,0.0,101.71794871794873,-0.5,0.0,104,2,3572.0
2017-01-19,3633,0.0,105.64102564102564,-1.2,0.0,110,3,3685.0
2017-01-20,1335,4.0,58.769230769230774,-4.4,0.0,53,4,3633.0
2017-01-21,936,2.1,50.82051282051282,-5.2,0.0,32,5,1335.0
2017-01-22,705,0.0,75.89473684210526,-8.3,0.0,43,6,936.0
2017-01-23,1739,0.0,49.05263157894736,-8.9,0.0,34,0,705.0
2017-01-24,2143,0.0,42.07692307692308,-7.0,0.0,32,1,1739.0
2017-01-25,2506,0.0,52.358974358974365,-5.2,0.0,72,2,2143.0
2017-01-26,2702,0.3,67.51282051282051,-1.3,0.0,70,3,2506.0
2017-01-27,1154,3.0,109.41025641025641,-2.6,1.0,83,4,2702.0
2017-01-28,1198,0.0,34.92307692307692,-1.6,1.0,121,5,1154.0
2017-01-29,496,4.5,28.76923076923077,0.8,1.0,51,6,1198.0
2017-01-30,1047,0.1,50.282051282051285,-4.8,1.0,67,0,496.0
2017-01-31,2263,0.0,31.897435897435894,-5.4,0.0,75,1,1047.0
2017-02-01,2776,0.0,38.56410256410256,-4.0,0.0,138,2,2263.0
2017-02-02,3020,0.0,35.307692307692314,-2.7,0.0,119,3,2776.0
2017-02-03,3578,0.0,72.23076923076924,1.5,0.0,147,4,3020.0
2017-02-04,2631,0.0,100.51282051282051,0.9,0.0,200,5,3578.0
2017-02-05,1348,0.5,73.41025641025641,1.2,0.0,93,6,2631.0
2017-02-06,3135,0.0,43.33333333333334,-1.7,0.0,125,0,1348.0
2017-02-07,1033,0.0,43.89743589743589,-2.0,0.0,116,1,3135.0
2017-02-08,2564,0.0,57.12820512820514,-2.2,0.0,136,2,1033.0
2017-02-09,2786,0.0,52.87179487179486,-5.3,0.0,100,3,2564.0
2017-02-10,2366,0.0,34.641025641025635,-6.6,0.0,64,4,2786.0
2017-02-11,1839,0.0,31.07692307692308,-4.8,0.0,90,5,2366.0
2017-02-12,2192,0.0,33.153846153846146,-2.2,0.0,179,6,1839.0
2017-02-13,3613,0.0,47.230769230769226,0.1,0.0,151,0,2192.0
2017-02-14,3746,0.0,55.17948717948718,0.3,0.0,166,1,3613.0
2017-02-15,4214,0.0,65.53846153846153,1.8,0.0,209,2,3746.0
2017-02-16,4310,0.0,73.05128205128206,5.5,0.0,230,3,4214.0
2017-02-17,3344,4.0,47.89743589743589,0.8,0.0,171,4,4310.0
2017-02-18,2482,0.0,33.666666666666664,-2.6,0.0,180,5,3344.0
2017-02-19,1672,1.0,46.74358974358975,2.3,0.0,172,6,2482.0
2017-02-20,2941,0.5,46.641025641025635,-1.5,0.0,125,0,1672.0
2017-02-21,3855,0.0,50.641025641025635,-0.6,0.0,179,1,2941.0
2017-02-22,1672,5.1,43.153846153846146,1.7,0.0,77,2,3855.0
2017-02-23,3330,0.0,37.20512820512821,-1.5,0.0,113,3,1672.0
2017-02-24,3591,0.0,31.974358974358967,-0.8,0.0,164,4,3330.0
2017-02-25,3480,0.0,50.4102564102564,2.6,0.0,336,5,3591.0
2017-02-26,3802,0.0,51.10256410256411,3.6,0.0,548,6,3480.0
2017-02-27,4919,0.0,43.48717948717949,3.7,0.0,389,0,3802.0
2017-02-28,5513,0.0,47.46153846153846,5.6,0.0,431,1,4919.0
2017-03-01,3182,5.0,62.10256410256411,5.0,1.0,515,2,5513.0
2017-03-02,4214,0.5,36.05128205128205,1.8,0.0,265,3,3182.0
2017-03-03,5161,0.0,46.97435897435897,3.3,0.0,358,4,4214.0
2017-03-04,6112,0.0,57.07692307692307,5.7,0.0,944,5,5161.0
2017-03-05,4573,0.5,71.1794871794872,5.2,0.0,662,6,6112.0
2017-03-06,4201,0.0,39.12820512820513,0.1,0.0,219,0,4573.0
2017-03-07,3921,0.0,35.794871794871796,-1.3,0.0,205,1,4201.0
2017-03-08,4096,0.0,46.02564102564103,-0.1,0.0,169,2,3921.0
2017-03-09,4767,0.0,49.89743589743589,3.2,0.0,268,3,4096.0
2017-03-10,5776,0.0,48.4102564102564,4.8,0.0,365,4,4767.0
2017-03-11,7270,0.0,67.17948717948718,7.3,0.0,1147,5,5776.0
2017-03-12,5078,0.0,93.97435897435898,8.2,0.0,777,6,7270.0
2017-03-13,6277,0.0,65.58974358974359,6.9,0.0,431,0,5078.0
2017-03-14,6300,0.0,52.358974358974365,5.8,0.0,369,1,6277.0
2017-03-15,6468,0.0,45.051282051282044,6.3,0.0,409,2,6300.0
2017-03-16,6566,0.0,67.17948717948718,6.2,0.0,438,3,6468.0
2017-03-17,5258,0.0,79.8974358974359,7.7,0.0,601,4,6566.0
2017-03-18,7583,0.0,76.8205128205128,9.5,0.0,1205,5,5258.0
2017-03-19,8118,0.0,78.8205128205128,10.9,0.0,1512,6,7583.0
2017-03-20,6723,0.0,102.74358974358972,10.2,0.0,625,0,8118.0
2017-03-21,6735,0.0,102.56410256410255,7.4,0.0,638,1,6723.0
2017-03-22,7577,0.0,54.42105263157895,7.6,0.0,544,2,6735.0
2017-03-23,7657,0.0,76.44736842105263,9.1,0.0,602,3,7577.0
2017-03-24,7736,0.0,63.05263157894736,8.7,0.0,623,4,7657.0
2017-03-25,6677,0.0,68.73684210526315,8.1,0.0,893,5,7736.0
2017-03-26,6400,0.0,63.868421052631575,7.3,0.0,903,6,6677.0
2017-03-27,5706,0.4,77.66666666666667,6.1,0.0,347,0,6400.0
2017-03-28,7121,0.0,86.66666666666669,7.1,0.0,415,1,5706.0
2017-03-29,8323,0.0,60.66666666666666,8.8,0.0,555,2,7121.0
2017-03-30,8612,0.0,71.28205128205127,10.6,0.0,615,3,8323.0
2017-03-31,4579,1.5,52.97435897435897,8.6,0.0,247,4,8612.0
2017-04-01,7173,1.0,26.743589743589745,9.0,0.0,1005,5,4579.0
2017-04-02,9254,0.0,49.794871794871796,9.0,0.0,1724,6,7173.0
2017-04-03,9274,0.0,82.53846153846153,11.4,0.0,787,0,9254.0
2017-04-04,10155,0.0,78.48717948717949,14.1,0.0,908,1,9274.0
2017-04-05,1877,37.5,53.0,12.0,0.0,214,2,10155.0
2017-04-06,6257,3.0,28.69230769230769,10.4,0.0,405,3,1877.0
2017-04-07,11361,0.0,45.769230769230774,14.5,0.0,1228,4,6257.0
2017-04-08,10632,0.5,65.15384615384616,13.0,0.0,1721,5,11361.0
2017-04-09,10909,0.5,42.94871794871795,14.8,0.0,1918,6,10632.0
2017-04-10,12933,0.0,30.743589743589745,16.5,0.0,1393,0,10909.0
2017-04-11,11615,0.0,59.74358974358975,15.3,0.0,1026,1,12933.0
2017-04-12,10244,0.0,66.51282051282051,11.5,0.0,831,2,11615.0
2017-04-13,10510,0.0,73.92307692307692,12.7,0.0,737,3,10244.0
2017-04-14,6671,6.0,60.153846153846146,13.0,0.0,363,4,10510.0
2017-04-15,12422,0.0,71.07692307692308,16.8,0.0,2087,5,6671.0
2017-04-16,13145,0.0,63.48717948717949,18.7,0.0,2104,6,12422.0
2017-04-17,7205,5.5,50.230769230769226,14.7,0.0,464,0,13145.0
2017-04-18,7513,7.5,43.51282051282051,11.7,0.0,422,1,7205.0
2017-04-19,11360,0.0,86.89743589743591,12.6,0.0,831,2,7513.0
2017-04-20,10198,0.1,86.46153846153847,12.9,0.0,584,3,11360.0
2017-04-21,11487,0.0,71.94871794871794,13.1,0.0,921,4,10198.0
2017-04-22,13132,0.0,65.23076923076923,14.8,0.0,2047,5,11487.0
2017-04-23,13131,0.0,52.07894736842106,14.9,0.0,2257,6,13132.0
2017-04-24,12650,0.0,46.07692307692307,15.1,0.0,1070,0,13131.0
2017-04-25,11825,0.0,62.20512820512821,16.0,0.0,889,1,12650.0
2017-04-26,12950,0.0,46.82051282051282,15.1,0.0,1061,2,11825.0
2017-04-27,12424,0.0,48.20512820512821,13.6,0.0,976,3,12950.0
2017-04-28,12970,0.0,66.82051282051282,14.4,0.0,1174,4,12424.0
2017-04-29,14312,0.0,66.38461538461539,17.1,0.0,2319,5,12970.0
2017-04-30,13592,0.0,95.64102564102564,19.3,0.0,2555,6,14312.0
2017-05-01,14168,0.0,96.25641025641028,20.1,0.0,2201,0,13592.0
2017-05-02,13490,0.0,103.46153846153848,20.7,0.0,1430,1,14168.0
2017-05-03,16305,0.0,73.55263157894737,21.5,1.0,2956,2,13490.0
2017-05-04,15316,0.0,67.25641025641025,21.0,0.0,2036,3,16305.0
2017-05-05,15488,0.0,58.74358974358975,20.9,1.0,2651,4,15316.0
2017-05-06,7484,0.0,194.82051282051282,14.9,0.0,967,5,15488.0
2017-05-07,9528,0.0,94.20512820512822,16.6,0.0,1273,6,7484.0
2017-05-08,11092,0.0,178.1282051282051,17.9,0.0,811,0,9528.0
2017-05-09,6778,2.5,128.35897435897436,17.1,1.0,735,1,11092.0
2017-05-10,12102,2.5,46.87179487179486,16.4,0.0,771,2,6778.0
2017-05-11,13612,0.0,75.69230769230771,19.3,0.0,989,3,12102.0
2017-05-12,12841,0.0,77.92307692307692,19.1,0.0,967,4,13612.0
2017-05-13,8333,6.0,54.230769230769226,16.4,0.0,1216,5,12841.0
2017-05-14,15272,0.0,60.794871794871796,15.7,0.0,3483,6,8333.0
2017-05-15,14115,0.0,46.66666666666666,16.0,0.0,1168,0,15272.0
2017-05-16,15270,0.0,38.0,17.1,0.0,1226,1,14115.0
2017-05-17,15502,0.0,41.74358974358975,18.7,0.0,1328,2,15270.0
2017-05-18,15977,0.0,51.230769230769226,20.4,0.0,1354,3,15502.0
2017-05-19,15877,0.0,49.92307692307693,21.1,0.0,1514,4,15977.0
2017-05-20,16654,0.0,42.0,20.9,0.0,2579,5,15877.0
2017-05-21,17757,0.0,34.17948717948718,21.5,0.0,2983,6,16654.0
2017-05-22,17070,0.0,45.97435897435897,21.8,0.0,1642,0,17757.0
2017-05-23,10174,5.0,38.641025641025635,20.0,0.0,924,1,17070.0
2017-05-24,17115,0.1,29.64102564102564,21.8,0.0,1323,2,10174.0
2017-05-25,16387,0.0,41.07692307692308,19.2,0.0,1239,3,17115.0
2017-05-26,17966,0.0,27.0,17.7,0.0,1638,4,16387.0
2017-05-27,18286,0.0,36.05128205128205,19.5,0.0,2631,5,17966.0
2017-05-28,18005,0.0,48.256410256410255,21.2,0.0,2746,6,18286.0
2017-05-29,17619,0.0,72.2051282051282,22.9,0.0,1488,0,18005.0
2017-05-30,17703,0.0,52.74358974358975,23.6,0.0,1303,1,17619.0
2017-05-31,17937,0.0,40.769230769230774,23.3,0.0,1368,2,17703.0
2017-06-01,17693,0.0,40.66666666666666,23.3,0.0,1385,3,17937.0
2017-06-02,11994,0.0,30.897435897435894,20.5,0.0,1301,4,17693.0
2017-06-03,19353,0.0,34.05128205128205,20.5,0.0,2771,5,11994.0
2017-06-04,19225,0.0,30.948717948717945,21.7,0.0,2940,6,19353.0
2017-06-05,19443,0.0,29.23076923076923,24.2,0.0,2048,0,19225.0
2017-06-06,7604,15.5,23.025641025641022,19.4,1.0,1247,1,19443.0
2017-06-07,8644,12.5,18.33333333333333,17.6,0.0,667,2,7604.0
2017-06-08,18859,0.0,47.42105263157895,20.1,0.0,1307,3,8644.0
2017-06-09,18356,0.1,63.73684210526316,21.2,0.0,1443,4,18859.0
2017-06-10,19865,4.5,52.07894736842106,21.5,0.0,2666,5,18356.0
2017-06-11,19524,0.0,32.07894736842105,22.8,0.0,2828,6,19865.0
2017-06-12,19588,0.0,33.631578947368425,22.1,0.0,1539,0,19524.0
2017-06-13,19196,0.0,39.512820512820504,21.5,0.0,1489,1,19588.0
2017-06-14,19692,0.0,46.769230769230774,21.8,0.0,1419,2,19196.0
2017-06-15,19520,0.0,54.33333333333334,23.1,0.0,1495,3,19692.0
2017-06-16,19954,0.0,71.23076923076924,25.5,0.0,1555,4,19520.0
2017-06-17,19353,0.0,54.56410256410256,24.2,0.0,2534,5,19954.0
2017-06-18,18441,0.0,46.4102564102564,24.3,0.0,2406,6,19353.0
2017-06-19,20591,0.0,55.74358974358975,24.8,0.0,1761,0,18441.0
2017-06-20,19798,0.0,55.92307692307693,26.0,0.0,1799,1,20591.0
2017-06-21,21198,0.0,60.948717948717956,25.4,0.0,1794,2,19798.0
2017-06-22,21526,0.0,40.56410256410256,25.3,0.0,1787,3,21198.0
2017-06-23,20590,0.0,46.43589743589744,26.7,0.0,1760,4,21526.0
2017-06-24,11639,3.5,45.20512820512821,24.5,0.0,1441,5,20590.0
2017-06-25,12602,1.5,38.846153846153854,23.8,0.0,1477,6,11639.0
2017-06-26,10458,29.0,29.743589743589745,23.1,0.0,843,0,12602.0
2017-06-27,19419,0.0,33.153846153846146,25.2,0.0,1324,1,10458.0
2017-06-28,21105,0.0,50.30769230769231,26.0,0.0,1500,2,19419.0
2017-06-29,20856,0.0,53.51282051282051,26.2,0.0,1485,3,21105.0
2017-06-30,20619,0.0,57.282051282051285,25.9,0.0,1442,4,20856.0
2017-07-01,13859,0.5,46.20512820512821,25.3,0.0,1506,5,20619.0
2017-07-02,3885,92.0,27.66666666666667,24.3,0.0,513,6,13859.0
2017-07-03,10190,67.5,25.86842105263158,24.7,0.0,641,0,3885.0
2017-07-04,18347,0.5,37.76315789473684,26.7,0.0,1459,1,10190.0
2017-07-05,5222,0.0,43.92105263157895,27.4,0.0,380,2,18347.0
2017-07-06,9,34.0,53.48717948717949,27.6,0.0,38,3,5222.0
2017-07-07,3245,16.5,25.102564102564106,26.4,0.0,484,4,9.0
2017-07-08,9610,4.5,28.820512820512818,26.0,0.0,745,5,3245.0
2017-07-09,6475,32.5,28.897435897435894,26.3,0.0,655,6,9610.0
2017-07-10,1199,144.5,15.871794871794872,24.0,0.0,255,0,6475.0
2017-07-11,16142,1.0,43.384615384615394,26.0,0.0,1001,1,1199.0
2017-07-12,18529,0.0,50.5897435897436,27.1,0.0,1007,2,16142.0
2017-07-13,18236,0.0,54.71794871794872,27.6,0.0,1006,3,18529.0
2017-07-14,17158,0.0,52.641025641025635,28.7,0.0,912,4,18236.0
2017-07-15,5399,42.5,23.179487179487182,25.0,0.0,423,5,17158.0
2017-07-16,13269,22.5,19.871794871794872,26.2,0.0,1184,6,5399.0
2017-07-17,16632,7.5,25.71794871794872,26.8,1.0,1108,0,13269.0
2017-07-18,16138,2.5,29.923076923076927,26.5,0.0,905,1,16632.0
2017-07-19,18383,0.0,42.333333333333336,28.3,0.0,1056,2,16138.0
2017-07-20,17612,0.0,56.56410256410256,29.9,0.0,1024,3,18383.0
2017-07-21,16815,0.0,64.69230769230771,29.8,0.0,826,4,17612.0
2017-07-22,10712,0.5,61.358974358974365,29.3,0.0,753,5,16815.0
2017-07-23,8298,133.5,53.46153846153846,27.0,0.0,627,6,10712.0
2017-07-24,14039,3.0,38.230769230769226,26.2,0.0,810,0,8298.0
2017-07-25,17854,0.0,30.41025641025641,29.4,0.0,949,1,14039.0
2017-07-26,19010,0.0,21.794871794871803,28.7,0.0,1066,2,17854.0
2017-07-27,16732,3.5,32.384615384615394,27.1,0.0,940,3,19010.0
2017-07-28,10194,8.5,33.333333333333336,25.5,0.0,560,4,16732.0
2017-07-29,17140,0.0,18.487179487179485,27.2,0.0,1530,5,10194.0
2017-07-30,16187,0.0,25.07692307692308,27.9,0.0,1561,6,17140.0
2017-07-31,12144,3.5,24.871794871794872,25.7,0.0,797,0,16187.0
2017-08-01,18392,2.0,25.487179487179485,28.6,0.0,1123,1,12144.0
2017-08-02,17672,0.0,40.0,30.0,0.0,995,2,18392.0
2017-08-03,18168,0.0,28.153846153846153,30.2,0.0,989,3,17672.0
2017-08-04,17444,0.0,30.35897435897436,30.3,0.0,952,4,18168.0
2017-08-05,13103,0.0,34.7948717948718,31.4,0.0,902,5,17444.0
2017-08-06,12510,5.0,28.63157894736842,29.8,0.0,987,6,13103.0
2017-08-07,18359,0.0,36.615384615384606,29.2,0.0,998,0,12510.0
2017-08-08,20578,0.0,46.051282051282044,28.2,0.0,1332,1,18359.0
2017-08-09,19509,2.5,37.282051282051285,27.6,0.0,1092,2,20578.0
2017-08-10,6701,5.5,10.333333333333334,24.8,0.0,456,3,19509.0
2017-08-11,17577,0.5,13.461538461538463,27.0,0.0,953,4,6701.0
2017-08-12,18542,0.0,13.205128205128204,27.8,0.0,1592,5,17577.0
2017-08-13,18907,0.0,11.948717948717947,26.3,0.0,2072,6,18542.0
2017-08-14,12150,1.5,11.589743589743591,24.6,0.0,946,0,18907.0
2017-08-15,2457,93.5,8.128205128205128,21.9,1.0,865,1,12150.0
2017-08-16,17325,2.0,9.76923076923077,23.3,0.0,1011,2,2457.0
2017-08-17,18670,0.5,14.538461538461537,24.8,0.0,1032,3,17325.0
2017-08-18,20851,0.0,30.43589743589743,26.3,0.0,1257,4,18670.0
2017-08-19,18744,0.0,28.56410256410257,26.1,0.0,1711,5,20851.0
2017-08-20,1961,124.5,12.153846153846152,23.2,0.0,309,6,18744.0
2017-08-21,18669,5.0,16.28205128205128,25.8,0.0,1073,0,1961.0
2017-08-22,22687,0.0,20.512820512820515,27.3,0.0,1415,1,18669.0
2017-08-23,11579,31.5,23.33333333333333,27.2,0.0,665,2,22687.0
2017-08-24,13694,14.0,23.461538461538463,26.5,0.0,794,3,11579.0
2017-08-25,22969,0.0,29.384615384615387,25.3,0.0,1475,4,13694.0
2017-08-26,24671,0.0,28.43589743589743,24.2,0.0,2810,5,22969.0
2017-08-27,22419,0.0,26.743589743589745,22.7,0.0,2657,6,24671.0
2017-08-28,11869,9.0,32.02564102564103,21.5,0.0,874,0,22419.0
2017-08-29,27653,0.0,20.53846153846154,19.5,0.0,2060,1,11869.0
2017-08-30,27229,0.0,28.615384615384613,19.8,0.0,2044,2,27653.0
2017-08-31,27500,0.0,40.769230769230774,22.2,0.0,2084,3,27229.0
2017-09-01,28644,0.0,27.615384615384613,23.3,0.0,2547,4,27500.0
2017-09-02,29162,0.0,30.179487179487182,23.8,0.0,3691,5,28644.0
2017-09-03,28741,0.0,34.82051282051282,23.7,0.0,3880,6,29162.0
2017-09-04,28588,0.0,32.02564102564103,24.6,0.0,2406,0,28741.0
2017-09-05,26894,0.0,28.897435897435894,21.9,0.0,1784,1,28588.0
2017-09-06,14412,2.0,31.66666666666667,20.6,0.0,982,2,26894.0
2017-09-08,29439,0.0,53.948717948717956,24.3,0.0,2138,4,14412.0
2017-09-09,28899,0.0,63.53846153846154,23.8,0.0,3160,5,29439.0
2017-09-10,22813,0.5,54.97435897435897,23.0,0.0,2686,6,28899.0
2017-09-11,21210,24.0,25.487179487179485,21.2,0.0,1619,0,22813.0
2017-09-12,29705,0.0,29.28205128205128,22.1,0.0,2045,1,21210.0
2017-09-13,31250,0.0,27.56410256410257,21.4,0.0,1984,2,29705.0
2017-09-14,31115,0.0,31.384615384615387,22.4,0.0,2095,3,31250.0
2017-09-15,32381,0.0,18.897435897435894,22.6,0.0,2541,4,31115.0
2017-09-16,34104,0.0,12.82051282051282,22.0,0.0,3929,5,32381.0
2017-09-17,33587,0.0,11.435897435897436,23.1,0.0,4260,6,34104.0
2017-09-18,32918,0.0,23.487179487179485,21.9,0.0,2390,0,33587.0
2017-09-19,23220,8.0,67.15384615384616,22.6,0.0,1344,1,32918.0
2017-09-20,34011,0.0,27.30769230769231,19.5,0.0,2180,2,23220.0
2017-09-21,33109,0.0,32.358974358974365,20.3,0.0,2131,3,34011.0
2017-09-22,34114,0.0,35.56410256410256,20.6,0.0,2278,4,33109.0
2017-09-23,33524,0.0,57.92307692307693,21.8,0.0,3369,5,34114.0
2017-09-24,30320,0.0,67.25641025641025,22.4,0.0,3282,6,33524.0
2017-09-25,32636,0.0,49.282051282051285,23.4,0.0,2071,0,30320.0
2017-09-26,30093,0.0,50.33333333333334,25.1,0.0,1664,1,32636.0
2017-09-27,28175,0.5,43.846153846153854,22.7,0.0,1533,2,30093.0
2017-09-28,31462,0.0,25.84615384615385,19.2,0.0,1637,3,28175.0
2017-09-29,32872,0.0,24.948717948717945,17.4,0.0,1903,4,31462.0
2017-09-30,33195,0.0,38.641025641025635,20.0,0.0,3275,5,32872.0
2017-10-01,10634,4.0,35.25641025641025,18.2,0.0,1230,6,33195.0
2017-10-02,28247,1.5,22.102564102564106,22.0,1.0,3205,0,10634.0
2017-10-03,22250,0.0,38.02564102564103,17.6,1.0,2639,1,28247.0
2017-10-04,19575,0.0,23.461538461538463,16.7,1.0,3144,2,22250.0
2017-10-05,26463,0.0,16.256410256410255,18.7,1.0,3463,3,19575.0
2017-10-06,22853,0.5,13.051282051282053,18.9,1.0,2580,4,26463.0
2017-10-07,35917,0.0,11.076923076923077,21.9,0.0,4673,5,22853.0
2017-10-08,37200,0.0,20.820512820512818,23.0,0.0,4880,6,35917.0
2017-10-09,39072,0.0,27.657894736842106,22.5,1.0,4465,0,37200.0
2017-10-10,27441,0.4,31.512820512820515,21.4,0.0,1702,1,39072.0
2017-10-11,19431,20.0,12.794871794871796,15.5,0.0,1049,2,27441.0
2017-10-12,25816,0.0,23.794871794871803,11.4,0.0,1035,3,19431.0
2017-10-13,28651,0.0,30.64102564102564,12.8,0.0,1731,4,25816.0
2017-10-14,30106,0.0,25.58974358974359,14.4,0.0,2453,5,28651.0
2017-10-15,31435,0.0,24.64102564102564,15.8,0.0,2872,6,30106.0
2017-10-16,30232,0.0,33.97435897435897,16.6,0.0,1508,0,31435.0
2017-10-17,31232,0.0,42.0,16.2,0.0,1562,1,30232.0
2017-10-18,23880,0.1,27.41025641025641,16.5,0.0,964,2,31232.0
2017-10-19,32008,0.0,21.56410256410257,17.0,0.0,1508,3,23880.0
2017-10-20,32250,0.0,34.51282051282051,17.0,0.0,1644,4,32008.0
2017-10-21,33126,0.0,42.8974358974359,17.6,0.0,2566,5,32250.0
2017-10-22,28657,0.0,27.948717948717945,16.3,0.0,2430,6,33126.0
2017-10-23,29072,0.0,27.71794871794872,13.7,0.0,1358,0,28657.0
2017-10-24,29702,0.0,35.43589743589744,14.4,0.0,1316,1,29072.0
2017-10-25,29915,0.0,44.48717948717949,14.4,0.0,1172,2,29702.0
2017-10-26,29239,0.0,54.02564102564103,14.5,0.0,1147,3,29915.0
2017-10-27,31474,0.0,63.4102564102564,16.9,0.0,1465,4,29239.0
2017-10-28,30249,0.0,49.71794871794872,17.2,0.0,2274,5,31474.0
2017-10-29,20310,0.0,69.35897435897436,11.5,0.0,1522,6,30249.0
2017-10-30,21550,0.0,38.615384615384606,7.7,0.0,625,0,20310.0
2017-10-31,25117,0.0,37.512820512820504,10.4,0.0,718,1,21550.0
2017-11-01,27319,0.0,41.692307692307686,14.4,0.0,1025,2,25117.0
2017-11-02,25335,1.0,50.358974358974365,15.5,0.0,899,3,27319.0
2017-11-03,19578,1.5,42.05128205128205,12.3,0.0,829,4,25335.0
2017-11-04,18341,0.0,56.256410256410255,7.8,0.0,977,5,19578.0
2017-11-05,19098,0.0,43.153846153846146,8.4,0.0,1190,6,18341.0
2017-11-06,25218,0.0,36.87179487179487,11.4,0.0,794,0,19098.0
2017-11-07,27262,0.0,46.4102564102564,14.4,0.0,839,1,25218.0
2017-11-08,24021,0.0,68.76923076923077,13.1,0.0,701,2,27262.0
2017-11-09,24375,0.0,54.4102564102564,9.4,0.0,695,3,24021.0
2017-11-10,15896,7.5,48.358974358974365,9.8,0.0,427,4,24375.0
2017-11-11,15692,0.0,74.41025641025641,5.9,0.0,733,5,15896.0
2017-11-12,15033,0.0,34.666666666666664,5.3,0.0,757,6,15692.0
2017-11-13,16595,4.5,44.92307692307693,8.4,0.0,408,0,15033.0
2017-11-14,19222,0.0,48.43589743589744,7.5,0.0,406,1,16595.0
2017-11-15,16133,0.0,27.923076923076927,3.2,0.0,282,2,19222.0
2017-11-16,15150,0.0,28.0,1.0,0.0,264,3,16133.0
2017-11-17,13977,0.0,45.48717948717949,3.0,0.0,272,4,15150.0
2017-11-18,8228,0.0,41.307692307692314,-2.1,0.0,217,5,13977.0
2017-11-19,7232,0.0,26.35897435897436,-1.6,0.0,222,6,8228.0
2017-11-20,12553,0.0,40.87179487179487,-0.4,0.0,224,0,7232.0
2017-11-21,14286,0.0,54.153846153846146,1.3,0.0,304,1,12553.0
2017-11-22,13151,0.5,66.92307692307692,4.3,0.0,270,2,14286.0
2017-11-23,12915,1.2,26.153846153846153,0.9,0.0,200,3,13151.0
2017-11-24,10776,0.0,22.615384615384613,-0.4,0.0,181,4,12915.0
2017-11-25,4350,24.0,28.23076923076923,3.0,0.0,162,5,10776.0
2017-11-26,8294,0.0,40.794871794871796,3.3,0.0,343,6,4350.0
2017-11-27,13798,0.0,52.97435897435897,2.5,0.0,259,0,8294.0
2017-11-28,14962,0.5,77.58974358974359,6.4,0.0,377,1,13798.0
2017-11-29,12959,0.0,63.87179487179486,3.2,0.0,251,2,14962.0
2017-11-30,10869,0.0,25.64102564102564,-2.4,0.0,208,3,12959.0
2017-12-01,10558,0.0,27.2051282051282,-2.2,0.0,211,4,10869.0
2017-12-02,9234,0.0,43.33333333333334,1.9,0.0,323,5,10558.0
2017-12-03,7811,4.0,53.82051282051282,4.9,0.0,349,6,9234.0
2017-12-04,9731,0.1,44.97435897435897,-1.2,0.0,205,0,7811.0
2017-12-05,9209,0.1,23.58974358974359,-4.2,0.0,145,1,9731.0
2017-12-06,7243,1.2,34.846153846153854,0.2,0.0,152,2,9209.0
2017-12-07,9364,0.0,47.5897435897436,0.7,0.0,171,3,7243.0
2017-12-08,8836,0.0,33.97435897435897,-3.8,0.0,119,4,9364.0
2017-12-09,7784,0.0,42.74358974358975,-0.5,0.0,223,5,8836.0
2017-12-10,3681,4.1,40.53846153846154,1.1,0.0,175,6,7784.0
2017-12-11,6306,0.0,48.5897435897436,-7.0,0.0,88,0,3681.0
2017-12-12,5948,0.0,34.53846153846154,-9.4,0.0,83,1,6306.0
2017-12-13,6499,0.0,38.641025641025635,-8.7,0.0,81,2,5948.0
2017-12-14,6922,0.0,57.92307692307693,-6.6,0.0,102,3,6499.0
2017-12-15,7869,0.0,85.0,-3.0,0.0,113,4,6922.0
2017-12-16,4885,0.0,60.5,-5.7,0.0,124,5,7869.0
2017-12-17,3944,0.0,39.60526315789474,-6.7,0.0,109,6,4885.0
2017-12-18,2767,3.4,58.368421052631575,-1.6,0.0,76,0,3944.0
2017-12-19,4583,0.0,47.842105263157904,-3.9,0.0,73,1,2767.0
2017-12-20,4857,0.2,43.44736842105264,-3.9,0.0,86,2,4583.0
2017-12-21,6142,0.0,54.594594594594604,-0.9,0.0,117,3,4857.0
2017-12-22,7797,0.0,61.135135135135144,3.4,0.0,143,4,6142.0
2017-12-23,7156,0.0,113.52777777777777,6.1,0.0,307,5,7797.0
2017-12-24,2174,20.0,80.1111111111111,2.9,0.0,207,6,7156.0
2017-12-25,4186,0.0,31.36111111111111,-2.1,1.0,187,0,2174.0
2017-12-26,6003,0.0,30.944444444444446,-3.8,0.0,134,1,4186.0
2017-12-27,5740,0.0,29.277777777777782,-6.9,0.0,111,2,6003.0
2017-12-28,7073,0.0,48.33333333333334,-2.1,0.0,150,3,5740.0
2017-12-29,8263,0.0,99.94444444444444,2.1,0.0,197,4,7073.0
2017-12-30,4242,0.7,132.41666666666666,1.4,0.0,166,5,8263.0
2017-12-31,3629,1.0,66.08333333333333,-0.3,0.0,201,6,4242.0
2018-01-01,4950,0.0,44.171428571428564,-1.3,1.0,302,0,3629.0
2018-01-02,7136,0.0,43.37837837837838,-1.8,0.0,246,1,4950.0
2018-01-03,7156,0.0,36.89473684210526,-4.7,0.0,205,2,7136.0
2018-01-04,7102,0.0,47.657894736842096,-4.7,0.0,169,3,7156.0
2018-01-05,7705,0.0,60.23684210526316,-3.0,0.0,183,4,7102.0
2018-01-06,5681,0.0,50.44736842105264,-2.8,0.0,192,5,7705.0
2018-01-07,5220,0.0,57.47368421052632,-0.8,0.0,253,6,5681.0
2018-01-08,6309,0.9,59.68421052631579,1.3,0.0,186,0,5220.0
2018-01-09,5988,0.5,43.55263157894736,-4.2,0.0,147,1,6309.0
2018-01-10,4476,0.3,34.6578947368421,-7.5,0.0,93,2,5988.0
2018-01-11,4337,0.0,34.6578947368421,-11.1,0.0,76,3,4476.0
2018-01-12,4401,0.0,26.342105263157894,-10.2,0.0,79,4,4337.0
2018-01-13,3756,0.4,55.256410256410255,-4.4,0.0,89,5,4401.0
2018-01-14,4675,0.0,71.1025641025641,0.6,0.0,235,6,3756.0
2018-01-15,6993,0.2,71.69230769230771,4.7,0.0,195,0,4675.0
2018-01-16,7421,0.0,115.94871794871794,3.5,0.0,202,1,6993.0
2018-01-17,6990,0.0,115.28205128205127,4.5,0.0,205,2,7421.0
2018-01-18,7054,0.0,90.48717948717949,2.1,0.0,179,3,6990.0
2018-01-19,8329,0.0,62.17948717948718,1.0,0.0,201,4,7054.0
2018-01-20,6148,0.0,103.74358974358972,2.2,0.0,253,5,8329.0
2018-01-21,5574,0.0,65.92307692307692,0.4,0.0,266,6,6148.0
2018-01-22,4929,3.3,50.07692307692307,0.2,0.0,146,0,5574.0
2018-01-23,4263,0.0,25.538461538461537,-11.7,0.0,69,1,4929.0
2018-01-24,3370,0.0,30.743589743589745,-14.2,0.0,64,2,4263.0
2018-01-25,3307,0.0,25.025641025641022,-14.0,0.0,56,3,3370.0
2018-01-26,3116,0.0,33.51282051282051,-14.8,0.0,42,4,3307.0
2018-01-27,2833,0.0,46.92307692307693,-9.9,0.0,99,5,3116.0
2018-01-28,3028,0.0,34.0,-6.3,0.0,120,6,2833.0
2018-01-29,4425,0.0,47.282051282051285,-8.5,0.0,86,0,3028.0
2018-01-30,3591,2.9,43.769230769230774,-5.3,0.0,79,1,4425.0
2018-01-31,4104,0.0,42.487179487179496,-2.6,0.0,103,2,3591.0
2018-02-01,5821,0.0,42.02564102564103,-4.0,0.0,104,3,4104.0
2018-02-02,6557,0.0,57.17948717948718,-2.4,0.0,143,4,5821.0
2018-02-03,3499,0.5,38.92307692307692,-7.3,0.0,118,5,6557.0
2018-02-04,2642,0.0,33.641025641025635,-9.5,0.0,105,6,3499.0
2018-02-05,4213,0.0,27.897435897435894,-9.4,0.0,89,0,2642.0
2018-02-06,4257,0.0,32.58974358974359,-10.1,0.0,67,1,4213.0
2018-02-07,5028,0.0,42.07692307692308,-8.0,0.0,92,2,4257.0
2018-02-08,6114,0.0,54.384615384615394,-4.4,0.0,150,3,5028.0
2018-02-09,6905,0.0,72.97435897435899,0.4,0.0,147,4,6114.0
2018-02-10,4829,0.0,78.46153846153847,-0.5,0.0,169,5,6905.0
2018-02-11,3047,0.0,53.33333333333334,-6.1,0.0,111,6,4829.0
2018-02-12,5231,0.0,50.615384615384606,-5.8,0.0,109,0,3047.0
2018-02-13,6863,0.0,52.46153846153846,-0.8,0.0,165,1,5231.0
2018-02-14,7477,0.0,70.28205128205127,3.5,0.0,237,2,6863.0
2018-02-15,3935,0.0,40.12820512820513,-0.7,1.0,213,3,7477.0
2018-02-16,3047,0.0,49.641025641025635,-1.1,1.0,254,4,3935.0
2018-02-18,5191,0.0,38.17948717948718,-0.4,0.0,366,6,3047.0
2018-02-19,8563,0.0,62.641025641025635,1.8,0.0,381,0,5191.0
2018-02-20,8899,0.0,67.56410256410257,0.9,0.0,340,1,8563.0
2018-02-21,8342,0.0,40.07692307692308,-0.9,0.0,280,2,8899.0
2018-02-22,8580,0.4,47.02564102564103,1.3,0.0,239,3,8342.0
2018-02-23,6408,3.7,93.35897435897436,4.2,0.0,226,4,8580.0
2018-02-24,7198,0.0,81.64864864864866,2.4,0.0,393,5,6408.0
2018-02-25,7595,0.0,47.45945945945946,1.9,0.0,563,6,7198.0
2018-02-26,10712,0.0,66.18918918918921,3.1,0.0,538,0,7595.0
2018-02-27,10064,0.0,99.22222222222223,4.2,0.0,369,1,10712.0
2018-02-28,4230,25.0,73.91666666666667,4.6,0.0,213,2,10064.0
2018-03-01,5761,0.5,43.25,-0.2,1.0,420,3,4230.0
2018-03-02,9388,0.0,72.05555555555556,-0.7,0.0,422,4,5761.0
2018-03-03,16029,0.0,62.77777777777778,7.9,0.0,1649,5,9388.0
2018-03-04,5373,11.5,33.333333333333336,9.8,0.0,818,6,16029.0
2018-03-05,9943,3.5,10.416666666666666,5.5,0.0,706,0,5373.0
2018-03-06,14028,0.0,34.0,4.5,0.0,749,1,9943.0
2018-03-07,12925,0.5,31.210526315789476,6.4,0.0,576,2,14028.0
2018-03-08,8812,4.0,33.10526315789474,4.6,0.0,493,3,12925.0
2018-03-09,13573,0.0,54.89473684210525,4.5,0.0,598,4,8812.0
2018-03-10,13324,0.0,49.68421052631579,4.6,0.0,1026,5,13573.0
2018-03-11,15136,0.0,62.026315789473685,6.4,0.0,1617,6,13324.0
2018-03-12,15913,0.0,103.31578947368419,8.0,0.0,812,0,15136.0
2018-03-13,19514,0.0,69.51282051282051,12.4,0.0,1146,1,15913.0
2018-03-14,24911,0.0,26.820512820512818,17.0,0.0,1793,2,19514.0
2018-03-15,7091,27.0,23.35897435897436,12.4,0.0,538,3,24911.0
2018-03-16,18415,0.0,15.64102564102564,7.1,0.0,1146,4,7091.0
2018-03-17,20165,0.0,33.846153846153854,6.6,0.0,2085,5,18415.0
2018-03-18,11740,0.5,64.66666666666667,8.2,0.0,1233,6,20165.0
2018-03-19,10297,1.0,32.05128205128205,8.0,0.0,533,0,11740.0
2018-03-20,13205,0.0,22.128205128205128,4.7,0.0,563,1,10297.0
2018-04-09,23925,0.0,43.43589743589744,7.9,0.0,1411,0,13205.0
2018-04-10,20423,5.0,49.615384615384606,15.1,0.0,1149,1,23925.0
2018-04-11,25557,0.0,66.87179487179488,12.6,0.0,1158,2,20423.0
2018-04-12,28885,0.0,48.82051282051282,13.3,0.0,1613,3,25557.0
2018-04-13,29497,0.0,37.94871794871795,14.6,0.0,1524,4,28885.0
2018-04-14,8216,9.0,22.256410256410255,9.0,0.0,656,5,29497.0
2018-04-15,12721,0.0,77.35897435897436,9.5,0.0,1516,6,8216.0
2018-04-16,29589,0.0,40.230769230769226,11.6,0.0,1573,0,12721.0
2018-04-17,28236,0.0,62.794871794871796,12.9,0.0,1494,1,29589.0
2018-04-18,23499,0.0,72.25641025641026,12.4,0.0,1616,2,28236.0
2018-04-19,20400,0.0,83.23076923076924,14.0,0.0,1492,3,23499.0
2018-04-21,33144,0.0,76.43589743589743,18.7,0.0,3244,5,20400.0
2018-04-22,8095,15.5,40.12820512820513,15.5,0.0,951,6,33144.0
2018-04-23,1037,59.0,9.666666666666666,9.3,0.0,304,0,8095.0
2018-04-24,24560,3.0,10.435897435897436,12.1,0.0,959,1,1037.0
2018-04-25,33728,0.0,37.5,14.6,0.0,1819,2,24560.0
2018-04-26,32547,0.0,48.07692307692307,14.9,0.0,1848,3,33728.0
2018-04-27,32989,0.0,60.10256410256411,15.7,0.0,2156,4,32547.0
2018-04-28,33738,0.0,63.256410256410255,15.4,0.0,3379,5,32989.0
2018-04-29,35159,0.0,56.51282051282051,16.2,0.0,3909,6,33738.0
2018-04-30,32629,0.0,84.71794871794873,19.2,0.0,2058,0,35159.0
2018-05-01,34593,0.0,63.48717948717949,20.4,0.0,2765,1,32629.0
2018-05-02,8374,12.0,46.20512820512821,15.1,0.0,651,2,34593.0
2018-05-03,25963,1.0,31.512820512820515,11.2,0.0,1095,3,8374.0
2018-05-04,34058,0.0,47.56410256410256,14.1,0.0,1685,4,25963.0
2018-05-05,37389,0.0,42.717948717948715,18.3,1.0,3764,5,34058.0
2018-05-06,19809,22.0,15.589743589743591,16.6,0.0,2288,6,37389.0
2018-05-07,40026,0.0,38.512820512820504,19.2,1.0,4565,0,19809.0
2018-05-08,33738,0.0,20.384615384615387,17.5,0.0,1891,1,40026.0
2018-05-09,37851,0.0,23.71794871794872,15.7,0.0,2240,2,33738.0
2018-05-10,36549,0.0,44.10256410256411,15.4,0.0,1917,3,37851.0
2018-05-11,33923,0.0,63.07692307692307,16.1,0.0,1830,4,36549.0
2018-05-12,3551,32.0,33.46153846153846,14.2,0.0,536,5,33923.0
2018-05-13,35668,0.5,25.33333333333333,15.8,0.0,3407,6,3551.0
2018-05-15,36476,0.0,78.8205128205128,23.2,0.0,1659,1,35668.0
2018-05-16,7072,45.0,36.20512820512821,22.3,0.0,634,2,36476.0
2018-05-17,3802,83.0,16.102564102564102,20.9,0.0,312,3,7072.0
2018-05-20,39036,0.0,12.333333333333336,17.0,0.0,3902,6,3802.0
2018-05-21,42039,0.0,10.871794871794872,17.8,0.0,2984,0,39036.0
2018-05-27,39534,0.0,68.33333333333333,20.3,0.0,3521,6,42039.0
2018-05-28,40775,0.0,52.43589743589744,22.3,0.0,2067,0,39534.0
2018-06-01,41970,0.0,44.153846153846146,23.8,0.0,2109,4,40775.0
2018-06-02,41677,0.0,51.97435897435897,23.4,0.0,3513,5,41970.0
2018-06-04,44014,0.0,43.53846153846154,22.6,0.0,2180,0,41677.0
2018-06-05,44118,0.0,41.74358974358975,23.7,0.0,2184,1,44014.0
2018-06-22,47478,0.0,51.714285714285715,25.0,0.0,3335,4,44118.0
2018-06-26,6391,71.5,63.2,22.3,0.0,635,1,47478.0
2018-06-30,26911,14.5,53.82352941176471,24.4,0.0,2094,5,6391.0
2018-07-01,4358,83.5,13.088235294117649,21.9,0.0,689,6,26911.0
2018-07-02,6261,59.5,11.028571428571427,22.6,0.0,530,0,4358.0
2018-07-03,41350,0.1,13.114285714285714,27.4,0.0,2254,1,6261.0
2018-07-06,49521,0.0,8.194444444444445,23.9,0.0,3099,4,41350.0
2018-07-07,48015,0.0,9.472222222222221,23.7,0.0,5428,5,49521.0
2018-07-08,48132,0.0,12.694444444444445,23.3,0.0,5706,6,48015.0
2018-07-09,8155,14.0,10.555555555555557,20.8,0.0,895,0,48132.0
2018-07-10,27956,16.5,23.194444444444446,23.7,0.0,1347,1,8155.0
2018-07-11,35390,3.0,33.416666666666664,26.8,0.0,1856,2,27956.0
2018-07-12,43611,1.0,27.76315789473684,26.6,0.0,2372,3,35390.0
2018-07-13,44976,0.0,22.578947368421048,27.3,0.0,2539,4,43611.0
2018-07-14,39205,0.0,21.394736842105264,27.9,0.0,3446,5,44976.0
2018-07-15,34957,0.0,23.315789473684212,28.3,0.0,2937,6,39205.0
2018-07-16,40964,0.0,27.394736842105264,28.7,0.0,2161,0,34957.0
2018-07-17,43323,0.0,31.35897435897436,28.1,1.0,2133,1,40964.0
2018-07-18,42609,0.0,36.692307692307686,28.2,0.0,2123,2,43323.0
2018-07-19,42316,0.0,31.71794871794872,28.7,0.0,2194,3,42609.0
2018-07-20,40337,0.0,38.05128205128205,29.5,0.0,2069,4,42316.0
2018-07-21,32360,0.0,39.92307692307692,30.6,0.0,2270,5,40337.0
2018-07-22,28250,0.0,30.41025641025641,31.8,0.0,1949,6,32360.0
2018-07-23,38003,0.0,32.871794871794876,31.7,0.0,1643,0,28250.0
2018-07-24,37486,0.0,43.71794871794872,31.4,0.0,1524,1,38003.0
2018-07-25,39225,0.0,33.25641025641025,30.1,0.0,1606,2,37486.0
2018-07-26,37796,0.0,42.1578947368421,30.1,0.0,1592,3,39225.0
2018-07-27,34985,0.0,49.526315789473685,30.9,0.0,1352,4,37796.0
2018-07-28,24649,7.5,40.631578947368425,29.5,0.0,1417,5,34985.0
2018-07-29,28317,0.0,19.763157894736842,31.3,0.0,1918,6,24649.0
2018-07-30,36701,0.0,11.384615384615385,31.7,0.0,1696,0,28317.0
2018-07-31,35262,0.0,18.974358974358974,32.6,0.0,1463,1,36701.0
2018-08-01,31169,0.0,34.55263157894737,33.6,0.0,1153,2,35262.0
2018-08-02,31321,0.0,33.31578947368421,33.7,0.0,1173,3,31169.0
2018-08-03,31646,0.0,46.55263157894736,33.1,0.0,1192,4,31321.0
2018-08-04,28174,0.0,28.102564102564106,31.1,0.0,1613,5,31646.0
2018-08-05,26989,2.0,28.025641025641022,30.0,0.0,1636,6,28174.0
2018-08-06,29113,6.5,33.58974358974359,30.5,0.0,1161,0,26989.0
2018-08-07,36983,0.0,20.846153846153847,30.5,0.0,1352,1,29113.0
2018-08-08,37140,0.0,27.461538461538463,31.0,0.0,1394,2,36983.0
2018-08-09,32216,2.0,26.28205128205128,28.8,0.0,1024,3,37140.0
2018-08-10,36178,0.0,17.46153846153846,30.7,0.0,1298,4,32216.0
2018-08-11,31293,0.0,12.17948717948718,31.0,0.0,1991,5,36178.0
2018-08-12,27363,5.0,16.41025641025641,30.6,0.0,1892,6,31293.0
2018-08-13,36076,1.0,33.94871794871795,30.5,0.0,1510,0,27363.0
2018-08-14,37659,0.0,29.461538461538463,31.7,0.0,1581,1,36076.0
2018-08-15,29270,1.0,30.33333333333333,31.7,1.0,1792,2,37659.0
2018-08-16,41358,0.0,17.615384615384613,29.9,0.0,1905,3,29270.0
2018-08-17,47634,0.0,14.589743589743591,27.2,0.0,2799,4,41358.0
2018-08-18,45629,0.0,17.205128205128204,26.7,0.0,4676,5,47634.0
2018-08-19,42281,0.0,24.897435897435894,28.2,0.0,4211,6,45629.0
2018-08-20,44243,0.0,38.384615384615394,29.1,0.0,2341,0,42281.0
2018-08-21,41964,5.0,24.256410256410252,26.6,0.0,2348,1,44243.0
2018-08-22,42425,0.0,26.487179487179485,30.7,0.0,1817,2,41964.0
2018-08-23,23616,3.0,14.743589743589745,29.4,0.0,805,3,42425.0
2018-08-24,17319,7.5,9.820512820512821,24.4,0.0,948,4,23616.0
2018-08-25,47109,0.0,25.23076923076923,25.2,0.0,4274,5,17319.0
2018-08-26,32200,2.0,18.871794871794872,23.2,0.0,2941,6,47109.0
2018-08-27,23382,19.5,10.8974358974359,22.7,0.0,1295,0,32200.0
2018-08-28,13495,96.5,11.846153846153848,23.7,0.0,611,1,23382.0
2018-08-29,13001,42.0,15.461538461538463,25.2,0.0,557,2,13495.0
2018-08-30,33158,9.5,28.794871794871803,25.3,0.0,1393,3,13001.0
2018-08-31,46101,0.1,25.615384615384613,25.6,0.0,2563,4,33158.0
2018-09-01,43847,0.0,20.33333333333333,25.5,0.0,3760,5,46101.0
2018-09-02,48427,0.0,14.384615384615385,25.1,0.0,4875,6,43847.0
2018-09-03,16086,34.5,17.153846153846153,23.3,0.0,913,0,48427.0
2018-09-04,50500,0.0,18.512820512820515,23.2,0.0,2818,1,16086.0
2018-09-05,53984,0.0,28.315789473684212,24.0,0.0,3141,2,50500.0
2018-09-06,46532,1.0,37.131578947368425,24.1,0.0,2264,3,53984.0
2018-09-07,53230,0.5,27.86842105263158,22.0,0.0,3292,4,46532.0
2018-09-08,55470,0.0,25.63888888888889,21.7,0.0,6355,5,53230.0
2018-09-09,54213,0.0,22.88888888888889,22.2,0.0,6298,6,55470.0
2018-09-10,55188,0.0,13.361111111111109,22.9,0.0,3340,0,54213.0
2018-09-11,56212,0.0,14.444444444444445,21.6,0.0,3002,1,55188.0
2018-09-12,57363,0.0,17.25,22.8,0.0,3283,2,56212.0
2018-09-13,55791,0.0,19.805555555555557,23.5,0.0,2963,3,57363.0
2018-09-14,49383,0.5,20.055555555555557,23.5,0.0,2650,4,55791.0
2018-09-15,44808,0.2,14.083333333333336,23.3,0.0,3810,5,49383.0
2018-09-16,24317,2.0,38.97222222222222,22.2,0.0,2127,6,44808.0
2018-09-17,55335,0.1,29.472222222222218,22.3,0.0,2983,0,24317.0
2018-09-18,57691,0.0,37.77777777777778,22.0,0.0,2825,1,55335.0
2018-09-19,44096,0.2,41.5,22.1,0.0,2112,2,57691.0
2018-09-20,23616,5.0,16.857142857142858,19.0,0.0,951,3,44096.0
2018-09-21,32242,18.0,9.083333333333334,19.4,0.0,1604,4,23616.0
2018-09-22,49688,6.5,33.138888888888886,20.8,0.0,4927,5,32242.0
2018-09-23,38635,0.0,29.777777777777782,19.4,1.0,4603,6,49688.0
2018-09-24,36406,0.0,14.416666666666664,17.6,1.0,5406,0,38635.0
2018-09-25,49595,0.0,14.722222222222221,17.8,1.0,6973,1,36406.0
2018-09-26,57730,0.0,8.833333333333334,19.4,1.0,7149,2,49595.0
2018-09-27,58200,0.0,10.055555555555557,18.9,0.0,3800,3,57730.0
2018-09-28,59649,0.0,14.542857142857144,17.5,0.0,3650,4,58200.0
2018-09-29,63866,0.0,16.885714285714286,20.2,0.0,7170,5,59649.0
2018-09-30,55893,0.0,21.62857142857143,17.6,0.0,5862,6,63866.0
2018-10-01,51808,0.0,17.705882352941178,15.4,0.0,2474,0,55893.0
2018-10-02,57280,0.0,26.457142857142852,15.9,0.0,2812,1,51808.0
2018-10-03,64671,0.0,28.17142857142857,17.3,1.0,6966,2,57280.0
2018-10-04,59413,0.0,23.4,19.3,0.0,2946,3,64671.0
2018-10-05,7772,36.5,11.457142857142856,16.9,0.0,606,4,59413.0
2018-10-06,32510,55.5,6.914285714285715,18.0,0.0,3206,5,7772.0
2018-10-07,57873,0.0,27.857142857142854,16.4,0.0,6099,6,32510.0
2018-10-08,57247,0.0,23.82857142857143,14.8,0.0,3722,0,57873.0
2018-10-09,61525,0.0,26.82857142857143,15.3,1.0,5278,1,57247.0
2018-10-10,44876,7.0,19.65714285714286,12.0,0.0,1672,2,61525.0
2018-10-11,44489,0.0,18.314285714285713,9.7,0.0,1499,3,44876.0
2018-10-12,48529,0.0,25.457142857142852,10.9,0.0,2032,4,44489.0
2018-10-13,49203,0.0,35.42857142857143,12.5,0.0,3690,5,48529.0
2018-10-14,49025,0.0,36.02857142857143,13.2,0.0,4071,6,49203.0
2018-10-15,49503,0.0,63.14285714285714,15.2,0.0,2109,0,49025.0
2018-10-16,51236,0.0,50.914285714285704,14.5,0.0,1876,1,49503.0
2018-10-17,49795,0.0,36.142857142857146,12.4,0.0,1841,2,51236.0
2018-10-18,49560,0.0,16.714285714285715,12.7,0.0,1702,3,49795.0
2018-10-19,52122,0.0,20.527777777777782,13.1,0.0,2271,4,49560.0
2018-10-20,49815,0.0,40.48648648648648,13.4,0.0,3721,5,52122.0
2018-10-21,48346,0.0,38.837837837837846,13.4,0.0,3960,6,49815.0
2018-10-22,49889,0.0,53.45945945945946,14.0,0.0,2068,0,48346.0
2018-10-23,40223,5.0,53.918918918918926,12.2,0.0,1304,1,49889.0
2018-10-24,50343,0.0,43.0,12.5,0.0,1777,2,40223.0
2018-10-25,52181,0.0,41.51351351351352,13.8,0.0,1932,3,50343.0
2018-10-26,24308,11.0,36.44736842105263,12.2,0.0,968,4,52181.0
2018-10-27,33699,0.0,26.947368421052627,8.7,0.0,1706,5,24308.0
2018-10-28,20882,5.5,15.052631578947368,8.3,0.0,1170,6,33699.0
2018-10-29,36107,0.0,18.297297297297302,7.2,0.0,870,0,20882.0
2018-10-30,37382,0.0,22.297297297297302,6.1,0.0,843,1,36107.0
2018-10-31,39009,0.0,22.97297297297297,7.4,0.0,929,2,37382.0
2018-11-01,41911,0.0,36.56756756756757,8.4,0.0,1381,3,39009.0
2018-11-02,44917,0.0,44.714285714285715,10.6,0.0,1549,4,41911.0
2018-11-03,40640,0.0,54.64285714285714,11.2,0.0,2563,5,44917.0
2018-11-04,39973,0.0,45.66666666666666,11.6,0.0,2790,6,40640.0
2018-11-05,43870,0.0,60.047619047619044,11.9,0.0,1408,0,39973.0
2018-11-06,39680,0.0,103.04761904761904,12.2,0.0,1091,1,43870.0
2018-11-07,29492,2.0,66.21428571428571,12.8,0.0,748,2,39680.0
2018-11-08,2730,64.0,9.857142857142858,11.8,0.0,281,3,29492.0
2018-11-09,34673,1.0,41.62790697674419,12.1,0.0,943,4,2730.0
2018-11-10,34194,0.0,73.4186046511628,11.9,0.0,1714,5,34673.0
2018-11-11,23926,0.0,69.0,8.1,0.0,1093,6,34194.0
2018-11-12,38706,0.0,32.56818181818182,8.1,0.0,972,0,23926.0
2018-11-13,40263,0.0,42.95454545454545,8.8,0.0,1012,1,38706.0
2018-11-14,41973,0.0,36.79545454545455,9.8,0.0,1057,2,40263.0
2018-11-15,39702,0.0,50.93181818181818,9.7,0.0,995,3,41973.0
2018-11-16,37629,0.0,58.22727272727273,8.8,0.0,962,4,39702.0
2018-11-17,28167,0.0,32.54545454545455,4.9,0.0,1243,5,37629.0
2018-11-18,26464,0.0,37.67441860465117,6.1,0.0,1330,6,28167.0
2018-11-19,34352,0.0,58.86363636363637,6.5,0.0,810,0,26464.0
2018-11-20,34855,0.2,47.0,6.5,0.0,766,1,34352.0
2018-11-21,28140,1.0,35.04545454545455,5.8,0.0,515,2,34855.0
2018-11-22,29239,0.0,22.454545454545453,2.3,0.0,513,3,28140.0
2018-11-23,28620,0.0,25.15909090909091,1.9,0.0,573,4,29239.0
2018-11-24,11255,10.9,23.20454545454545,2.6,0.0,367,5,28620.0
2018-11-25,19946,0.0,46.80952380952381,4.8,0.0,922,6,11255.0
2018-11-26,30698,0.0,64.68888888888888,6.3,0.0,661,0,19946.0
2018-11-27,28806,0.0,120.08888888888887,7.1,0.0,455,1,30698.0
2018-11-28,29177,0.0,122.77777777777777,5.0,0.0,567,2,28806.0
2018-11-29,28977,0.0,78.02222222222224,3.5,0.0,542,3,29177.0
2018-11-30,28557,0.0,63.977777777777774,2.7,0.0,598,4,28977.0
2018-12-01,24622,0.0,48.111111111111114,5.5,0.0,1002,5,28557.0
2018-12-02,23035,0.0,49.33333333333334,8.2,0.0,1058,6,24622.0
2018-12-03,10638,9.5,41.444444444444436,11.5,0.0,339,0,23035.0
2018-12-04,20029,5.0,35.71111111111111,6.7,0.0,427,1,10638.0
2018-12-05,23535,0.0,28.644444444444453,0.0,0.0,430,2,20029.0
2018-12-06,23788,0.0,38.6,2.4,0.0,386,3,23535.0
2018-12-07,15148,0.0,22.288888888888888,-7.3,0.0,175,4,23788.0
2018-12-08,9824,0.0,24.11111111111111,-8.3,0.0,187,5,15148.0
2018-12-09,8749,0.0,23.02222222222223,-7.2,0.0,197,6,9824.0
2018-12-10,17987,0.0,36.266666666666666,-2.5,0.0,231,0,8749.0
2018-12-11,20805,0.0,41.91111111111111,0.2,0.0,300,1,17987.0
2018-12-12,19339,0.0,45.46666666666667,-1.9,0.0,263,2,20805.0
2018-12-13,11765,1.3,39.555555555555564,-2.2,0.0,152,3,19339.0
2018-12-14,14932,0.0,33.39130434782609,-4.4,0.0,214,4,11765.0
2018-12-15,12720,0.0,56.23913043478261,-2.4,0.0,313,5,14932.0
2018-12-16,10783,0.3,52.69565217391305,0.0,0.0,315,6,12720.0
2018-12-17,17449,0.3,74.56521739130434,1.6,0.0,321,0,10783.0
2018-12-18,20917,0.0,46.23913043478261,2.6,0.0,416,1,17449.0
2018-12-19,21970,0.0,54.23913043478261,4.0,0.0,429,2,20917.0
2018-12-20,22881,0.0,58.6304347826087,3.4,0.0,539,3,21970.0
2018-12-21,23422,0.0,76.30434782608695,5.6,0.0,798,4,22881.0
2018-12-22,17127,0.0,86.8913043478261,6.9,0.0,636,5,23422.0
2018-12-23,13601,0.0,52.0,2.4,0.0,599,6,17127.0
2018-12-24,16579,0.0,23.217391304347824,-2.3,0.0,338,0,13601.0
2018-12-25,12437,0.0,34.02173913043478,0.6,1.0,497,1,16579.0
2018-12-26,17112,0.0,50.93478260869565,-1.5,0.0,338,2,12437.0
2018-12-27,11325,0.0,26.67391304347826,-10.1,0.0,159,3,17112.0
2018-12-28,10445,0.0,35.69565217391305,-10.5,0.0,150,4,11325.0
2018-12-29,8083,0.0,37.71739130434783,-7.6,0.0,168,5,10445.0
2018-12-30,7864,0.0,32.13043478260869,-6.8,0.0,223,6,8083.0
2018-12-31,11911,0.0,46.73913043478261,-5.4,0.0,245,0,7864.0
2019-01-01,8601,0.0,38.76086956521739,-5.0,1.0,371,1,11911.0
2019-01-02,14360,0.0,33.869565217391305,-4.9,0.0,295,2,8601.0
2019-01-03,16344,0.0,39.08695652173913,-3.5,0.0,342,3,14360.0
2019-01-04,17308,0.0,58.32608695652174,-1.1,0.0,352,4,16344.0
2019-01-05,12380,0.0,64.54347826086956,-2.8,0.0,389,5,17308.0
2019-01-06,11094,0.0,50.76086956521739,-2.8,0.0,455,6,12380.0
2019-01-07,16795,0.0,54.82608695652174,-1.9,0.0,345,0,11094.0
2019-01-08,15833,0.0,41.56521739130435,-3.5,0.0,329,1,16795.0
2019-01-09,15819,0.0,50.3695652173913,-4.7,0.0,305,2,15833.0
2019-01-10,17894,0.0,56.97826086956522,-0.6,0.0,361,3,15819.0
2019-01-11,19271,0.0,76.78260869565217,2.4,0.0,462,4,17894.0
2019-01-12,14519,0.0,93.93478260869566,2.8,0.0,576,5,19271.0
2019-01-13,11751,0.0,109.19565217391305,1.2,0.0,534,6,14519.0
2019-01-14,14818,0.0,161.52173913043478,1.4,0.0,310,0,11751.0
2019-01-15,14761,0.0,137.34782608695653,-1.7,0.0,303,1,14818.0
2019-01-16,15823,0.0,47.71739130434783,-5.2,0.0,317,2,14761.0
2019-01-17,17960,0.0,44.1304347826087,-0.3,0.0,386,3,15823.0
2019-01-18,18901,0.0,56.5,0.6,0.0,412,4,17960.0
2019-01-19,14883,0.0,93.04347826086956,3.6,0.0,585,5,18901.0
2019-01-20,11191,0.0,67.91304347826087,-1.4,0.0,453,6,14883.0
2019-01-21,17240,0.0,43.10869565217392,-1.2,0.0,380,0,11191.0
2019-01-22,19885,0.0,65.47826086956522,1.7,0.0,526,1,17240.0
2019-01-23,19163,0.0,76.52173913043478,2.0,0.0,525,2,19885.0
2019-01-24,20057,0.0,42.82608695652174,0.1,0.0,527,3,19163.0
2019-01-25,18159,0.0,48.30434782608695,-1.2,0.0,437,4,20057.0
2019-01-26,13203,0.0,42.23913043478261,-2.5,0.0,484,5,18159.0
2019-01-27,12440,0.0,37.80434782608695,-0.1,0.0,568,6,13203.0
2019-01-28,17317,0.0,84.8913043478261,1.2,0.0,419,0,12440.0
2019-01-29,19477,0.0,69.6086956521739,-0.2,0.0,475,1,17317.0
2019-01-30,20677,0.0,63.04347826086956,1.8,0.0,544,2,19477.0
2019-01-31,17649,0.0,74.1304347826087,-2.0,0.0,390,3,20677.0
2019-02-01,17696,0.3,39.23913043478261,-2.1,0.0,334,4,17649.0
2019-02-02,13742,0.0,57.69565217391305,1.4,0.0,486,5,17696.0
2019-02-03,2010,16.0,36.60869565217392,3.3,0.0,160,6,13742.0
2019-02-04,8562,0.0,73.28260869565217,-0.6,1.0,496,0,2010.0
2019-02-05,9119,0.0,85.02173913043478,2.8,1.0,725,1,8562.0
2019-02-06,13694,0.0,95.58695652173913,5.1,1.0,865,2,9119.0
2019-02-07,14533,0.5,62.3695652173913,-2.1,0.0,437,3,13694.0
2019-02-08,14782,0.0,31.108695652173914,-6.1,0.0,328,4,14533.0
2019-02-09,11760,0.0,34.68888888888889,-5.4,0.0,376,5,14782.0
2019-02-10,9759,0.0,41.77777777777778,-5.0,0.0,415,6,11760.0
2019-02-11,16881,0.0,38.888888888888886,-3.0,0.0,431,0,9759.0
2019-02-12,18862,0.0,58.91304347826087,-0.6,0.0,432,1,16881.0
2019-02-13,18411,0.0,39.19565217391305,-2.1,0.0,385,2,18862.0
2019-02-14,19376,0.0,52.02173913043478,-0.5,0.0,493,3,18411.0
2019-02-15,9213,2.2,39.43478260869565,-0.8,0.0,290,4,19376.0
2019-02-16,12641,0.2,60.1304347826087,-2.7,0.0,493,5,9213.0
2019-02-17,13390,0.0,36.23913043478261,-1.8,0.0,693,6,12641.0
2019-02-18,19916,0.0,42.80434782608695,0.9,0.0,601,0,13390.0
2019-02-19,11689,4.6,42.71739130434783,1.4,0.0,369,1,19916.0
2019-02-20,19572,0.0,58.02173913043478,1.7,0.0,582,2,11689.0
2019-02-21,20995,0.0,78.23913043478261,2.4,0.0,666,3,19572.0
2019-02-22,21727,0.0,73.3913043478261,4.0,0.0,725,4,20995.0
2019-02-23,23742,0.0,55.69565217391305,6.8,0.0,1636,5,21727.0
2019-02-24,21933,0.0,60.23913043478261,6.3,0.0,1912,6,23742.0
2019-02-25,23445,0.0,84.04347826086956,4.7,0.0,970,0,21933.0
2019-02-26,28010,0.0,53.34782608695652,5.2,0.0,1289,1,23445.0
2019-02-27,28652,0.0,70.76086956521739,7.8,0.0,1228,2,28010.0
2019-02-28,27431,0.0,89.04347826086956,6.6,0.0,1261,3,28652.0
2019-03-01,21751,0.0,118.58695652173913,6.6,1.0,1518,4,27431.0
2019-03-02,22503,0.0,121.08695652173913,7.8,0.0,1527,5,21751.0
2019-03-03,24382,0.0,100.95652173913044,9.4,0.0,1850,6,22503.0
2019-03-04,26887,0.0,166.52173913043478,9.9,0.0,1074,0,24382.0
2019-03-05,24042,0.0,188.82608695652172,8.4,0.0,701,1,26887.0
2019-03-06,25379,0.0,145.02173913043478,8.4,0.0,698,2,24042.0
2019-03-07,31156,0.0,58.6304347826087,7.0,0.0,1096,3,25379.0
2019-03-08,33073,0.0,52.1304347826087,6.1,0.0,1280,4,31156.0
2019-03-14,30997,0.0,42.06521739130435,5.0,0.0,915,3,33073.0
2019-03-15,20481,3.5,69.91304347826087,5.5,0.0,722,4,30997.0
2019-03-18,36313,0.0,40.130434782608695,7.1,0.0,1531,0,20481.0
2019-03-19,39908,0.0,64.1086956521739,10.0,0.0,1690,1,36313.0
2019-03-20,16204,16.5,97.46666666666668,10.3,0.0,620,2,39908.0
2019-03-21,26455,3.3,33.0,7.1,0.0,834,3,16204.0
2019-03-22,32363,0.0,39.26086956521739,3.3,0.0,1055,4,26455.0
2019-03-23,21696,1.7,25.32608695652174,3.3,0.0,1245,5,32363.0
2019-03-24,31622,0.0,28.347826086956523,4.3,0.0,2868,6,21696.0
2019-03-25,34226,0.0,48.02173913043478,7.3,0.0,1179,0,31622.0
2019-03-26,42644,0.0,58.19565217391305,11.4,0.0,1869,1,34226.0
2019-03-27,35832,0.0,90.80434782608695,11.6,0.0,1173,2,42644.0
2019-03-28,38806,0.0,85.58695652173913,9.4,0.0,1441,3,35832.0
2019-03-29,43893,0.0,40.19565217391305,9.2,0.0,2036,4,38806.0
2019-03-30,14001,1.8,35.15217391304348,5.2,0.0,858,5,43893.0
2019-03-31,22326,0.0,43.65217391304348,4.4,0.0,1369,6,14001.0
2019-04-01,37660,0.0,25.32608695652174,5.5,0.0,1399,0,22326.0
2019-04-02,42029,0.0,32.78260869565217,6.7,0.0,1721,1,37660.0
2019-04-03,43257,0.0,39.84782608695652,7.6,0.0,1736,2,42029.0
2019-04-04,45681,0.0,36.869565217391305,9.2,0.0,1921,3,43257.0
2019-04-05,45643,0.0,79.30434782608695,11.4,0.0,2403,4,45681.0
2019-04-06,25902,0.8,64.45652173913044,9.3,0.0,1697,5,45643.0
2019-04-07,55943,0.0,38.19565217391305,12.6,0.0,6689,6,25902.0
2019-04-08,52643,0.0,38.21739130434783,11.6,0.0,3121,0,55943.0
2019-04-09,24734,17.4,27.5,9.2,0.0,1064,1,52643.0
2019-04-10,26421,5.6,8.26086956521739,7.1,0.0,967,2,24734.0
2019-04-11,51013,0.0,28.347826086956523,9.5,0.0,2372,3,26421.0
2019-04-12,55125,0.0,51.04347826086956,11.4,0.0,3191,4,51013.0
2019-04-13,57020,0.0,49.5,11.8,0.0,5648,5,55125.0
2019-04-14,28467,1.7,39.23913043478261,9.6,0.0,2328,6,57020.0
2019-04-15,55422,0.0,52.91304347826087,11.6,0.0,2833,0,28467.0
2019-04-16,60566,0.0,49.23913043478261,14.9,0.0,3175,1,55422.0
2019-04-17,62522,0.0,43.21739130434783,15.3,0.0,3356,2,60566.0
2019-04-18,50439,0.0,38.60869565217392,12.6,0.0,1819,3,62522.0
2019-04-19,60925,0.0,44.6304347826087,13.8,0.0,3424,4,50439.0
2019-04-20,51068,1.2,45.8695652173913,14.3,0.0,5178,5,60925.0
2019-04-21,53339,0.3,33.45652173913044,14.8,0.0,5605,6,51068.0
2019-04-22,63995,0.0,90.71739130434784,19.3,0.0,3670,0,53339.0
2019-04-23,58811,0.0,95.7608695652174,20.4,0.0,2573,1,63995.0
2019-04-24,55815,4.1,59.04347826086956,19.5,0.0,2902,2,58811.0
2019-04-25,22471,11.3,41.82608695652174,13.2,0.0,1074,3,55815.0
2019-04-26,26484,4.9,10.565217391304348,8.4,0.0,1110,4,22471.0
2019-04-27,65124,0.0,18.97826086956522,11.6,0.0,6294,5,26484.0
2019-04-28,56012,0.0,19.97826086956522,12.9,0.0,5006,6,65124.0
2019-04-29,63256,0.0,25.30434782608696,13.0,0.0,2861,0,56012.0
2019-04-30,70213,0.0,35.95652173913044,15.5,0.0,3882,1,63256.0
2019-05-01,76439,0.0,61.5,16.4,0.0,6760,2,70213.0
2019-05-02,72430,0.0,58.21739130434783,17.1,0.0,3957,3,76439.0
2019-05-03,73647,0.0,60.84782608695652,17.9,0.0,4612,4,72430.0
2019-05-04,66392,0.0,93.04347826086956,19.5,0.0,7015,5,73647.0
2019-05-05,66911,0.0,66.8695652173913,19.2,1.0,8006,6,66392.0
2019-05-06,74806,0.0,34.73913043478261,14.5,1.0,8525,0,66911.0
2019-05-07,70506,0.0,49.71739130434783,15.0,0.0,3559,1,74806.0
2019-05-08,70426,0.0,52.89130434782609,15.6,0.0,3181,2,70506.0
2019-05-09,71707,0.0,49.95652173913044,16.6,0.0,3427,3,70426.0
2019-05-10,74960,0.0,63.73913043478261,17.8,0.0,4157,4,71707.0
2019-05-11,76110,0.0,68.58695652173913,20.3,0.0,7220,5,74960.0
2019-05-12,73318,0.0,58.41304347826087,21.6,1.0,7396,6,76110.0
2019-05-13,68389,0.0,59.06521739130435,18.7,0.0,3199,0,73318.0
2019-05-14,78385,0.0,46.41304347826087,19.6,0.0,3993,1,68389.0
2019-05-15,76969,0.0,70.19565217391305,20.7,0.0,3712,2,78385.0
2019-05-16,75399,0.0,69.65217391304348,23.5,0.0,3550,3,76969.0
2019-05-17,79158,0.0,57.67391304347826,23.6,0.0,3980,4,75399.0
2019-05-18,79583,0.0,32.41304347826087,22.8,0.0,6520,5,79158.0
2019-05-19,12749,22.0,14.282608695652176,19.4,0.0,1331,6,79583.0
2019-05-20,72066,8.7,39.130434782608695,16.4,0.0,3188,0,12749.0
2019-05-21,80599,0.0,52.97826086956522,17.2,0.0,3595,1,72066.0
2019-05-22,80735,0.0,57.80434782608695,19.5,0.0,3488,2,80599.0
2019-05-23,78504,0.0,75.23913043478261,22.1,0.0,3290,3,80735.0
2019-05-24,77190,0.0,85.0,24.2,0.0,3506,4,78504.0
2019-05-25,75791,0.0,86.21739130434781,23.4,0.0,5715,5,77190.0
2019-05-26,74327,0.0,40.71739130434783,24.5,0.0,6237,6,75791.0
2019-05-27,30670,7.1,23.695652173913047,17.8,0.0,1456,0,74327.0
2019-05-28,83654,0.0,23.5,18.1,0.0,3452,1,30670.0
2019-05-29,83496,0.0,49.97826086956522,20.3,0.0,3213,2,83654.0
2019-05-30,73814,0.0,48.02,19.6,0.0,2724,3,83496.0
2019-05-31,83765,0.0,21.86,19.1,0.0,3524,4,73814.0
2019-06-01,79878,0.0,36.34,18.9,0.0,5874,5,83765.0
2019-06-02,77091,0.0,38.94,21.1,0.0,5877,6,79878.0
2019-06-03,82911,0.0,40.92,23.1,0.0,3407,0,77091.0
2019-06-04,83576,0.0,30.6,22.6,0.0,3005,1,82911.0
2019-06-05,81515,0.0,53.979591836734684,23.0,0.0,3184,2,83576.0
2019-06-06,36945,7.9,62.72340425531914,21.2,1.0,2316,3,81515.0
2019-06-07,54701,35.3,13.48936170212766,20.0,0.0,2923,4,36945.0
2019-06-08,83736,0.0,26.085106382978722,21.9,0.0,5916,5,54701.0
2019-06-09,60371,2.5,39.91489361702128,21.6,0.0,3697,6,83736.0
2019-06-10,63032,9.5,11.48936170212766,18.4,0.0,2467,0,60371.0
2019-06-11,85776,0.0,13.531914893617019,20.5,0.0,3383,1,63032.0
2019-06-12,83506,0.0,32.680851063829785,21.5,0.0,2995,2,85776.0
2019-06-13,81540,0.0,31.818181818181817,23.0,0.0,2944,3,83506.0
2019-06-14,85533,0.0,35.06818181818182,23.0,0.0,3312,4,81540.0
2019-06-15,71883,2.1,37.11363636363637,21.9,0.0,4382,5,85533.0
2019-06-16,81803,0.0,17.045454545454547,22.0,0.0,6425,6,71883.0
2019-06-17,86987,0.0,25.22727272727273,21.7,0.0,3610,0,81803.0
2019-06-18,42393,13.8,33.02272727272727,20.8,0.0,1625,1,86987.0
2019-06-19,79958,0.2,34.04545454545455,21.4,0.0,2707,2,42393.0
2019-06-20,88226,0.0,29.363636363636363,22.7,0.0,3235,3,79958.0
2019-06-21,81089,0.2,28.65909090909091,22.1,0.0,2952,4,88226.0
2019-06-22,85728,0.0,12.840909090909092,24.2,0.0,5830,5,81089.0
2019-06-23,79269,0.0,12.590909090909092,25.0,0.0,5721,6,85728.0
2019-06-24,88432,0.0,22.681818181818183,25.2,0.0,3892,0,79269.0
2019-06-25,88096,0.0,33.34090909090909,25.6,0.0,3384,1,88432.0
2019-06-26,81274,0.0,35.58139534883721,25.5,0.0,2484,2,88096.0
2019-06-27,79234,1.4,21.022727272727273,25.5,0.0,2635,3,81274.0
2019-06-28,77056,0.0,41.61363636363637,24.7,0.0,2566,4,79234.0
2019-06-29,67346,1.5,25.63636363636364,23.1,0.0,3734,5,77056.0
2019-06-30,74994,0.0,32.56818181818182,23.9,0.0,4311,6,67346.0
2019-07-01,92814,0.0,35.13636363636363,23.9,0.0,3834,0,74994.0
2019-07-02,94783,0.0,30.88372093023256,24.4,0.0,3508,1,92814.0
2019-07-03,94773,0.0,33.395348837209305,24.1,0.0,3318,2,94783.0
2019-07-04,90397,0.0,32.06976744186046,25.4,0.0,3255,3,94773.0
2019-07-05,83994,0.0,36.04651162790697,27.6,0.0,2912,4,90397.0
2019-07-06,70246,0.0,31.744186046511633,29.7,0.0,3584,5,83994.0
2019-07-07,75116,0.0,18.372093023255815,26.7,0.0,4350,6,70246.0
2019-07-08,93609,0.0,10.72093023255814,25.1,0.0,3697,0,75116.0
2019-07-09,95859,0.0,11.55813953488372,25.0,0.0,3491,1,93609.0
2019-07-10,43842,8.5,11.069767441860463,22.7,0.0,1549,2,95859.0
2019-07-11,65003,2.9,8.069767441860465,21.9,0.0,1951,3,43842.0
2019-07-12,94473,0.0,14.414634146341465,23.6,0.0,3143,4,65003.0
2019-07-13,81067,0.0,31.87804878048781,24.9,0.0,4547,5,94473.0
2019-07-14,74259,0.0,44.073170731707314,25.9,0.0,4204,6,81067.0
2019-07-15,57917,7.7,41.88636363636363,23.8,0.0,1803,0,74259.0
2019-07-16,82285,6.3,33.15555555555556,24.7,0.0,2475,1,57917.0
2019-07-17,84261,0.7,61.34090909090909,25.6,1.0,2482,2,82285.0
2019-07-18,81613,0.0,67.37777777777778,26.9,0.0,2468,3,84261.0
2019-07-19,77449,0.0,34.4,28.6,0.0,2173,4,81613.0
2019-07-20,56648,1.1,9.5,28.0,0.0,2313,5,77449.0
2019-07-21,46130,6.2,16.068181818181817,25.1,0.0,2240,6,56648.0
2019-07-22,82781,0.1,46.91666666666666,26.7,0.0,2683,0,46130.0
2019-07-23,83206,0.0,28.1875,28.1,0.0,2497,1,82781.0
2019-07-24,59020,1.0,24.47916666666667,26.5,0.0,1598,2,83206.0
2019-07-25,34778,9.7,25.97872340425532,26.3,0.0,901,3,59020.0
2019-07-26,22789,60.0,18.617021276595747,25.1,0.0,634,4,34778.0
2019-07-27,50955,0.6,19.29787234042553,28.4,0.0,2043,5,22789.0
2019-07-28,23342,25.6,14.851063829787234,26.1,0.0,990,6,50955.0
2019-07-29,74046,0.5,15.645833333333336,27.5,0.0,2147,0,23342.0
2019-07-30,69757,1.2,19.5,28.1,0.0,1905,1,74046.0
2019-07-31,26874,62.3,17.145833333333332,25.8,0.0,762,2,69757.0
2019-08-01,59803,26.9,13.816326530612244,26.3,0.0,1711,3,26874.0
2019-08-02,67510,0.0,20.14,28.4,0.0,1950,4,59803.0
2019-08-03,49047,3.0,21.86,29.4,0.0,1893,5,67510.0
2019-08-04,46477,8.6,29.40816326530612,28.3,0.0,2174,6,49047.0
2019-08-05,65085,0.0,40.68,30.5,0.0,1706,0,46477.0
2019-08-06,66703,0.0,30.84,31.6,0.0,1672,1,65085.0
2019-08-07,50804,8.0,20.58,26.9,0.0,1508,2,66703.0
2019-08-08,69748,0.0,42.5,28.9,0.0,1871,3,50804.0
2019-08-09,67491,0.0,28.9,29.8,0.0,1871,4,69748.0
2019-08-10,54162,0.0,22.76,31.5,0.0,2107,5,67491.0
2019-08-11,43351,6.7,18.76,30.4,0.0,1782,6,54162.0
2019-08-12,24386,56.2,18.24,26.6,0.0,725,0,43351.0
2019-08-13,63749,6.4,25.26,29.2,0.0,1528,1,24386.0
2019-08-14,65452,0.0,20.76,30.4,0.0,1536,2,63749.0
2019-08-15,32229,16.2,9.16,25.9,1.0,1266,3,65452.0
2019-08-16,71161,0.1,17.86,25.9,0.0,2415,4,32229.0
2019-08-17,72259,0.0,32.7,25.9,0.0,3828,5,71161.0
2019-08-18,72588,0.0,25.489795918367342,25.6,0.0,4425,6,72259.0
2019-08-19,81832,0.0,26.08,26.3,0.0,3032,0,72588.0
2019-08-20,82116,0.0,30.8,28.2,0.0,2777,1,81832.0
2019-08-21,56957,1.3,32.22,27.0,0.0,1767,2,82116.0
2019-08-22,82232,0.0,39.020408163265316,26.9,0.0,2650,3,56957.0
2019-08-23,86624,0.0,33.224489795918366,26.2,0.0,3316,4,82232.0
2019-08-24,85630,0.0,24.448979591836732,24.1,0.0,5286,5,86624.0
2019-08-25,81028,0.0,21.166666666666668,25.0,0.0,5437,6,85630.0
2019-08-26,87770,0.0,26.693877551020414,26.4,0.0,3338,0,81028.0
2019-08-27,83107,20.0,27.530612244897963,25.7,0.0,3214,1,87770.0
2019-08-28,88718,0.0,31.081632653061227,26.1,0.0,3217,2,83107.0
2019-08-29,65708,36.9,29.448979591836732,23.4,0.0,2148,3,88718.0
2019-08-30,86733,0.2,20.816326530612248,22.6,0.0,3698,4,65708.0
2019-08-31,90724,0.0,19.382978723404253,23.5,0.0,6127,5,86733.0
2019-09-01,89191,0.0,20.80851063829787,23.7,0.0,6256,6,90724.0
2019-09-02,92510,0.0,27.106382978723406,24.4,0.0,3512,0,89191.0
2019-09-03,74801,0.0,24.63829787234043,24.1,0.0,2029,1,92510.0
2019-09-04,27168,22.7,9.0,22.8,0.0,770,2,74801.0
2019-09-05,33929,36.4,10.644444444444442,23.0,0.0,772,3,27168.0
2019-09-06,16631,2.4,15.866666666666667,25.3,0.0,675,4,33929.0
2019-09-09,68370,0.0,37.04255319148936,25.1,0.0,1701,0,16631.0
2019-09-10,18265,63.2,14.106382978723405,23.8,0.0,792,1,68370.0
2019-09-11,75328,7.6,9.0,24.3,0.0,2649,2,18265.0
2019-09-12,32059,3.9,12.666666666666664,21.0,1.0,1838,3,75328.0
2019-09-13,57065,0.1,14.375,23.3,1.0,5360,4,32059.0
2019-09-14,48756,0.3,18.83333333333333,22.4,1.0,3156,5,57065.0
2019-09-15,82678,0.0,16.416666666666668,24.2,0.0,5576,6,48756.0
2019-09-16,89807,0.0,13.833333333333336,24.5,0.0,3331,0,82678.0
2019-09-17,92153,0.0,20.02127659574468,23.5,0.0,3247,1,89807.0
2019-09-18,92045,0.0,33.829787234042556,21.0,0.0,3392,2,92153.0
2019-09-19,91554,0.0,29.957446808510642,19.5,0.0,3216,3,92045.0
2019-09-20,94246,0.0,25.22916666666667,19.6,0.0,3419,4,91554.0
2019-09-21,86676,0.0,16.977272727272727,19.6,0.0,4627,5,94246.0
2019-09-22,41173,0.4,6.954545454545454,18.6,0.0,1806,6,86676.0
2019-09-23,92006,0.0,14.41304347826087,20.0,0.0,3035,0,41173.0
2019-09-24,93546,0.0,24.695652173913047,19.8,0.0,3194,1,92006.0
2019-09-25,92665,0.0,31.02173913043478,20.9,0.0,3096,2,93546.0
2019-09-26,92247,0.0,27.869565217391305,22.9,0.0,2948,3,92665.0
2019-09-27,93345,0.0,22.91304347826087,22.9,0.0,3413,4,92247.0
2019-09-28,89550,0.0,28.82608695652174,23.7,0.0,5721,5,93345.0
2019-09-29,86133,0.0,38.34782608695652,22.6,0.0,5664,6,89550.0
2019-09-30,88270,0.0,52.23913043478261,22.4,0.0,3075,0,86133.0
2019-10-01,88575,0.0,48.34782608695652,23.1,0.0,2675,1,88270.0
2019-10-02,27368,23.1,24.717391304347824,21.6,0.0,795,2,88575.0
2019-10-03,75438,4.6,9.173913043478262,22.4,1.0,5045,3,27368.0
2019-10-04,94912,0.0,26.65217391304348,22.4,0.0,3900,4,75438.0
2019-10-05,83020,0.6,43.43478260869565,18.7,0.0,4968,5,94912.0
2019-10-06,82855,0.0,12.08695652173913,18.1,0.0,4830,6,83020.0
2019-10-07,21875,25.4,11.326086956521738,14.8,0.0,842,0,82855.0
2019-10-08,81524,0.0,23.82608695652174,14.7,0.0,2205,1,21875.0
2019-10-09,85638,0.0,24.608695652173914,13.6,1.0,5011,2,81524.0
2019-10-10,81742,0.0,30.47826086956522,15.2,0.0,2024,3,85638.0
2019-10-11,92155,0.0,36.977777777777774,18.8,0.0,2922,4,81742.0
2019-10-12,84843,0.0,25.630434782608692,17.9,0.0,4367,5,92155.0
2019-10-13,84368,0.0,19.422222222222217,17.2,0.0,4775,6,84843.0
2019-10-14,79509,0.0,34.93478260869565,14.4,0.0,1955,0,84368.0
2019-10-15,85516,0.0,21.133333333333333,14.5,0.0,2062,1,79509.0
2019-10-16,84549,0.0,27.97826086956522,14.6,0.0,2063,2,85516.0
2019-10-17,85596,0.0,30.82608695652174,15.4,0.0,1988,3,84549.0
2019-10-18,89551,0.0,18.717391304347824,17.0,0.0,2600,4,85596.0
2019-10-19,87553,0.0,21.727272727272727,17.0,0.0,4405,5,89551.0
2019-10-20,79300,0.0,37.70454545454545,16.5,0.0,4226,6,87553.0
2019-10-21,84488,0.0,41.90909090909091,17.1,0.0,2142,0,79300.0
2019-10-22,88478,0.0,40.47826086956522,18.1,0.0,2196,1,84488.0
2019-10-23,87991,0.0,24.5,17.0,0.0,2005,2,88478.0
2019-10-24,89520,0.0,31.085106382978722,18.3,0.0,2154,3,87991.0
2019-10-25,84617,0.0,25.39583333333333,16.7,0.0,2323,4,89520.0
2019-10-26,67578,0.0,23.625,10.0,0.0,2621,5,84617.0
2019-10-27,65774,0.0,25.0625,11.0,0.0,3028,6,67578.0
2019-10-28,67175,1.7,30.875,12.9,0.0,1370,0,65774.0
2019-10-29,71135,0.1,104.25,12.5,0.0,1241,1,67175.0
2019-10-30,76898,0.0,26.125,11.2,0.0,1353,2,71135.0
2019-10-31,76860,0.0,74.08333333333333,14.8,0.0,1496,3,76898.0
2019-11-01,77604,0.0,96.20833333333331,14.9,0.0,1969,4,76860.0
2019-11-02,68223,0.0,73.89583333333333,13.6,0.0,2817,5,77604.0
2019-11-03,67452,0.0,58.25,14.7,0.0,3203,6,68223.0
2019-11-04,78874,0.0,15.020833333333336,13.8,0.0,1837,0,67452.0
2019-11-05,78675,0.0,34.875,12.4,0.0,1607,1,78874.0
2019-11-06,74812,0.0,51.0,11.0,0.0,1403,2,78675.0
2019-11-07,68315,0.0,50.14583333333334,9.2,0.0,1166,3,74812.0
2019-11-08,65110,0.0,44.04166666666666,6.8,0.0,1197,4,68315.0
2019-11-09,60693,0.0,44.25,9.5,0.0,2378,5,65110.0
2019-11-10,40503,11.8,42.46808510638297,10.0,0.0,1690,6,60693.0
2019-11-11,58957,1.1,25.04166666666667,11.2,0.0,1111,0,40503.0
2019-11-12,68210,0.0,40.25,9.3,0.0,1146,1,58957.0
2019-11-13,39198,7.5,36.083333333333336,7.2,0.0,591,2,68210.0
2019-11-14,45095,0.0,19.3125,1.3,0.0,622,3,39198.0
2019-11-15,15069,18.8,23.29166666666667,5.6,0.0,376,4,45095.0
2019-11-16,45493,0.0,32.60465116279069,6.8,0.0,1523,5,15069.0
2019-11-17,11303,21.1,27.34090909090909,8.3,0.0,623,6,45493.0
2019-11-18,37496,14.7,80.17777777777778,4.6,0.0,538,0,11303.0
2019-11-19,40356,0.0,30.8,0.2,0.0,414,1,37496.0
2019-11-20,42026,0.0,23.31111111111111,0.5,0.0,527,2,40356.0
2019-11-21,47091,0.0,38.22222222222222,4.2,0.0,688,3,42026.0
2019-11-22,56700,0.0,45.755555555555546,9.7,0.0,1058,4,47091.0
2019-11-23,54283,0.0,34.75,12.1,0.0,2216,5,56700.0
2019-11-24,24304,3.8,31.244444444444447,9.8,0.0,996,6,54283.0
2019-11-25,42677,0.0,27.044444444444448,1.9,0.0,728,0,24304.0
2019-11-26,52464,0.0,26.318181818181817,6.6,0.0,920,1,42677.0
2019-11-27,46248,0.0,39.26086956521739,3.1,0.0,688,2,52464.0
2019-11-28,46983,0.0,38.06521739130435,3.5,0.0,712,3,46248.0
2019-11-29,44689,0.0,45.4375,1.5,0.0,671,4,46983.0
2019-11-30,38366,0.0,46.319148936170215,4.1,0.0,1100,5,44689.0
2019-12-01,9680,3.3,40.340425531914896,4.6,0.0,457,6,38366.0
2019-12-02,34397,0.0,23.36170212765957,-0.1,0.0,521,0,9680.0
2019-12-03,33580,0.6,28.82978723404255,0.5,0.0,441,1,34397.0
2019-12-04,38576,0.0,29.936170212765962,2.0,0.0,515,2,33580.0
2019-12-05,29277,0.0,21.82978723404255,-4.4,0.0,339,3,38576.0
2019-12-06,26723,0.0,31.4468085106383,-5.9,0.0,315,4,29277.0
2019-12-07,23013,0.1,46.19565217391305,-2.4,0.0,437,5,26723.0
2019-12-08,22597,0.0,54.71739130434783,-0.9,0.0,526,6,23013.0
2019-12-09,34140,0.0,62.8936170212766,3.2,0.0,416,0,22597.0
2019-12-10,33275,1.7,96.72340425531915,8.1,0.0,482,1,34140.0
2019-12-11,34049,0.2,80.06382978723406,6.3,0.0,423,2,33275.0
2019-12-12,33704,0.0,21.177777777777774,-0.7,0.0,472,3,34049.0
2019-12-13,34258,1.0,29.377777777777773,2.1,0.0,434,4,33704.0
2019-12-14,27424,0.0,39.555555555555564,2.7,0.0,688,5,34258.0
2019-12-15,29692,0.0,36.888888888888886,5.3,0.0,1007,6,27424.0
2019-12-16,41750,0.0,39.30434782608695,7.8,0.0,803,0,29692.0
2019-12-17,25644,9.8,28.22916666666667,7.7,0.0,448,1,41750.0
2019-12-18,34899,0.0,38.31914893617022,0.8,0.0,514,2,25644.0
2019-12-19,32972,0.0,25.85416666666667,-0.8,0.0,430,3,34899.0
2019-12-20,32521,0.0,29.41666666666667,-1.1,0.0,436,4,32972.0
2019-12-21,20302,0.6,34.979166666666664,-1.2,0.0,421,5,32521.0
2019-12-22,24430,0.3,58.29166666666666,4.1,0.0,729,6,20302.0
2019-12-23,29028,2.9,49.58333333333334,3.4,0.0,449,0,24430.0
2019-12-24,33334,0.0,69.9375,0.8,0.0,524,1,29028.0
2019-12-25,22428,0.0,51.8936170212766,2.0,1.0,703,2,33334.0
2019-12-26,25007,0.3,49.65217391304348,2.0,0.0,450,3,22428.0
2019-12-27,29243,0.0,34.608695652173914,-1.7,0.0,402,4,25007.0
2019-12-28,26046,0.0,43.33333333333334,1.1,0.0,627,5,29243.0
2019-12-29,18701,1.4,45.844444444444434,3.8,0.0,581,6,26046.0
2019-12-30,22952,0.4,36.86363636363637,2.7,0.0,368,0,18701.0
2019-12-31,18436,0.0,25.244444444444447,-7.9,0.0,269,1,22952.0
2020-01-01,16236,0.1,33.2,-2.2,1.0,509,2,18436.0
2020-01-02,28890,0.0,58.444444444444436,1.0,0.0,431,3,16236.0
2020-01-03,30809,0.0,67.71111111111111,-0.1,0.0,530,4,28890.0
2020-01-04,25709,0.0,56.022222222222226,1.2,0.0,635,5,30809.0
2020-01-05,23206,0.0,52.088888888888896,1.3,0.0,709,6,25709.0
2020-01-06,15381,1.8,38.95918367346939,3.1,0.0,346,0,23206.0
2020-01-07,1920,46.3,9.16,6.3,0.0,158,1,15381.0
2020-01-08,21522,11.6,26.04,2.4,0.0,336,2,1920.0
2020-01-09,28711,0.0,50.36,-1.2,0.0,403,3,21522.0
2020-01-10,29395,0.0,66.02,-0.6,0.0,462,4,28711.0
2020-01-11,23246,0.0,54.44,-0.1,0.0,565,5,29395.0
2020-01-12,19842,0.0,47.08,-1.0,0.0,547,6,23246.0
2020-01-13,26786,0.0,26.58,-2.9,0.0,463,0,19842.0
2020-01-14,28435,0.0,32.857142857142854,-2.3,0.0,410,1,26786.0
2020-01-15,28391,0.0,39.54166666666666,-2.7,0.0,393,2,28435.0
2020-01-16,29026,0.0,43.625,-1.7,0.0,425,3,28391.0
2020-01-17,29626,0.0,58.75,-0.6,0.0,432,4,29026.0
2020-01-18,24635,0.0,66.66666666666667,0.3,0.0,615,5,29626.0
2020-01-19,17682,0.6,61.19148936170214,1.9,0.0,468,6,24635.0
2020-01-20,28611,0.0,55.33333333333334,0.7,0.0,450,0,17682.0
2020-01-21,30618,0.0,45.39583333333334,-0.4,0.0,462,1,28611.0
2020-01-22,33011,0.0,46.5625,3.0,0.0,499,2,30618.0
2020-01-23,34466,0.0,63.0,4.6,0.0,616,3,33011.0
2020-01-24,19230,0.0,71.60416666666667,2.8,1.0,674,4,34466.0
2020-01-25,15233,0.0,50.02083333333334,4.3,1.0,804,5,19230.0
2020-01-26,22685,0.0,29.45833333333333,5.5,1.0,1143,6,15233.0
2020-01-27,16836,0.1,11.458333333333336,5.9,1.0,581,0,22685.0
2020-01-28,32098,0.0,13.88,6.8,0.0,606,1,16836.0
2020-01-29,37990,0.0,18.84,6.0,0.0,735,2,32098.0
2020-01-30,38079,0.0,19.8,5.2,0.0,803,3,37990.0
2020-01-31,35857,0.0,29.7,3.9,0.0,733,4,38079.0
2020-02-01,27151,0.0,68.08,2.6,0.0,832,5,35857.0
2020-02-02,22384,0.0,70.88,1.5,0.0,772,6,27151.0
2020-02-03,29681,0.0,26.54,-0.4,0.0,573,0,22384.0
2020-02-04,23006,1.7,25.54,-1.6,0.0,435,1,29681.0
2020-02-05,20311,0.0,23.42,-8.3,0.0,268,2,23006.0
2020-02-06,22401,0.0,39.62,-6.4,0.0,269,3,20311.0
2020-02-07,26540,0.0,37.78,-1.7,0.0,359,4,22401.0
2020-02-08,22046,0.0,41.42,-0.1,0.0,556,5,26540.0
2020-02-09,21099,0.0,36.34,-0.5,0.0,725,6,22046.0
2020-02-10,33956,0.0,49.34,4.0,0.0,750,0,21099.0
2020-02-11,40563,0.0,57.36,6.8,0.0,1004,1,33956.0
2020-02-12,10698,6.7,49.26,7.4,0.0,381,2,40563.0
2020-02-13,34375,0.0,70.44,6.5,0.0,781,3,10698.0
2020-02-14,41229,0.0,83.24,8.1,0.0,1097,4,34375.0
2020-02-15,29837,2.0,65.6,9.8,0.0,1226,5,41229.0
2020-02-16,6798,13.4,24.54,-1.4,0.0,348,6,29837.0
2020-02-17,13777,1.0,30.92,-5.9,0.0,272,0,6798.0
2020-02-18,19773,0.0,23.7,-4.1,0.0,462,1,13777.0
2020-02-19,32721,0.0,32.84,1.0,0.0,685,2,19773.0
2020-02-20,36027,0.0,59.62,4.6,0.0,878,3,32721.0
2020-02-21,29779,4.2,73.58,6.7,0.0,587,4,36027.0
2020-02-24,36094,0.0,35.36,7.0,0.0,892,0,29779.0
2020-02-25,15939,16.6,21.6,6.7,0.0,428,1,36094.0
2020-02-26,35773,0.0,19.48,6.4,0.0,979,2,15939.0
2020-02-27,38526,0.0,14.34,6.1,0.0,1343,3,35773.0
2020-02-28,12644,3.9,26.98,4.5,0.0,395,4,38526.0
2020-02-29,35697,0.5,24.82,7.7,0.0,2253,5,12644.0
2020-03-01,24431,0.2,45.98,5.8,1.0,1529,6,35697.0
