date,count,shift1,rain,dust,temp,holiday,user,week,predict
2017-01-01,2307,2391.0,0.0,80.41025641025641,2.7,1.0,221,6,
2017-01-02,3796,2307.0,0.3,113.97435897435898,5.0,0.0,182,0,
2017-01-03,4049,3796.0,0.0,80.94871794871794,2.0,0.0,198,1,5889.23583984375
2017-01-04,4646,4049.0,0.0,58.35897435897437,3.9,0.0,189,2,4631.37451171875
2017-01-05,4500,4646.0,0.0,38.769230769230774,3.8,0.0,190,3,5491.1474609375
2017-01-06,4944,4500.0,0.0,23.743589743589745,5.4,0.0,241,4,6099.275390625
2017-01-07,3872,4944.0,0.0,57.97435897435897,4.6,0.0,322,5,4055.4775390625
2017-01-08,3568,3872.0,0.0,34.51282051282051,6.5,0.0,312,6,4324.07568359375
2017-01-09,4228,3568.0,0.0,61.33333333333334,1.5,0.0,149,0,3686.26220703125
2017-01-10,3516,4228.0,0.0,33.128205128205124,-3.7,0.0,92,1,4442.30322265625
2017-01-11,3522,3516.0,0.0,26.69230769230769,-3.8,0.0,88,2,3987.347900390625
2017-01-12,3399,3522.0,0.0,31.974358974358967,-2.2,0.0,80,3,4350.7607421875
2017-01-13,2525,3399.0,0.6,31.512820512820515,-6.0,0.0,56,4,3263.662841796875
2017-01-14,1419,2525.0,0.0,45.282051282051285,-8.4,0.0,44,5,2732.3974609375
2017-01-15,1465,1419.0,0.0,29.07692307692308,-6.6,0.0,89,6,3197.1513671875
2017-01-16,3279,1465.0,0.0,49.89743589743589,-3.8,0.0,105,0,5095.15478515625
2017-01-17,3572,3279.0,0.0,70.92307692307692,-2.0,0.0,80,1,4476.96533203125
2017-01-18,3685,3572.0,0.0,101.71794871794873,-0.5,0.0,104,2,4618.81298828125
2017-01-19,3633,3685.0,0.0,105.64102564102564,-1.2,0.0,110,3,5983.10693359375
2017-01-20,1335,3633.0,4.0,58.769230769230774,-4.4,0.0,53,4,4269.576171875
2017-01-21,936,1335.0,2.1,50.82051282051282,-5.2,0.0,32,5,1537.031494140625
2017-01-22,705,936.0,0.0,75.89473684210526,-8.3,0.0,43,6,3484.38623046875
2017-01-23,1739,705.0,0.0,49.05263157894736,-8.9,0.0,34,0,4103.26025390625
2017-01-24,2143,1739.0,0.0,42.07692307692308,-7.0,0.0,32,1,3160.99951171875
2017-01-25,2506,2143.0,0.0,52.35897435897437,-5.2,0.0,72,2,3729.8740234375
2017-01-26,2702,2506.0,0.3,67.51282051282051,-1.3,0.0,70,3,4035.2587890625
2017-01-27,1154,2702.0,3.0,109.41025641025641,-2.6,1.0,83,4,2972.500732421875
2017-01-28,1198,1154.0,0.0,34.92307692307692,-1.6,1.0,121,5,1971.4521484375
2017-01-29,496,1198.0,4.5,28.76923076923077,0.8,1.0,51,6,2004.36083984375
2017-01-30,1047,496.0,0.1,50.282051282051285,-4.8,1.0,67,0,874.1380004882812
2017-01-31,2263,1047.0,0.0,31.89743589743589,-5.4,0.0,75,1,3387.173095703125
2017-02-01,2776,2263.0,0.0,38.56410256410256,-4.0,0.0,138,2,4289.05859375
2017-02-02,3020,2776.0,0.0,35.307692307692314,-2.7,0.0,119,3,3598.502685546875
2017-02-03,3578,3020.0,0.0,72.23076923076924,1.5,0.0,147,4,5395.38525390625
2017-02-04,2631,3578.0,0.0,100.51282051282051,0.9,0.0,200,5,3098.024169921875
2017-02-05,1348,2631.0,0.5,73.41025641025641,1.2,0.0,93,6,3009.501220703125
2017-02-06,3135,1348.0,0.0,43.33333333333334,-1.7,0.0,125,0,4175.40283203125
2017-02-07,1033,3135.0,0.0,43.89743589743589,-2.0,0.0,116,1,4361.7998046875
2017-02-08,2564,1033.0,0.0,57.12820512820514,-2.2,0.0,136,2,2199.734130859375
2017-02-09,2786,2564.0,0.0,52.87179487179486,-5.3,0.0,100,3,3539.306396484375
2017-02-10,2366,2786.0,0.0,34.641025641025635,-6.6,0.0,64,4,3650.222412109375
2017-02-11,1839,2366.0,0.0,31.07692307692308,-4.8,0.0,90,5,2573.024658203125
2017-02-12,2192,1839.0,0.0,33.153846153846146,-2.2,0.0,179,6,3482.28125
2017-02-13,3613,2192.0,0.0,47.23076923076921,0.1,0.0,151,0,5103.39453125
2017-02-14,3746,3613.0,0.0,55.17948717948718,0.3,0.0,166,1,4898.44921875
2017-02-15,4214,3746.0,0.0,65.53846153846153,1.8,0.0,209,2,4605.56396484375
2017-02-16,4310,4214.0,0.0,73.05128205128206,5.5,0.0,230,3,5550.12353515625
2017-02-17,3344,4310.0,4.0,47.89743589743589,0.8,0.0,171,4,3610.48193359375
2017-02-18,2482,3344.0,0.0,33.666666666666664,-2.6,0.0,180,5,2932.868896484375
2017-02-19,1672,2482.0,1.0,46.74358974358975,2.3,0.0,172,6,3692.3671875
2017-02-20,2941,1672.0,0.5,46.641025641025635,-1.5,0.0,125,0,3351.343505859375
2017-02-21,3855,2941.0,0.0,50.641025641025635,-0.6,0.0,179,1,4926.5458984375
2017-02-22,1672,3855.0,5.1,43.153846153846146,1.7,0.0,77,2,1940.859130859375
2017-02-23,3330,1672.0,0.0,37.20512820512821,-1.5,0.0,113,3,3760.61181640625
2017-02-24,3591,3330.0,0.0,31.974358974358967,-0.8,0.0,164,4,4797.89111328125
2017-02-25,3480,3591.0,0.0,50.410256410256395,2.6,0.0,336,5,4651.748046875
2017-02-26,3802,3480.0,0.0,51.10256410256411,3.6,0.0,548,6,5286.0087890625
2017-02-27,4919,3802.0,0.0,43.48717948717949,3.7,0.0,389,0,6465.79052734375
2017-02-28,5513,4919.0,0.0,47.46153846153846,5.6,0.0,431,1,6824.31884765625
2017-03-01,3182,5513.0,5.0,62.10256410256411,5.0,1.0,515,2,3971.4970703125
2017-03-02,4214,3182.0,0.5,36.05128205128205,1.8,0.0,265,3,7765.763671875
2017-03-03,5161,4214.0,0.0,46.97435897435897,3.3,0.0,358,4,7125.74658203125
2017-03-04,6112,5161.0,0.0,57.07692307692307,5.7,0.0,944,5,8214.169921875
2017-03-05,4573,6112.0,0.5,71.1794871794872,5.2,0.0,662,6,4846.2890625
2017-03-06,4201,4573.0,0.0,39.12820512820513,0.1,0.0,219,0,3942.98291015625
2017-03-07,3921,4201.0,0.0,35.794871794871796,-1.3,0.0,205,1,5490.673828125
2017-03-08,4096,3921.0,0.0,46.02564102564103,-0.1,0.0,169,2,4165.01220703125
2017-03-09,4767,4096.0,0.0,49.89743589743589,3.2,0.0,268,3,6289.92236328125
2017-03-10,5776,4767.0,0.0,48.410256410256395,4.8,0.0,365,4,7003.83154296875
2017-03-11,7270,5776.0,0.0,67.17948717948718,7.3,0.0,1147,5,9530.595703125
2017-03-12,5078,7270.0,0.0,93.97435897435898,8.2,0.0,777,6,5555.97802734375
2017-03-13,6277,5078.0,0.0,65.58974358974359,6.9,0.0,431,0,6380.63916015625
2017-03-14,6300,6277.0,0.0,52.35897435897437,5.8,0.0,369,1,7208.08251953125
2017-03-15,6468,6300.0,0.0,45.051282051282044,6.3,0.0,409,2,6957.7265625
2017-03-16,6566,6468.0,0.0,67.17948717948718,6.2,0.0,438,3,7340.26318359375
2017-03-17,5258,6566.0,0.0,79.8974358974359,7.7,0.0,601,4,9102.634765625
2017-03-18,7583,5258.0,0.0,76.8205128205128,9.5,0.0,1205,5,7643.78271484375
2017-03-19,8118,7583.0,0.0,78.8205128205128,10.9,0.0,1512,6,9622.490234375
2017-03-20,6723,8118.0,0.0,102.74358974358972,10.2,0.0,625,0,6448.3212890625
2017-03-21,6735,6723.0,0.0,102.56410256410255,7.4,0.0,638,1,7707.416015625
2017-03-22,7577,6735.0,0.0,54.42105263157895,7.6,0.0,544,2,7540.2509765625
2017-03-23,7657,7577.0,0.0,76.44736842105263,9.1,0.0,602,3,8879.3037109375
2017-03-24,7736,7657.0,0.0,63.05263157894736,8.7,0.0,623,4,9033.005859375
2017-03-25,6677,7736.0,0.0,68.73684210526315,8.1,0.0,893,5,7274.6826171875
2017-03-26,6400,6677.0,0.0,63.868421052631575,7.3,0.0,903,6,7116.9580078125
2017-03-27,5706,6400.0,0.4,77.66666666666667,6.1,0.0,347,0,5838.97314453125
2017-03-28,7121,5706.0,0.0,86.66666666666669,7.1,0.0,415,1,7214.7890625
2017-03-29,8323,7121.0,0.0,60.66666666666666,8.8,0.0,555,2,8798.921875
2017-03-30,8612,8323.0,0.0,71.28205128205127,10.6,0.0,615,3,9617.740234375
2017-03-31,4579,8612.0,1.5,52.97435897435897,8.6,0.0,247,4,6004.9833984375
2017-04-01,7173,4579.0,1.0,26.743589743589745,9.0,0.0,1005,5,8983.4404296875
2017-04-02,9254,7173.0,0.0,49.794871794871796,9.0,0.0,1724,6,11825.029296875
2017-04-03,9274,9254.0,0.0,82.53846153846153,11.4,0.0,787,0,8208.7392578125
2017-04-04,10155,9274.0,0.0,78.48717948717949,14.1,0.0,908,1,10717.5947265625
2017-04-05,1877,10155.0,37.5,53.0,12.0,0.0,214,2,856.3629760742188
2017-04-06,6257,1877.0,3.0,28.69230769230769,10.4,0.0,405,3,8157.21728515625
2017-04-07,11361,6257.0,0.0,45.769230769230774,14.5,0.0,1228,4,15666.0908203125
2017-04-08,10632,11361.0,0.5,65.15384615384616,13.0,0.0,1721,5,10931.390625
2017-04-09,10909,10632.0,0.5,42.94871794871795,14.8,0.0,1918,6,12612.9296875
2017-04-10,12933,10909.0,0.0,30.743589743589745,16.5,0.0,1393,0,15460.4912109375
2017-04-11,11615,12933.0,0.0,59.74358974358975,15.3,0.0,1026,1,11176.6640625
2017-04-12,10244,11615.0,0.0,66.51282051282051,11.5,0.0,831,2,9399.0927734375
2017-04-13,10510,10244.0,0.0,73.92307692307692,12.7,0.0,737,3,10456.1533203125
2017-04-14,6671,10510.0,6.0,60.153846153846146,13.0,0.0,363,4,7542.53369140625
2017-04-15,12422,6671.0,0.0,71.07692307692308,16.8,0.0,2087,5,15303.966796875
2017-04-16,13145,12422.0,0.0,63.48717948717949,18.7,0.0,2104,6,13833.0
2017-04-17,7205,13145.0,5.5,50.23076923076921,14.7,0.0,464,0,4484.1650390625
2017-04-18,7513,7205.0,7.5,43.51282051282051,11.7,0.0,422,1,7326.9912109375
2017-04-19,11360,7513.0,0.0,86.89743589743591,12.6,0.0,831,2,11472.970703125
2017-04-20,10198,11360.0,0.1,86.46153846153847,12.9,0.0,584,3,9696.416015625
2017-04-21,11487,10198.0,0.0,71.94871794871794,13.1,0.0,921,4,13086.55859375
2017-04-22,13132,11487.0,0.0,65.23076923076923,14.8,0.0,2047,5,15469.3720703125
2017-04-23,13131,13132.0,0.0,52.07894736842106,14.9,0.0,2257,6,15089.0556640625
2017-04-24,12650,13131.0,0.0,46.07692307692307,15.1,0.0,1070,0,12321.396484375
2017-04-25,11825,12650.0,0.0,62.20512820512821,16.0,0.0,889,1,12126.052734375
2017-04-26,12950,11825.0,0.0,46.82051282051282,15.1,0.0,1061,2,13220.7353515625
2017-04-27,12424,12950.0,0.0,48.20512820512821,13.6,0.0,976,3,13085.2060546875
2017-04-28,12970,12424.0,0.0,66.82051282051282,14.4,0.0,1174,4,14557.4453125
2017-04-29,14312,12970.0,0.0,66.38461538461539,17.1,0.0,2319,5,16313.771484375
2017-04-30,13592,14312.0,0.0,95.64102564102564,19.3,0.0,2555,6,15068.583984375
2017-05-01,14168,13592.0,0.0,96.25641025641028,20.1,0.0,2201,0,17486.939453125
2017-05-02,13490,14168.0,0.0,103.46153846153848,20.7,0.0,1430,1,11594.69140625
2017-05-03,16305,13490.0,0.0,73.55263157894737,21.5,1.0,2956,2,18480.9296875
2017-05-04,15316,16305.0,0.0,67.25641025641025,21.0,0.0,2036,3,17834.353515625
2017-05-05,15488,15316.0,0.0,58.74358974358975,20.9,1.0,2651,4,17470.4375
2017-05-06,7484,15488.0,0.0,194.82051282051282,14.9,0.0,967,5,5194.57470703125
2017-05-07,9528,7484.0,0.0,94.20512820512822,16.6,0.0,1273,6,9865.8134765625
2017-05-08,11092,9528.0,0.0,178.1282051282051,17.9,0.0,811,0,9116.755859375
2017-05-09,6778,11092.0,2.5,128.35897435897436,17.1,1.0,735,1,10648.3662109375
2017-05-10,12102,6778.0,2.5,46.87179487179486,16.4,0.0,771,2,11634.0078125
2017-05-11,13612,12102.0,0.0,75.69230769230771,19.3,0.0,989,3,14428.1357421875
2017-05-12,12841,13612.0,0.0,77.92307692307692,19.1,0.0,967,4,13215.9072265625
2017-05-13,8333,12841.0,6.0,54.23076923076921,16.4,0.0,1216,5,10265.2041015625
2017-05-14,15272,8333.0,0.0,60.794871794871796,15.7,0.0,3483,6,21396.228515625
2017-05-15,14115,15272.0,0.0,46.66666666666666,16.0,0.0,1168,0,10064.736328125
2017-05-16,15270,14115.0,0.0,38.0,17.1,0.0,1226,1,15809.58984375
2017-05-17,15502,15270.0,0.0,41.74358974358975,18.7,0.0,1328,2,16187.7421875
2017-05-18,15977,15502.0,0.0,51.23076923076921,20.4,0.0,1354,3,16566.822265625
2017-05-19,15877,15977.0,0.0,49.92307692307693,21.1,0.0,1514,4,17998.51171875
2017-05-20,16654,15877.0,0.0,42.0,20.9,0.0,2579,5,18444.75390625
2017-05-21,17757,16654.0,0.0,34.17948717948718,21.5,0.0,2983,6,19530.60546875
2017-05-22,17070,17757.0,0.0,45.97435897435897,21.8,0.0,1642,0,16967.044921875
2017-05-23,10174,17070.0,5.0,38.641025641025635,20.0,0.0,924,1,12718.724609375
2017-05-24,17115,10174.0,0.1,29.64102564102564,21.8,0.0,1323,2,14882.2490234375
2017-05-25,16387,17115.0,0.0,41.07692307692308,19.2,0.0,1239,3,16426.423828125
2017-05-26,17966,16387.0,0.0,27.0,17.7,0.0,1638,4,20196.38671875
2017-05-27,18286,17966.0,0.0,36.05128205128205,19.5,0.0,2631,5,20546.251953125
2017-05-28,18005,18286.0,0.0,48.256410256410255,21.2,0.0,2746,6,18356.447265625
2017-05-29,17619,18005.0,0.0,72.2051282051282,22.9,0.0,1488,0,16740.078125
2017-05-30,17703,17619.0,0.0,52.74358974358975,23.6,0.0,1303,1,18137.978515625
2017-05-31,17937,17703.0,0.0,40.769230769230774,23.3,0.0,1368,2,18371.85546875
2017-06-01,17693,17937.0,0.0,40.66666666666666,23.3,0.0,1385,3,19165.36328125
2017-06-02,11994,17693.0,0.0,30.89743589743589,20.5,0.0,1301,4,17532.267578125
2017-06-03,19353,11994.0,0.0,34.05128205128205,20.5,0.0,2771,5,18148.12890625
2017-06-04,19225,19353.0,0.0,30.948717948717945,21.7,0.0,2940,6,20063.19921875
2017-06-05,19443,19225.0,0.0,29.23076923076923,24.2,0.0,2048,0,22999.193359375
2017-06-06,7604,19443.0,15.5,23.025641025641022,19.4,1.0,1247,1,11402.9404296875
2017-06-07,8644,7604.0,12.5,18.33333333333333,17.6,0.0,667,2,9689.3076171875
2017-06-08,18859,8644.0,0.0,47.42105263157895,20.1,0.0,1307,3,15450.3310546875
2017-06-09,18356,18859.0,0.1,63.73684210526316,21.2,0.0,1443,4,19217.125
2017-06-10,19865,18356.0,4.5,52.07894736842106,21.5,0.0,2666,5,20359.009765625
2017-06-11,19524,19865.0,0.0,32.07894736842105,22.8,0.0,2828,6,22186.669921875
2017-06-12,19588,19524.0,0.0,33.631578947368425,22.1,0.0,1539,0,19394.48828125
2017-06-13,19196,19588.0,0.0,39.51282051282049,21.5,0.0,1489,1,21116.65234375
2017-06-14,19692,19196.0,0.0,46.769230769230774,21.8,0.0,1419,2,18178.54296875
2017-06-15,19520,19692.0,0.0,54.33333333333334,23.1,0.0,1495,3,21100.15234375
2017-06-16,19954,19520.0,0.0,71.23076923076924,25.5,0.0,1555,4,20135.615234375
2017-06-17,19353,19954.0,0.0,54.56410256410256,24.2,0.0,2534,5,20486.173828125
2017-06-18,18441,19353.0,0.0,46.410256410256395,24.3,0.0,2406,6,19031.923828125
2017-06-19,20591,18441.0,0.0,55.74358974358975,24.8,0.0,1761,0,21374.517578125
2017-06-20,19798,20591.0,0.0,55.92307692307693,26.0,0.0,1799,1,22772.80859375
2017-06-21,21198,19798.0,0.0,60.948717948717956,25.4,0.0,1794,2,18922.734375
2017-06-22,21526,21198.0,0.0,40.56410256410256,25.3,0.0,1787,3,23249.4140625
2017-06-23,20590,21526.0,0.0,46.43589743589744,26.7,0.0,1760,4,22348.919921875
2017-06-24,11639,20590.0,3.5,45.20512820512821,24.5,0.0,1441,5,13406.0107421875
2017-06-25,12602,11639.0,1.5,38.846153846153854,23.8,0.0,1477,6,12746.962890625
2017-06-26,10458,12602.0,29.0,29.743589743589745,23.1,0.0,843,0,9180.75390625
2017-06-27,19419,10458.0,0.0,33.153846153846146,25.2,0.0,1324,1,19584.150390625
2017-06-28,21105,19419.0,0.0,50.30769230769231,26.0,0.0,1500,2,19949.705078125
2017-06-29,20856,21105.0,0.0,53.51282051282051,26.2,0.0,1485,3,21405.61328125
2017-06-30,20619,20856.0,0.0,57.282051282051285,25.9,0.0,1442,4,20710.837890625
2017-07-01,13859,20619.0,0.5,46.20512820512821,25.3,0.0,1506,5,16629.0
2017-07-02,3885,13859.0,92.0,27.66666666666667,24.3,0.0,513,6,5900.93896484375
2017-07-03,10190,3885.0,67.5,25.86842105263158,24.7,0.0,641,0,6831.2197265625
2017-07-04,18347,10190.0,0.5,37.76315789473684,26.7,0.0,1459,1,24811.912109375
2017-07-05,5222,18347.0,0.0,43.92105263157895,27.4,0.0,380,2,7148.67919921875
2017-07-06,9,5222.0,34.0,53.48717948717949,27.6,0.0,38,3,-165.91429138183594
2017-07-07,3245,9.0,16.5,25.102564102564106,26.4,0.0,484,4,6094.154296875
2017-07-08,9610,3245.0,4.5,28.820512820512814,26.0,0.0,745,5,6130.70068359375
2017-07-09,6475,9610.0,32.5,28.89743589743589,26.3,0.0,655,6,7531.5546875
2017-07-10,1199,6475.0,144.5,15.871794871794872,24.0,0.0,255,0,4610.0009765625
2017-07-11,16142,1199.0,1.0,43.384615384615394,26.0,0.0,1001,1,13583.826171875
2017-07-12,18529,16142.0,0.0,50.589743589743605,27.1,0.0,1007,2,17314.2578125
2017-07-13,18236,18529.0,0.0,54.71794871794872,27.6,0.0,1006,3,18151.7734375
2017-07-14,17158,18236.0,0.0,52.641025641025635,28.7,0.0,912,4,18091.62890625
2017-07-15,5399,17158.0,42.5,23.179487179487186,25.0,0.0,423,5,5166.86669921875
2017-07-16,13269,5399.0,22.5,19.871794871794872,26.2,0.0,1184,6,15135.9111328125
2017-07-17,16632,13269.0,7.5,25.71794871794872,26.8,1.0,1108,0,15775.7470703125
2017-07-18,16138,16632.0,2.5,29.92307692307693,26.5,0.0,905,1,15647.9150390625
2017-07-19,18383,16138.0,0.0,42.333333333333336,28.3,0.0,1056,2,17146.951171875
2017-07-20,17612,18383.0,0.0,56.56410256410256,29.9,0.0,1024,3,18014.62890625
2017-07-21,16815,17612.0,0.0,64.69230769230771,29.8,0.0,826,4,15920.8974609375
2017-07-22,10712,16815.0,0.5,61.35897435897437,29.3,0.0,753,5,12393.4140625
2017-07-23,8298,10712.0,133.5,53.46153846153846,27.0,0.0,627,6,10676.646484375
2017-07-24,14039,8298.0,3.0,38.230769230769226,26.2,0.0,810,0,13406.1328125
2017-07-25,17854,14039.0,0.0,30.41025641025641,29.4,0.0,949,1,17454.763671875
2017-07-26,19010,17854.0,0.0,21.794871794871803,28.7,0.0,1066,2,18327.80859375
2017-07-27,16732,19010.0,3.5,32.384615384615394,27.1,0.0,940,3,16447.205078125
2017-07-28,10194,16732.0,8.5,33.333333333333336,25.5,0.0,560,4,11689.1123046875
2017-07-29,17140,10194.0,0.0,18.487179487179485,27.2,0.0,1530,5,17462.095703125
2017-07-30,16187,17140.0,0.0,25.07692307692308,27.9,0.0,1561,6,16673.185546875
2017-07-31,12144,16187.0,3.5,24.871794871794872,25.7,0.0,797,0,13450.0732421875
2017-08-01,18392,12144.0,2.0,25.487179487179485,28.6,0.0,1123,1,18798.966796875
2017-08-02,17672,18392.0,0.0,40.0,30.0,0.0,995,2,16457.359375
2017-08-03,18168,17672.0,0.0,28.153846153846153,30.2,0.0,989,3,18214.083984375
2017-08-04,17444,18168.0,0.0,30.35897435897436,30.3,0.0,952,4,18476.57421875
2017-08-05,13103,17444.0,0.0,34.7948717948718,31.4,0.0,902,5,14373.3046875
2017-08-06,12510,13103.0,5.0,28.63157894736842,29.8,0.0,987,6,12585.4189453125
2017-08-07,18359,12510.0,0.0,36.615384615384606,29.2,0.0,998,0,17006.900390625
2017-08-08,20578,18359.0,0.0,46.051282051282044,28.2,0.0,1332,1,21935.79296875
2017-08-09,19509,20578.0,2.5,37.282051282051285,27.6,0.0,1092,2,17781.67578125
2017-08-10,6701,19509.0,5.5,10.333333333333334,24.8,0.0,456,3,12596.6708984375
2017-08-11,17577,6701.0,0.5,13.461538461538465,27.0,0.0,953,4,15440.14453125
2017-08-12,18542,17577.0,0.0,13.205128205128204,27.8,0.0,1592,5,19538.0390625
2017-08-13,18907,18542.0,0.0,11.948717948717947,26.3,0.0,2072,6,19391.904296875
2017-08-14,12150,18907.0,1.5,11.589743589743593,24.6,0.0,946,0,16411.333984375
2017-08-15,2457,12150.0,93.5,8.128205128205128,21.9,1.0,865,1,6559.1416015625
2017-08-16,17325,2457.0,2.0,9.76923076923077,23.3,0.0,1011,2,16194.7080078125
2017-08-17,18670,17325.0,0.5,14.538461538461535,24.8,0.0,1032,3,18490.859375
2017-08-18,20851,18670.0,0.0,30.43589743589743,26.3,0.0,1257,4,20557.685546875
2017-08-19,18744,20851.0,0.0,28.56410256410257,26.1,0.0,1711,5,19611.517578125
2017-08-20,1961,18744.0,124.5,12.153846153846152,23.2,0.0,309,6,3648.501953125
2017-08-21,18669,1961.0,5.0,16.28205128205128,25.8,0.0,1073,0,19608.7109375
2017-08-22,22687,18669.0,0.0,20.512820512820515,27.3,0.0,1415,1,23652.5859375
2017-08-23,11579,22687.0,31.5,23.33333333333333,27.2,0.0,665,2,9420.41015625
2017-08-24,13694,11579.0,14.0,23.461538461538463,26.5,0.0,794,3,14459.853515625
2017-08-25,22969,13694.0,0.0,29.384615384615394,25.3,0.0,1475,4,22051.21875
2017-08-26,24671,22969.0,0.0,28.43589743589743,24.2,0.0,2810,5,26264.443359375
2017-08-27,22419,24671.0,0.0,26.743589743589745,22.7,0.0,2657,6,22406.484375
2017-08-28,11869,22419.0,9.0,32.02564102564103,21.5,0.0,874,0,14257.6982421875
2017-08-29,27653,11869.0,0.0,20.53846153846154,19.5,0.0,2060,1,26971.86328125
2017-08-30,27229,27653.0,0.0,28.615384615384606,19.8,0.0,2044,2,28481.955078125
2017-08-31,27500,27229.0,0.0,40.769230769230774,22.2,0.0,2084,3,28923.134765625
2017-09-01,28644,27500.0,0.0,27.615384615384606,23.3,0.0,2547,4,31980.080078125
2017-09-02,29162,28644.0,0.0,30.179487179487186,23.8,0.0,3691,5,29558.513671875
2017-09-03,28741,29162.0,0.0,34.82051282051282,23.7,0.0,3880,6,28881.658203125
2017-09-04,28588,28741.0,0.0,32.02564102564103,24.6,0.0,2406,0,31513.263671875
2017-09-05,26894,28588.0,0.0,28.89743589743589,21.9,0.0,1784,1,27496.77734375
2017-09-06,14412,26894.0,2.0,31.66666666666667,20.6,0.0,982,2,18581.423828125
2017-09-08,29439,29280.0,0.0,53.948717948717956,24.3,0.0,2138,4,
2017-09-09,28899,29439.0,0.0,63.53846153846154,23.8,0.0,3160,5,
2017-09-10,22813,28899.0,0.5,54.97435897435897,23.0,0.0,2686,6,24664.490234375
2017-09-11,21210,22813.0,24.0,25.487179487179485,21.2,0.0,1619,0,21276.7578125
2017-09-12,29705,21210.0,0.0,29.28205128205128,22.1,0.0,2045,1,32097.705078125
2017-09-13,31250,29705.0,0.0,27.56410256410257,21.4,0.0,1984,2,29679.666015625
2017-09-14,31115,31250.0,0.0,31.384615384615394,22.4,0.0,2095,3,33829.9609375
2017-09-15,32381,31115.0,0.0,18.89743589743589,22.6,0.0,2541,4,35756.0859375
2017-09-16,34104,32381.0,0.0,12.82051282051282,22.0,0.0,3929,5,34538.5
2017-09-17,33587,34104.0,0.0,11.435897435897436,23.1,0.0,4260,6,34492.859375
2017-09-18,32918,33587.0,0.0,23.487179487179485,21.9,0.0,2390,0,34727.41796875
2017-09-19,23220,32918.0,8.0,67.15384615384616,22.6,0.0,1344,1,24292.66015625
2017-09-20,34011,23220.0,0.0,27.30769230769231,19.5,0.0,2180,2,32212.453125
2017-09-21,33109,34011.0,0.0,32.358974358974365,20.3,0.0,2131,3,36148.2421875
2017-09-22,34114,33109.0,0.0,35.56410256410256,20.6,0.0,2278,4,34518.07421875
2017-09-23,33524,34114.0,0.0,57.92307692307693,21.8,0.0,3369,5,32592.033203125
2017-09-24,30320,33524.0,0.0,67.25641025641025,22.4,0.0,3282,6,30227.54296875
2017-09-25,32636,30320.0,0.0,49.282051282051285,23.4,0.0,2071,0,35205.31640625
2017-09-26,30093,32636.0,0.0,50.33333333333334,25.1,0.0,1664,1,32763.216796875
2017-09-27,28175,30093.0,0.5,43.846153846153854,22.7,0.0,1533,2,28226.484375
2017-09-28,31462,28175.0,0.0,25.84615384615385,19.2,0.0,1637,3,30441.765625
2017-09-29,32872,31462.0,0.0,24.948717948717945,17.4,0.0,1903,4,34219.8828125
2017-09-30,33195,32872.0,0.0,38.641025641025635,20.0,0.0,3275,5,35188.6171875
2017-10-01,10634,33195.0,4.0,35.25641025641025,18.2,0.0,1230,6,15468.080078125
2017-10-02,28247,10634.0,1.5,22.102564102564106,22.0,1.0,3205,0,29417.166015625
2017-10-03,22250,28247.0,0.0,38.02564102564103,17.6,1.0,2639,1,27091.1015625
2017-10-04,19575,22250.0,0.0,23.461538461538463,16.7,1.0,3144,2,26353.4140625
2017-10-05,26463,19575.0,0.0,16.256410256410255,18.7,1.0,3463,3,25874.3984375
2017-10-06,22853,26463.0,0.5,13.051282051282053,18.9,1.0,2580,4,24878.91796875
2017-10-07,35917,22853.0,0.0,11.076923076923077,21.9,0.0,4673,5,36694.4375
2017-10-08,37200,35917.0,0.0,20.820512820512818,23.0,0.0,4880,6,36910.55078125
2017-10-09,39072,37200.0,0.0,27.657894736842106,22.5,1.0,4465,0,37772.07421875
2017-10-10,27441,39072.0,0.4,31.512820512820515,21.4,0.0,1702,1,31264.357421875
2017-10-11,19431,27441.0,20.0,12.794871794871796,15.5,0.0,1049,2,18208.45703125
2017-10-12,25816,19431.0,0.0,23.794871794871803,11.4,0.0,1035,3,26943.345703125
2017-10-13,28651,25816.0,0.0,30.64102564102564,12.8,0.0,1731,4,33626.56640625
2017-10-14,30106,28651.0,0.0,25.58974358974359,14.4,0.0,2453,5,28651.037109375
2017-10-15,31435,30106.0,0.0,24.64102564102564,15.8,0.0,2872,6,29421.34765625
2017-10-16,30232,31435.0,0.0,33.97435897435897,16.6,0.0,1508,0,32969.765625
2017-10-17,31232,30232.0,0.0,42.0,16.2,0.0,1562,1,34576.46875
2017-10-18,23880,31232.0,0.1,27.41025641025641,16.5,0.0,964,2,24629.55859375
2017-10-19,32008,23880.0,0.0,21.56410256410257,17.0,0.0,1508,3,31759.13671875
2017-10-20,32250,32008.0,0.0,34.51282051282051,17.0,0.0,1644,4,33610.64453125
2017-10-21,33126,32250.0,0.0,42.8974358974359,17.6,0.0,2566,5,31569.38671875
2017-10-22,28657,33126.0,0.0,27.948717948717945,16.3,0.0,2430,6,28658.32421875
2017-10-23,29072,28657.0,0.0,27.71794871794872,13.7,0.0,1358,0,32123.798828125
2017-10-24,29702,29072.0,0.0,35.43589743589744,14.4,0.0,1316,1,32790.578125
2017-10-25,29915,29702.0,0.0,44.48717948717949,14.4,0.0,1172,2,27958.103515625
2017-10-26,29239,29915.0,0.0,54.02564102564103,14.5,0.0,1147,3,30194.861328125
2017-10-27,31474,29239.0,0.0,63.410256410256395,16.9,0.0,1465,4,32791.4765625
2017-10-28,30249,31474.0,0.0,49.71794871794872,17.2,0.0,2274,5,30482.970703125
2017-10-29,20310,30249.0,0.0,69.35897435897436,11.5,0.0,1522,6,21693.16015625
2017-10-30,21550,20310.0,0.0,38.615384615384606,7.7,0.0,625,0,22428.7421875
2017-10-31,25117,21550.0,0.0,37.51282051282049,10.4,0.0,718,1,25765.408203125
2017-11-01,27319,25117.0,0.0,41.692307692307686,14.4,0.0,1025,2,28892.14453125
2017-11-02,25335,27319.0,1.0,50.35897435897437,15.5,0.0,899,3,25681.306640625
2017-11-03,19578,25335.0,1.5,42.05128205128205,12.3,0.0,829,4,23342.76171875
2017-11-04,18341,19578.0,0.0,56.256410256410255,7.8,0.0,977,5,16762.955078125
2017-11-05,19098,18341.0,0.0,43.153846153846146,8.4,0.0,1190,6,18174.056640625
2017-11-06,25218,19098.0,0.0,36.87179487179487,11.4,0.0,794,0,24240.73828125
2017-11-07,27262,25218.0,0.0,46.410256410256395,14.4,0.0,839,1,27697.580078125
2017-11-08,24021,27262.0,0.0,68.76923076923077,13.1,0.0,701,2,24613.7578125
2017-11-09,24375,24021.0,0.0,54.410256410256395,9.4,0.0,695,3,23985.771484375
2017-11-10,15896,24375.0,7.5,48.35897435897437,9.8,0.0,427,4,18590.2265625
2017-11-11,15692,15896.0,0.0,74.41025641025641,5.9,0.0,733,5,16807.060546875
2017-11-12,15033,15692.0,0.0,34.666666666666664,5.3,0.0,757,6,15468.595703125
2017-11-13,16595,15033.0,4.5,44.92307692307693,8.4,0.0,408,0,16704.609375
2017-11-14,19222,16595.0,0.0,48.43589743589744,7.5,0.0,406,1,19171.552734375
2017-11-15,16133,19222.0,0.0,27.92307692307693,3.2,0.0,282,2,16806.52734375
2017-11-16,15150,16133.0,0.0,28.0,1.0,0.0,264,3,15887.6689453125
2017-11-17,13977,15150.0,0.0,45.48717948717949,3.0,0.0,272,4,16117.6875
2017-11-18,8228,13977.0,0.0,41.30769230769232,-2.1,0.0,217,5,9815.6396484375
2017-11-19,7232,8228.0,0.0,26.35897435897436,-1.6,0.0,222,6,8547.345703125
2017-11-20,12553,7232.0,0.0,40.87179487179487,-0.4,0.0,224,0,12724.19140625
2017-11-21,14286,12553.0,0.0,54.153846153846146,1.3,0.0,304,1,14623.0947265625
2017-11-22,13151,14286.0,0.5,66.92307692307692,4.3,0.0,270,2,13657.2255859375
2017-11-23,12915,13151.0,1.2,26.153846153846153,0.9,0.0,200,3,11996.2998046875
2017-11-24,10776,12915.0,0.0,22.615384615384606,-0.4,0.0,181,4,12734.2724609375
2017-11-25,4350,10776.0,24.0,28.23076923076923,3.0,0.0,162,5,2063.984619140625
2017-11-26,8294,4350.0,0.0,40.794871794871796,3.3,0.0,343,6,11246.0634765625
2017-11-27,13798,8294.0,0.0,52.97435897435897,2.5,0.0,259,0,11783.64453125
2017-11-28,14962,13798.0,0.5,77.58974358974359,6.4,0.0,377,1,15483.0126953125
2017-11-29,12959,14962.0,0.0,63.87179487179486,3.2,0.0,251,2,13601.3310546875
2017-11-30,10869,12959.0,0.0,25.64102564102564,-2.4,0.0,208,3,12518.486328125
2017-12-01,10558,10869.0,0.0,27.205128205128197,-2.2,0.0,211,4,11711.51171875
2017-12-02,9234,10558.0,0.0,43.33333333333334,1.9,0.0,323,5,10445.595703125
2017-12-03,7811,9234.0,4.0,53.82051282051282,4.9,0.0,349,6,7983.09228515625
2017-12-04,9731,7811.0,0.1,44.97435897435897,-1.2,0.0,205,0,10378.6201171875
2017-12-05,9209,9731.0,0.1,23.58974358974359,-4.2,0.0,145,1,10270.259765625
2017-12-06,7243,9209.0,1.2,34.846153846153854,0.2,0.0,152,2,9459.9365234375
2017-12-07,9364,7243.0,0.0,47.589743589743605,0.7,0.0,171,3,8766.4599609375
2017-12-08,8836,9364.0,0.0,33.97435897435897,-3.8,0.0,119,4,8358.5009765625
2017-12-09,7784,8836.0,0.0,42.74358974358975,-0.5,0.0,223,5,8444.7216796875
2017-12-10,3681,7784.0,4.1,40.53846153846154,1.1,0.0,175,6,6025.75146484375
2017-12-11,6306,3681.0,0.0,48.589743589743605,-7.0,0.0,88,0,7149.06396484375
2017-12-12,5948,6306.0,0.0,34.53846153846154,-9.4,0.0,83,1,7814.91748046875
2017-12-13,6499,5948.0,0.0,38.641025641025635,-8.7,0.0,81,2,7066.1494140625
2017-12-14,6922,6499.0,0.0,57.92307692307693,-6.6,0.0,102,3,8641.9306640625
2017-12-15,7869,6922.0,0.0,85.0,-3.0,0.0,113,4,9658.1650390625
2017-12-16,4885,7869.0,0.0,60.5,-5.7,0.0,124,5,6773.31298828125
2017-12-17,3944,4885.0,0.0,39.60526315789474,-6.7,0.0,109,6,5768.85009765625
2017-12-18,2767,3944.0,3.4,58.368421052631575,-1.6,0.0,76,0,6921.130859375
2017-12-19,4583,2767.0,0.0,47.842105263157904,-3.9,0.0,73,1,5374.001953125
2017-12-20,4857,4583.0,0.2,43.44736842105264,-3.9,0.0,86,2,5291.74169921875
2017-12-21,6142,4857.0,0.0,54.59459459459461,-0.9,0.0,117,3,6389.41455078125
2017-12-22,7797,6142.0,0.0,61.135135135135144,3.4,0.0,143,4,7878.1396484375
2017-12-23,7156,7797.0,0.0,113.52777777777777,6.1,0.0,307,5,6768.4052734375
2017-12-24,2174,7156.0,20.0,80.1111111111111,2.9,0.0,207,6,3277.951171875
2017-12-25,4186,2174.0,0.0,31.36111111111111,-2.1,1.0,187,0,5369.62060546875
2017-12-26,6003,4186.0,0.0,30.94444444444445,-3.8,0.0,134,1,5744.56591796875
2017-12-27,5740,6003.0,0.0,29.277777777777786,-6.9,0.0,111,2,6826.68701171875
2017-12-28,7073,5740.0,0.0,48.33333333333334,-2.1,0.0,150,3,7624.36328125
2017-12-29,8263,7073.0,0.0,99.94444444444444,2.1,0.0,197,4,9744.662109375
2017-12-30,4242,8263.0,0.7,132.41666666666666,1.4,0.0,166,5,6356.50927734375
2017-12-31,3629,4242.0,1.0,66.08333333333333,-0.3,0.0,201,6,6155.79443359375
2018-01-01,4950,3629.0,0.0,44.171428571428564,-1.3,1.0,302,0,6177.76318359375
2018-01-02,7136,4950.0,0.0,43.37837837837838,-1.8,0.0,246,1,6262.0625
2018-01-03,7156,7136.0,0.0,36.89473684210526,-4.7,0.0,205,2,7941.48046875
2018-01-04,7102,7156.0,0.0,47.657894736842096,-4.7,0.0,169,3,7924.85009765625
2018-01-05,7705,7102.0,0.0,60.23684210526316,-3.0,0.0,183,4,9118.1962890625
2018-01-06,5681,7705.0,0.0,50.44736842105264,-2.8,0.0,192,5,6491.74560546875
2018-01-07,5220,5681.0,0.0,57.47368421052632,-0.8,0.0,253,6,6645.4609375
2018-01-08,6309,5220.0,0.9,59.68421052631579,1.3,0.0,186,0,8572.3134765625
2018-01-09,5988,6309.0,0.5,43.55263157894736,-4.2,0.0,147,1,7331.2177734375
2018-01-10,4476,5988.0,0.3,34.6578947368421,-7.5,0.0,93,2,6189.03857421875
2018-01-11,4337,4476.0,0.0,34.6578947368421,-11.1,0.0,76,3,5820.55029296875
2018-01-12,4401,4337.0,0.0,26.342105263157894,-10.2,0.0,79,4,5896.03125
2018-01-13,3756,4401.0,0.4,55.256410256410255,-4.4,0.0,89,5,5172.330078125
2018-01-14,4675,3756.0,0.0,71.1025641025641,0.6,0.0,235,6,5779.94775390625
2018-01-15,6993,4675.0,0.2,71.69230769230771,4.7,0.0,195,0,7847.4775390625
2018-01-16,7421,6993.0,0.0,115.94871794871794,3.5,0.0,202,1,7910.568359375
2018-01-17,6990,7421.0,0.0,115.28205128205127,4.5,0.0,205,2,7596.20068359375
2018-01-18,7054,6990.0,0.0,90.48717948717949,2.1,0.0,179,3,8670.4013671875
2018-01-19,8329,7054.0,0.0,62.17948717948718,1.0,0.0,201,4,8601.2783203125
2018-01-20,6148,8329.0,0.0,103.74358974358972,2.2,0.0,253,5,6931.39306640625
2018-01-21,5574,6148.0,0.0,65.92307692307692,0.4,0.0,266,6,6725.6455078125
2018-01-22,4929,5574.0,3.3,50.07692307692307,0.2,0.0,146,0,7243.921875
2018-01-23,4263,4929.0,0.0,25.538461538461537,-11.7,0.0,69,1,6324.9755859375
2018-01-24,3370,4263.0,0.0,30.743589743589745,-14.2,0.0,64,2,5865.826171875
2018-01-25,3307,3370.0,0.0,25.025641025641022,-14.0,0.0,56,3,5075.69921875
2018-01-26,3116,3307.0,0.0,33.51282051282051,-14.8,0.0,42,4,5474.47802734375
2018-01-27,2833,3116.0,0.0,46.92307692307693,-9.9,0.0,99,5,5189.91064453125
2018-01-28,3028,2833.0,0.0,34.0,-6.3,0.0,120,6,4237.5
2018-01-29,4425,3028.0,0.0,47.282051282051285,-8.5,0.0,86,0,5990.994140625
2018-01-30,3591,4425.0,2.9,43.769230769230774,-5.3,0.0,79,1,4806.443359375
2018-01-31,4104,3591.0,0.0,42.487179487179496,-2.6,0.0,103,2,5629.328125
2018-02-01,5821,4104.0,0.0,42.02564102564103,-4.0,0.0,104,3,5064.76220703125
2018-02-02,6557,5821.0,0.0,57.17948717948718,-2.4,0.0,143,4,7621.4326171875
2018-02-03,3499,6557.0,0.5,38.92307692307692,-7.3,0.0,118,5,4575.16162109375
2018-02-04,2642,3499.0,0.0,33.641025641025635,-9.5,0.0,105,6,4749.5888671875
2018-02-05,4213,2642.0,0.0,27.89743589743589,-9.4,0.0,89,0,6579.150390625
2018-02-06,4257,4213.0,0.0,32.58974358974359,-10.1,0.0,67,1,5571.115234375
2018-02-07,5028,4257.0,0.0,42.07692307692308,-8.0,0.0,92,2,5866.32275390625
2018-02-08,6114,5028.0,0.0,54.384615384615394,-4.4,0.0,150,3,7425.33251953125
2018-02-09,6905,6114.0,0.0,72.97435897435899,0.4,0.0,147,4,8182.15625
2018-02-10,4829,6905.0,0.0,78.46153846153847,-0.5,0.0,169,5,5567.68798828125
2018-02-11,3047,4829.0,0.0,53.33333333333334,-6.1,0.0,111,6,5028.251953125
2018-02-12,5231,3047.0,0.0,50.615384615384606,-5.8,0.0,109,0,7206.1748046875
2018-02-13,6863,5231.0,0.0,52.46153846153846,-0.8,0.0,165,1,7335.35888671875
2018-02-14,7477,6863.0,0.0,70.28205128205127,3.5,0.0,237,2,7924.92236328125
2018-02-15,3935,7477.0,0.0,40.12820512820513,-0.7,1.0,213,3,4521.560546875
2018-02-16,3047,3935.0,0.0,49.641025641025635,-1.1,1.0,254,4,5697.95751953125
2018-02-18,5191,3494.0,0.0,38.17948717948718,-0.4,0.0,366,6,
2018-02-19,8563,5191.0,0.0,62.641025641025635,1.8,0.0,381,0,
2018-02-20,8899,8563.0,0.0,67.56410256410257,0.9,0.0,340,1,9538.154296875
2018-02-21,8342,8899.0,0.0,40.07692307692308,-0.9,0.0,280,2,8882.0927734375
2018-02-22,8580,8342.0,0.4,47.02564102564103,1.3,0.0,239,3,8882.984375
2018-02-23,6408,8580.0,3.7,93.35897435897436,4.2,0.0,226,4,9112.6142578125
2018-02-24,7198,6408.0,0.0,81.64864864864866,2.4,0.0,393,5,6831.2294921875
2018-02-25,7595,7198.0,0.0,47.45945945945946,1.9,0.0,563,6,8636.736328125
2018-02-26,10712,7595.0,0.0,66.18918918918922,3.1,0.0,538,0,12412.244140625
2018-02-27,10064,10712.0,0.0,99.22222222222223,4.2,0.0,369,1,10720.4423828125
2018-02-28,4230,10064.0,25.0,73.91666666666667,4.6,0.0,213,2,3843.8720703125
2018-03-01,5761,4230.0,0.5,43.25,-0.2,1.0,420,3,8506.197265625
2018-03-02,9388,5761.0,0.0,72.05555555555556,-0.7,0.0,422,4,12127.447265625
2018-03-03,16029,9388.0,0.0,62.77777777777778,7.9,0.0,1649,5,16645.595703125
2018-03-04,5373,16029.0,11.5,33.333333333333336,9.8,0.0,818,6,8207.798828125
2018-03-05,9943,5373.0,3.5,10.416666666666666,5.5,0.0,706,0,11276.7724609375
2018-03-06,14028,9943.0,0.0,34.0,4.5,0.0,749,1,13526.73828125
2018-03-07,12925,14028.0,0.5,31.21052631578948,6.4,0.0,576,2,12053.2822265625
2018-03-08,8812,12925.0,4.0,33.10526315789474,4.6,0.0,493,3,11033.369140625
2018-03-09,13573,8812.0,0.0,54.894736842105246,4.5,0.0,598,4,12349.1181640625
2018-03-10,13324,13573.0,0.0,49.68421052631579,4.6,0.0,1026,5,13830.5302734375
2018-03-11,15136,13324.0,0.0,62.026315789473685,6.4,0.0,1617,6,16188.916015625
2018-03-12,15913,15136.0,0.0,103.31578947368419,8.0,0.0,812,0,16788.203125
2018-03-13,19514,15913.0,0.0,69.51282051282051,12.4,0.0,1146,1,20357.01953125
2018-03-14,24911,19514.0,0.0,26.820512820512814,17.0,0.0,1793,2,26197.62890625
2018-03-15,7091,24911.0,27.0,23.35897435897436,12.4,0.0,538,3,5689.03076171875
2018-03-16,18415,7091.0,0.0,15.64102564102564,7.1,0.0,1146,4,20080.916015625
2018-03-17,20165,18415.0,0.0,33.846153846153854,6.6,0.0,2085,5,22910.77734375
2018-03-18,11740,20165.0,0.5,64.66666666666667,8.2,0.0,1233,6,13036.4404296875
2018-03-19,10297,11740.0,1.0,32.05128205128205,8.0,0.0,533,0,13515.6904296875
2018-03-20,13205,10297.0,0.0,22.128205128205128,4.7,0.0,563,1,13393.96875
2018-04-09,23925,7758.0,0.0,43.43589743589744,7.9,0.0,1411,0,
2018-04-10,20423,23925.0,5.0,49.615384615384606,15.1,0.0,1149,1,
2018-04-11,25557,20423.0,0.0,66.87179487179488,12.6,0.0,1158,2,20565.5859375
2018-04-12,28885,25557.0,0.0,48.82051282051282,13.3,0.0,1613,3,31079.81640625
2018-04-13,29497,28885.0,0.0,37.94871794871795,14.6,0.0,1524,4,28933.1640625
2018-04-14,8216,29497.0,9.0,22.256410256410255,9.0,0.0,656,5,10726.955078125
2018-04-15,12721,8216.0,0.0,77.35897435897436,9.5,0.0,1516,6,18411.58203125
2018-04-16,29589,12721.0,0.0,40.230769230769226,11.6,0.0,1573,0,26008.634765625
2018-04-17,28236,29589.0,0.0,62.794871794871796,12.9,0.0,1494,1,30569.919921875
2018-04-18,23499,28236.0,0.0,72.25641025641026,12.4,0.0,1616,2,28736.537109375
2018-04-19,20400,23499.0,0.0,83.23076923076924,14.0,0.0,1492,3,23562.998046875
2018-04-21,33144,28351.0,0.0,76.43589743589743,18.7,0.0,3244,5,
2018-04-22,8095,33144.0,15.5,40.12820512820513,15.5,0.0,951,6,
2018-04-23,1037,8095.0,59.0,9.666666666666666,9.3,0.0,304,0,381.38934326171875
2018-04-24,24560,1037.0,3.0,10.435897435897436,12.1,0.0,959,1,25543.328125
2018-04-25,33728,24560.0,0.0,37.5,14.6,0.0,1819,2,34490.11328125
2018-04-26,32547,33728.0,0.0,48.07692307692307,14.9,0.0,1848,3,34838.46484375
2018-04-27,32989,32547.0,0.0,60.10256410256411,15.7,0.0,2156,4,34892.87890625
2018-04-28,33738,32989.0,0.0,63.256410256410255,15.4,0.0,3379,5,33319.453125
2018-04-29,35159,33738.0,0.0,56.51282051282051,16.2,0.0,3909,6,35333.83203125
2018-04-30,32629,35159.0,0.0,84.71794871794873,19.2,0.0,2058,0,35786.15234375
2018-05-01,34593,32629.0,0.0,63.48717948717949,20.4,0.0,2765,1,40675.3671875
2018-05-02,8374,34593.0,12.0,46.20512820512821,15.1,0.0,651,2,13417.970703125
2018-05-03,25963,8374.0,1.0,31.512820512820515,11.2,0.0,1095,3,18131.935546875
2018-05-04,34058,25963.0,0.0,47.56410256410256,14.1,0.0,1685,4,33579.6484375
2018-05-05,37389,34058.0,0.0,42.717948717948715,18.3,1.0,3764,5,36655.8828125
2018-05-06,19809,37389.0,22.0,15.589743589743593,16.6,0.0,2288,6,23081.986328125
2018-05-07,40026,19809.0,0.0,38.51282051282049,19.2,1.0,4565,0,40370.62109375
2018-05-08,33738,40026.0,0.0,20.384615384615387,17.5,0.0,1891,1,35534.0234375
2018-05-09,37851,33738.0,0.0,23.71794871794872,15.7,0.0,2240,2,37629.31640625
2018-05-10,36549,37851.0,0.0,44.10256410256411,15.4,0.0,1917,3,35782.5078125
2018-05-11,33923,36549.0,0.0,63.07692307692307,16.1,0.0,1830,4,35648.9921875
2018-05-12,3551,33923.0,32.0,33.46153846153846,14.2,0.0,536,5,3630.506591796875
2018-05-13,35668,3551.0,0.5,25.33333333333333,15.8,0.0,3407,6,35234.80078125
2018-05-15,36476,35918.0,0.0,78.8205128205128,23.2,0.0,1659,1,
2018-05-16,7072,36476.0,45.0,36.20512820512821,22.3,0.0,634,2,
2018-05-17,3802,7072.0,83.0,16.102564102564102,20.9,0.0,312,3,3310.738037109375
2018-05-20,39036,43471.0,0.0,12.333333333333336,17.0,0.0,3902,6,
2018-05-21,42039,39036.0,0.0,10.871794871794872,17.8,0.0,2984,0,
2018-05-27,39534,37761.0,0.0,68.33333333333333,20.3,0.0,3521,6,
2018-05-28,40775,39534.0,0.0,52.43589743589744,22.3,0.0,2067,0,
2018-06-01,41970,41619.0,0.0,44.153846153846146,23.8,0.0,2109,4,
2018-06-02,41677,41970.0,0.0,51.97435897435897,23.4,0.0,3513,5,
2018-06-04,44014,40565.0,0.0,43.53846153846154,22.6,0.0,2180,0,
2018-06-05,44118,44014.0,0.0,41.74358974358975,23.7,0.0,2184,1,
2018-06-22,47478,47762.0,0.0,51.714285714285715,25.0,0.0,3335,4,
2018-06-26,6391,46565.0,71.5,63.2,22.3,0.0,635,1,
2018-06-30,26911,42765.0,14.5,53.82352941176471,24.4,0.0,2094,5,
2018-07-01,4358,26911.0,83.5,13.088235294117649,21.9,0.0,689,6,
2018-07-02,6261,4358.0,59.5,11.028571428571427,22.6,0.0,530,0,14565.8857421875
2018-07-03,41350,6261.0,0.1,13.114285714285714,27.4,0.0,2254,1,36619.5234375
2018-07-06,49521,39804.0,0.0,8.194444444444445,23.9,0.0,3099,4,
2018-07-07,48015,49521.0,0.0,9.472222222222221,23.7,0.0,5428,5,
2018-07-08,48132,48015.0,0.0,12.694444444444445,23.3,0.0,5706,6,49101.6953125
2018-07-09,8155,48132.0,14.0,10.555555555555557,20.8,0.0,895,0,13711.0732421875
2018-07-10,27956,8155.0,16.5,23.19444444444445,23.7,0.0,1347,1,27307.626953125
2018-07-11,35390,27956.0,3.0,33.416666666666664,26.8,0.0,1856,2,36556.08203125
2018-07-12,43611,35390.0,1.0,27.76315789473684,26.6,0.0,2372,3,41478.81640625
2018-07-13,44976,43611.0,0.0,22.578947368421048,27.3,0.0,2539,4,46065.34765625
2018-07-14,39205,44976.0,0.0,21.394736842105264,27.9,0.0,3446,5,42439.63671875
2018-07-15,34957,39205.0,0.0,23.315789473684212,28.3,0.0,2937,6,33258.35546875
2018-07-16,40964,34957.0,0.0,27.394736842105264,28.7,0.0,2161,0,44104.2421875
2018-07-17,43323,40964.0,0.0,31.35897435897436,28.1,1.0,2133,1,40155.234375
2018-07-18,42609,43323.0,0.0,36.692307692307686,28.2,0.0,2123,2,43039.0859375
2018-07-19,42316,42609.0,0.0,31.71794871794872,28.7,0.0,2194,3,46309.921875
2018-07-20,40337,42316.0,0.0,38.05128205128205,29.5,0.0,2069,4,42137.1484375
2018-07-21,32360,40337.0,0.0,39.92307692307692,30.6,0.0,2270,5,33742.3515625
2018-07-22,28250,32360.0,0.0,30.41025641025641,31.8,0.0,1949,6,28585.552734375
2018-07-23,38003,28250.0,0.0,32.871794871794876,31.7,0.0,1643,0,37858.87109375
2018-07-24,37486,38003.0,0.0,43.71794871794872,31.4,0.0,1524,1,40057.33203125
2018-07-25,39225,37486.0,0.0,33.25641025641025,30.1,0.0,1606,2,37981.5546875
2018-07-26,37796,39225.0,0.0,42.1578947368421,30.1,0.0,1592,3,40120.40625
2018-07-27,34985,37796.0,0.0,49.526315789473685,30.9,0.0,1352,4,35644.6171875
2018-07-28,24649,34985.0,7.5,40.631578947368425,29.5,0.0,1417,5,25856.56640625
2018-07-29,28317,24649.0,0.0,19.763157894736842,31.3,0.0,1918,6,30148.3125
2018-07-30,36701,28317.0,0.0,11.384615384615385,31.7,0.0,1696,0,38772.703125
2018-07-31,35262,36701.0,0.0,18.974358974358974,32.6,0.0,1463,1,38729.94140625
2018-08-01,31169,35262.0,0.0,34.55263157894737,33.6,0.0,1153,2,30850.17578125
2018-08-02,31321,31169.0,0.0,33.31578947368421,33.7,0.0,1173,3,31906.029296875
2018-08-03,31646,31321.0,0.0,46.55263157894736,33.1,0.0,1192,4,31196.46875
2018-08-04,28174,31646.0,0.0,28.102564102564106,31.1,0.0,1613,5,28566.96875
2018-08-05,26989,28174.0,2.0,28.025641025641022,30.0,0.0,1636,6,25378.033203125
2018-08-06,29113,26989.0,6.5,33.58974358974359,30.5,0.0,1161,0,30456.126953125
2018-08-07,36983,29113.0,0.0,20.846153846153847,30.5,0.0,1352,1,36553.0859375
2018-08-08,37140,36983.0,0.0,27.461538461538463,31.0,0.0,1394,2,36978.69921875
2018-08-09,32216,37140.0,2.0,26.28205128205128,28.8,0.0,1024,3,30652.412109375
2018-08-10,36178,32216.0,0.0,17.46153846153846,30.7,0.0,1298,4,37536.23828125
2018-08-11,31293,36178.0,0.0,12.17948717948718,31.0,0.0,1991,5,36369.0234375
2018-08-12,27363,31293.0,5.0,16.41025641025641,30.6,0.0,1892,6,26547.00390625
2018-08-13,36076,27363.0,1.0,33.94871794871795,30.5,0.0,1510,0,35614.45703125
2018-08-14,37659,36076.0,0.0,29.461538461538463,31.7,0.0,1581,1,40849.50390625
2018-08-15,29270,37659.0,1.0,30.33333333333333,31.7,1.0,1792,2,36280.48046875
2018-08-16,41358,29270.0,0.0,17.615384615384613,29.9,0.0,1905,3,36450.8125
2018-08-17,47634,41358.0,0.0,14.589743589743593,27.2,0.0,2799,4,50445.71484375
2018-08-18,45629,47634.0,0.0,17.205128205128204,26.7,0.0,4676,5,50576.15234375
2018-08-19,42281,45629.0,0.0,24.89743589743589,28.2,0.0,4211,6,41004.75390625
2018-08-20,44243,42281.0,0.0,38.384615384615394,29.1,0.0,2341,0,44876.7578125
2018-08-21,41964,44243.0,5.0,24.256410256410252,26.6,0.0,2348,1,48153.171875
2018-08-22,42425,41964.0,0.0,26.487179487179485,30.7,0.0,1817,2,39746.2109375
2018-08-23,23616,42425.0,3.0,14.743589743589745,29.4,0.0,805,3,28209.26953125
2018-08-24,17319,23616.0,7.5,9.820512820512821,24.4,0.0,948,4,23362.8125
2018-08-25,47109,17319.0,0.0,25.23076923076923,25.2,0.0,4274,5,40692.03125
2018-08-26,32200,47109.0,2.0,18.871794871794872,23.2,0.0,2941,6,32838.453125
2018-08-27,23382,32200.0,19.5,10.897435897435901,22.7,0.0,1295,0,24961.037109375
2018-08-28,13495,23382.0,96.5,11.846153846153848,23.7,0.0,611,1,11825.4541015625
2018-08-29,13001,13495.0,42.0,15.461538461538465,25.2,0.0,557,2,11728.787109375
2018-08-30,33158,13001.0,9.5,28.794871794871803,25.3,0.0,1393,3,31039.3984375
2018-08-31,46101,33158.0,0.1,25.615384615384606,25.6,0.0,2563,4,44031.06640625
2018-09-01,43847,46101.0,0.0,20.33333333333333,25.5,0.0,3760,5,46458.24609375
2018-09-02,48427,43847.0,0.0,14.384615384615385,25.1,0.0,4875,6,47463.296875
2018-09-03,16086,48427.0,34.5,17.153846153846153,23.3,0.0,913,0,11415.3173828125
2018-09-04,50500,16086.0,0.0,18.512820512820515,23.2,0.0,2818,1,54742.28125
2018-09-05,53984,50500.0,0.0,28.315789473684212,24.0,0.0,3141,2,56229.953125
2018-09-06,46532,53984.0,1.0,37.131578947368425,24.1,0.0,2264,3,48561.84375
2018-09-07,53230,46532.0,0.5,27.86842105263158,22.0,0.0,3292,4,56241.234375
2018-09-08,55470,53230.0,0.0,25.63888888888889,21.7,0.0,6355,5,59013.91015625
2018-09-09,54213,55470.0,0.0,22.88888888888889,22.2,0.0,6298,6,56340.6953125
2018-09-10,55188,54213.0,0.0,13.361111111111107,22.9,0.0,3340,0,57430.375
2018-09-11,56212,55188.0,0.0,14.444444444444445,21.6,0.0,3002,1,60809.59765625
2018-09-12,57363,56212.0,0.0,17.25,22.8,0.0,3283,2,62118.8671875
2018-09-13,55791,57363.0,0.0,19.805555555555557,23.5,0.0,2963,3,56846.78125
2018-09-14,49383,55791.0,0.5,20.055555555555557,23.5,0.0,2650,4,53665.453125
2018-09-15,44808,49383.0,0.2,14.083333333333336,23.3,0.0,3810,5,48026.8984375
2018-09-16,24317,44808.0,2.0,38.97222222222222,22.2,0.0,2127,6,27538.744140625
2018-09-17,55335,24317.0,0.1,29.472222222222214,22.3,0.0,2983,0,50623.92578125
2018-09-18,57691,55335.0,0.0,37.77777777777778,22.0,0.0,2825,1,59344.984375
2018-09-19,44096,57691.0,0.2,41.5,22.1,0.0,2112,2,52069.99609375
2018-09-20,23616,44096.0,5.0,16.857142857142858,19.0,0.0,951,3,25543.578125
2018-09-21,32242,23616.0,18.0,9.083333333333334,19.4,0.0,1604,4,32051.87109375
2018-09-22,49688,32242.0,6.5,33.138888888888886,20.8,0.0,4927,5,51810.421875
2018-09-23,38635,49688.0,0.0,29.777777777777786,19.4,1.0,4603,6,45811.90234375
2018-09-24,36406,38635.0,0.0,14.416666666666664,17.6,1.0,5406,0,41223.03125
2018-09-25,49595,36406.0,0.0,14.722222222222221,17.8,1.0,6973,1,51636.42578125
2018-09-26,57730,49595.0,0.0,8.833333333333334,19.4,1.0,7149,2,58370.23828125
2018-09-27,58200,57730.0,0.0,10.055555555555557,18.9,0.0,3800,3,59345.6171875
2018-09-28,59649,58200.0,0.0,14.542857142857144,17.5,0.0,3650,4,61293.12109375
2018-09-29,63866,59649.0,0.0,16.885714285714286,20.2,0.0,7170,5,63506.5703125
2018-09-30,55893,63866.0,0.0,21.62857142857143,17.6,0.0,5862,6,58507.16796875
2018-10-01,51808,55893.0,0.0,17.705882352941178,15.4,0.0,2474,0,52047.1796875
2018-10-02,57280,51808.0,0.0,26.457142857142852,15.9,0.0,2812,1,64405.0546875
2018-10-03,64671,57280.0,0.0,28.17142857142857,17.3,1.0,6966,2,67035.8828125
2018-10-04,59413,64671.0,0.0,23.4,19.3,0.0,2946,3,62747.3359375
2018-10-05,7772,59413.0,36.5,11.457142857142856,16.9,0.0,606,4,9808.255859375
2018-10-06,32510,7772.0,55.5,6.914285714285715,18.0,0.0,3206,5,35009.25390625
2018-10-07,57873,32510.0,0.0,27.857142857142854,16.4,0.0,6099,6,63369.4140625
2018-10-08,57247,57873.0,0.0,23.82857142857143,14.8,0.0,3722,0,58834.22265625
2018-10-09,61525,57247.0,0.0,26.82857142857143,15.3,1.0,5278,1,62627.30078125
2018-10-10,44876,61525.0,7.0,19.65714285714286,12.0,0.0,1672,2,44803.375
2018-10-11,44489,44876.0,0.0,18.314285714285713,9.7,0.0,1499,3,47454.71484375
2018-10-12,48529,44489.0,0.0,25.457142857142852,10.9,0.0,2032,4,53544.81640625
2018-10-13,49203,48529.0,0.0,35.42857142857143,12.5,0.0,3690,5,50604.67578125
2018-10-14,49025,49203.0,0.0,36.02857142857143,13.2,0.0,4071,6,47671.796875
2018-10-15,49503,49025.0,0.0,63.14285714285714,15.2,0.0,2109,0,52773.0078125
2018-10-16,51236,49503.0,0.0,50.914285714285704,14.5,0.0,1876,1,52508.296875
2018-10-17,49795,51236.0,0.0,36.142857142857146,12.4,0.0,1841,2,51748.4375
2018-10-18,49560,49795.0,0.0,16.714285714285715,12.7,0.0,1702,3,48482.1953125
2018-10-19,52122,49560.0,0.0,20.527777777777786,13.1,0.0,2271,4,57011.76171875
2018-10-20,49815,52122.0,0.0,40.48648648648648,13.4,0.0,3721,5,51525.25
2018-10-21,48346,49815.0,0.0,38.83783783783785,13.4,0.0,3960,6,47943.515625
2018-10-22,49889,48346.0,0.0,53.45945945945946,14.0,0.0,2068,0,52572.875
2018-10-23,40223,49889.0,5.0,53.91891891891893,12.2,0.0,1304,1,42728.53515625
2018-10-24,50343,40223.0,0.0,43.0,12.5,0.0,1777,2,50118.453125
2018-10-25,52181,50343.0,0.0,41.51351351351352,13.8,0.0,1932,3,53898.96484375
2018-10-26,24308,52181.0,11.0,36.44736842105263,12.2,0.0,968,4,29716.2890625
2018-10-27,33699,24308.0,0.0,26.947368421052627,8.7,0.0,1706,5,33089.55078125
2018-10-28,20882,33699.0,5.5,15.052631578947368,8.3,0.0,1170,6,23024.875
2018-10-29,36107,20882.0,0.0,18.297297297297305,7.2,0.0,870,0,31401.21875
2018-10-30,37382,36107.0,0.0,22.297297297297305,6.1,0.0,843,1,37407.05859375
2018-10-31,39009,37382.0,0.0,22.97297297297297,7.4,0.0,929,2,37977.13671875
2018-11-01,41911,39009.0,0.0,36.56756756756757,8.4,0.0,1381,3,46338.99609375
2018-11-02,44917,41911.0,0.0,44.714285714285715,10.6,0.0,1549,4,43854.2578125
2018-11-03,40640,44917.0,0.0,54.64285714285714,11.2,0.0,2563,5,43300.12890625
2018-11-04,39973,40640.0,0.0,45.66666666666666,11.6,0.0,2790,6,39752.96875
2018-11-05,43870,39973.0,0.0,60.04761904761904,11.9,0.0,1408,0,43697.265625
2018-11-06,39680,43870.0,0.0,103.04761904761904,12.2,0.0,1091,1,44027.828125
2018-11-07,29492,39680.0,2.0,66.21428571428571,12.8,0.0,748,2,33772.69140625
2018-11-08,2730,29492.0,64.0,9.857142857142858,11.8,0.0,281,3,2219.53857421875
2018-11-09,34673,2730.0,1.0,41.62790697674419,12.1,0.0,943,4,33945.50390625
2018-11-10,34194,34673.0,0.0,73.4186046511628,11.9,0.0,1714,5,34582.9765625
2018-11-11,23926,34194.0,0.0,69.0,8.1,0.0,1093,6,24648.228515625
2018-11-12,38706,23926.0,0.0,32.56818181818182,8.1,0.0,972,0,35859.43359375
2018-11-13,40263,38706.0,0.0,42.95454545454545,8.8,0.0,1012,1,41938.8046875
2018-11-14,41973,40263.0,0.0,36.79545454545455,9.8,0.0,1057,2,40233.2421875
2018-11-15,39702,41973.0,0.0,50.93181818181818,9.7,0.0,995,3,41419.53125
2018-11-16,37629,39702.0,0.0,58.22727272727273,8.8,0.0,962,4,38449.0625
2018-11-17,28167,37629.0,0.0,32.54545454545455,4.9,0.0,1243,5,31209.404296875
2018-11-18,26464,28167.0,0.0,37.67441860465117,6.1,0.0,1330,6,27707.927734375
2018-11-19,34352,26464.0,0.0,58.86363636363637,6.5,0.0,810,0,34696.1328125
2018-11-20,34855,34352.0,0.2,47.0,6.5,0.0,766,1,35697.3359375
2018-11-21,28140,34855.0,1.0,35.04545454545455,5.8,0.0,515,2,30218.62109375
2018-11-22,29239,28140.0,0.0,22.454545454545453,2.3,0.0,513,3,28775.5546875
2018-11-23,28620,29239.0,0.0,25.15909090909091,1.9,0.0,573,4,29357.8125
2018-11-24,11255,28620.0,10.9,23.20454545454545,2.6,0.0,367,5,13326.2607421875
2018-11-25,19946,11255.0,0.0,46.80952380952381,4.8,0.0,922,6,21889.951171875
2018-11-26,30698,19946.0,0.0,64.68888888888888,6.3,0.0,661,0,27041.216796875
2018-11-27,28806,30698.0,0.0,120.08888888888887,7.1,0.0,455,1,29852.650390625
2018-11-28,29177,28806.0,0.0,122.77777777777777,5.0,0.0,567,2,29914.138671875
2018-11-29,28977,29177.0,0.0,78.02222222222224,3.5,0.0,542,3,31115.3125
2018-11-30,28557,28977.0,0.0,63.977777777777774,2.7,0.0,598,4,29704.56640625
2018-12-01,24622,28557.0,0.0,48.111111111111114,5.5,0.0,1002,5,26805.083984375
2018-12-02,23035,24622.0,0.0,49.33333333333334,8.2,0.0,1058,6,22961.876953125
2018-12-03,10638,23035.0,9.5,41.444444444444436,11.5,0.0,339,0,21016.330078125
2018-12-04,20029,10638.0,5.0,35.71111111111111,6.7,0.0,427,1,17471.6640625
2018-12-05,23535,20029.0,0.0,28.644444444444453,0.0,0.0,430,2,20831.529296875
2018-12-06,23788,23535.0,0.0,38.6,2.4,0.0,386,3,22660.62890625
2018-12-07,15148,23788.0,0.0,22.288888888888888,-7.3,0.0,175,4,17391.59765625
2018-12-08,9824,15148.0,0.0,24.11111111111111,-8.3,0.0,187,5,13115.5859375
2018-12-09,8749,9824.0,0.0,23.022222222222233,-7.2,0.0,197,6,10910.9384765625
2018-12-10,17987,8749.0,0.0,36.266666666666666,-2.5,0.0,231,0,15979.8466796875
2018-12-11,20805,17987.0,0.0,41.91111111111111,0.2,0.0,300,1,19266.0859375
2018-12-12,19339,20805.0,0.0,45.46666666666667,-1.9,0.0,263,2,20031.189453125
2018-12-13,11765,19339.0,1.3,39.55555555555557,-2.2,0.0,152,3,17365.787109375
2018-12-14,14932,11765.0,0.0,33.39130434782609,-4.4,0.0,214,4,14184.625
2018-12-15,12720,14932.0,0.0,56.23913043478261,-2.4,0.0,313,5,14041.431640625
2018-12-16,10783,12720.0,0.3,52.69565217391305,0.0,0.0,315,6,11657.4931640625
2018-12-17,17449,10783.0,0.3,74.56521739130434,1.6,0.0,321,0,17279.494140625
2018-12-18,20917,17449.0,0.0,46.23913043478261,2.6,0.0,416,1,19742.361328125
2018-12-19,21970,20917.0,0.0,54.23913043478261,4.0,0.0,429,2,20910.97265625
2018-12-20,22881,21970.0,0.0,58.6304347826087,3.4,0.0,539,3,23696.138671875
2018-12-21,23422,22881.0,0.0,76.30434782608695,5.6,0.0,798,4,26539.208984375
2018-12-22,17127,23422.0,0.0,86.8913043478261,6.9,0.0,636,5,17643.396484375
2018-12-23,13601,17127.0,0.0,52.0,2.4,0.0,599,6,15375.796875
2018-12-24,16579,13601.0,0.0,23.217391304347824,-2.3,0.0,338,0,18285.837890625
2018-12-25,12437,16579.0,0.0,34.02173913043478,0.6,1.0,497,1,16652.525390625
2018-12-26,17112,12437.0,0.0,50.93478260869565,-1.5,0.0,338,2,17112.7265625
2018-12-27,11325,17112.0,0.0,26.67391304347826,-10.1,0.0,159,3,15288.21484375
2018-12-28,10445,11325.0,0.0,35.69565217391305,-10.5,0.0,150,4,12540.267578125
2018-12-29,8083,10445.0,0.0,37.71739130434783,-7.6,0.0,168,5,10234.58203125
2018-12-30,7864,8083.0,0.0,32.13043478260869,-6.8,0.0,223,6,8745.921875
2018-12-31,11911,7864.0,0.0,46.73913043478261,-5.4,0.0,245,0,13756.2509765625
2019-01-01,8601,11911.0,0.0,38.76086956521739,-5.0,1.0,371,1,11033.8828125
2019-01-02,14360,8601.0,0.0,33.869565217391305,-4.9,0.0,295,2,14052.00390625
2019-01-03,16344,14360.0,0.0,39.08695652173913,-3.5,0.0,342,3,15531.2265625
2019-01-04,17308,16344.0,0.0,58.32608695652174,-1.1,0.0,352,4,17211.259765625
2019-01-05,12380,17308.0,0.0,64.54347826086956,-2.8,0.0,389,5,14393.244140625
2019-01-06,11094,12380.0,0.0,50.76086956521739,-2.8,0.0,455,6,13122.6279296875
2019-01-07,16795,11094.0,0.0,54.82608695652174,-1.9,0.0,345,0,17328.40234375
2019-01-08,15833,16795.0,0.0,41.56521739130435,-3.5,0.0,329,1,17907.212890625
2019-01-09,15819,15833.0,0.0,50.3695652173913,-4.7,0.0,305,2,16489.458984375
2019-01-10,17894,15819.0,0.0,56.97826086956522,-0.6,0.0,361,3,17972.861328125
2019-01-11,19271,17894.0,0.0,76.78260869565217,2.4,0.0,462,4,20302.12109375
2019-01-12,14519,19271.0,0.0,93.93478260869566,2.8,0.0,576,5,16533.51171875
2019-01-13,11751,14519.0,0.0,109.19565217391305,1.2,0.0,534,6,14610.7705078125
2019-01-14,14818,11751.0,0.0,161.52173913043478,1.4,0.0,310,0,18761.01171875
2019-01-15,14761,14818.0,0.0,137.34782608695653,-1.7,0.0,303,1,19064.587890625
2019-01-16,15823,14761.0,0.0,47.71739130434783,-5.2,0.0,317,2,17510.798828125
2019-01-17,17960,15823.0,0.0,44.1304347826087,-0.3,0.0,386,3,17597.193359375
2019-01-18,18901,17960.0,0.0,56.5,0.6,0.0,412,4,18948.462890625
2019-01-19,14883,18901.0,0.0,93.04347826086956,3.6,0.0,585,5,17039.88671875
2019-01-20,11191,14883.0,0.0,67.91304347826087,-1.4,0.0,453,6,13663.7275390625
2019-01-21,17240,11191.0,0.0,43.10869565217392,-1.2,0.0,380,0,17920.751953125
2019-01-22,19885,17240.0,0.0,65.47826086956522,1.7,0.0,526,1,20912.408203125
2019-01-23,19163,19885.0,0.0,76.52173913043478,2.0,0.0,525,2,20246.158203125
2019-01-24,20057,19163.0,0.0,42.82608695652174,0.1,0.0,527,3,20159.69921875
2019-01-25,18159,20057.0,0.0,48.30434782608695,-1.2,0.0,437,4,19646.9609375
2019-01-26,13203,18159.0,0.0,42.23913043478261,-2.5,0.0,484,5,15063.8603515625
2019-01-27,12440,13203.0,0.0,37.80434782608695,-0.1,0.0,568,6,13825.244140625
2019-01-28,17317,12440.0,0.0,84.8913043478261,1.2,0.0,419,0,18994.958984375
2019-01-29,19477,17317.0,0.0,69.6086956521739,-0.2,0.0,475,1,19975.2578125
2019-01-30,20677,19477.0,0.0,63.04347826086956,1.8,0.0,544,2,20583.5078125
2019-01-31,17649,20677.0,0.0,74.1304347826087,-2.0,0.0,390,3,20358.3515625
2019-02-01,17696,17649.0,0.3,39.23913043478261,-2.1,0.0,334,4,17550.2421875
2019-02-02,13742,17696.0,0.0,57.69565217391305,1.4,0.0,486,5,16365.830078125
2019-02-03,2010,13742.0,16.0,36.60869565217392,3.3,0.0,160,6,5896.34716796875
2019-02-04,8562,2010.0,0.0,73.28260869565217,-0.6,1.0,496,0,12024.017578125
2019-02-05,9119,8562.0,0.0,85.02173913043478,2.8,1.0,725,1,10340.0078125
2019-02-06,13694,9119.0,0.0,95.58695652173913,5.1,1.0,865,2,11399.0224609375
2019-02-07,14533,13694.0,0.5,62.3695652173913,-2.1,0.0,437,3,15338.1982421875
2019-02-08,14782,14533.0,0.0,31.108695652173914,-6.1,0.0,328,4,14489.1640625
2019-02-09,11760,14782.0,0.0,34.68888888888889,-5.4,0.0,376,5,12638.6083984375
2019-02-10,9759,11760.0,0.0,41.77777777777778,-5.0,0.0,415,6,11900.734375
2019-02-11,16881,9759.0,0.0,38.888888888888886,-3.0,0.0,431,0,17457.509765625
2019-02-12,18862,16881.0,0.0,58.91304347826087,-0.6,0.0,432,1,18743.740234375
2019-02-13,18411,18862.0,0.0,39.19565217391305,-2.1,0.0,385,2,18366.408203125
2019-02-14,19376,18411.0,0.0,52.02173913043478,-0.5,0.0,493,3,20980.521484375
2019-02-15,9213,19376.0,2.2,39.43478260869565,-0.8,0.0,290,4,16047.9794921875
2019-02-16,12641,9213.0,0.2,60.1304347826087,-2.7,0.0,493,5,11402.4794921875
2019-02-17,13390,12641.0,0.0,36.23913043478261,-1.8,0.0,693,6,13593.7822265625
2019-02-18,19916,13390.0,0.0,42.80434782608695,0.9,0.0,601,0,19254.267578125
2019-02-19,11689,19916.0,4.6,42.71739130434783,1.4,0.0,369,1,16778.345703125
2019-02-20,19572,11689.0,0.0,58.02173913043478,1.7,0.0,582,2,16757.87890625
2019-02-21,20995,19572.0,0.0,78.23913043478261,2.4,0.0,666,3,21961.048828125
2019-02-22,21727,20995.0,0.0,73.3913043478261,4.0,0.0,725,4,22159.203125
2019-02-23,23742,21727.0,0.0,55.69565217391305,6.8,0.0,1636,5,24447.140625
2019-02-24,21933,23742.0,0.0,60.23913043478261,6.3,0.0,1912,6,23763.3671875
2019-02-25,23445,21933.0,0.0,84.04347826086956,4.7,0.0,970,0,25533.521484375
2019-02-26,28010,23445.0,0.0,53.34782608695652,5.2,0.0,1289,1,29704.654296875
2019-02-27,28652,28010.0,0.0,70.76086956521739,7.8,0.0,1228,2,27927.23828125
2019-02-28,27431,28652.0,0.0,89.04347826086956,6.6,0.0,1261,3,30154.328125
2019-03-01,21751,27431.0,0.0,118.58695652173913,6.6,1.0,1518,4,24268.705078125
2019-03-02,22503,21751.0,0.0,121.08695652173913,7.8,0.0,1527,5,22838.2109375
2019-03-03,24382,22503.0,0.0,100.95652173913044,9.4,0.0,1850,6,23806.95703125
2019-03-04,26887,24382.0,0.0,166.52173913043478,9.9,0.0,1074,0,28299.21484375
2019-03-05,24042,26887.0,0.0,188.8260869565217,8.4,0.0,701,1,27040.54296875
2019-03-06,25379,24042.0,0.0,145.02173913043478,8.4,0.0,698,2,24696.7265625
2019-03-07,31156,25379.0,0.0,58.6304347826087,7.0,0.0,1096,3,32240.869140625
2019-03-08,33073,31156.0,0.0,52.1304347826087,6.1,0.0,1280,4,33006.37890625
2019-03-14,30997,28653.0,0.0,42.06521739130435,5.0,0.0,915,3,
2019-03-15,20481,30997.0,3.5,69.91304347826087,5.5,0.0,722,4,
2019-03-18,36313,35622.0,0.0,40.130434782608695,7.1,0.0,1531,0,
2019-03-19,39908,36313.0,0.0,64.1086956521739,10.0,0.0,1690,1,
2019-03-20,16204,39908.0,16.5,97.46666666666668,10.3,0.0,620,2,20075.263671875
2019-03-21,26455,16204.0,3.3,33.0,7.1,0.0,834,3,25955.990234375
2019-03-22,32363,26455.0,0.0,39.26086956521739,3.3,0.0,1055,4,31569.09375
2019-03-23,21696,32363.0,1.7,25.32608695652174,3.3,0.0,1245,5,25885.34765625
2019-03-24,31622,21696.0,0.0,28.347826086956523,4.3,0.0,2868,6,33933.1875
2019-03-25,34226,31622.0,0.0,48.02173913043478,7.3,0.0,1179,0,31263.41796875
2019-03-26,42644,34226.0,0.0,58.19565217391305,11.4,0.0,1869,1,43764.625
2019-03-27,35832,42644.0,0.0,90.80434782608695,11.6,0.0,1173,2,35409.66796875
2019-03-28,38806,35832.0,0.0,85.58695652173913,9.4,0.0,1441,3,39544.00390625
2019-03-29,43893,38806.0,0.0,40.19565217391305,9.2,0.0,2036,4,45501.265625
2019-03-30,14001,43893.0,1.8,35.15217391304348,5.2,0.0,858,5,22031.5390625
2019-03-31,22326,14001.0,0.0,43.65217391304348,4.4,0.0,1369,6,22617.81640625
2019-04-01,37660,22326.0,0.0,25.32608695652174,5.5,0.0,1399,0,37173.23046875
2019-04-02,42029,37660.0,0.0,32.78260869565217,6.7,0.0,1721,1,44446.23828125
2019-04-03,43257,42029.0,0.0,39.84782608695652,7.6,0.0,1736,2,42831.99609375
2019-04-04,45681,43257.0,0.0,36.869565217391305,9.2,0.0,1921,3,46516.26953125
2019-04-05,45643,45681.0,0.0,79.30434782608695,11.4,0.0,2403,4,50167.0234375
2019-04-06,25902,45643.0,0.8,64.45652173913044,9.3,0.0,1697,5,31277.064453125
2019-04-07,55943,25902.0,0.0,38.19565217391305,12.6,0.0,6689,6,56613.12109375
2019-04-08,52643,55943.0,0.0,38.21739130434783,11.6,0.0,3121,0,51864.34375
2019-04-09,24734,52643.0,17.4,27.5,9.2,0.0,1064,1,27891.619140625
2019-04-10,26421,24734.0,5.6,8.26086956521739,7.1,0.0,967,2,32273.1796875
2019-04-11,51013,26421.0,0.0,28.347826086956523,9.5,0.0,2372,3,52205.1328125
2019-04-12,55125,51013.0,0.0,51.04347826086956,11.4,0.0,3191,4,57032.1484375
2019-04-13,57020,55125.0,0.0,49.5,11.8,0.0,5648,5,57040.21484375
2019-04-14,28467,57020.0,1.7,39.23913043478261,9.6,0.0,2328,6,34924.26171875
2019-04-15,55422,28467.0,0.0,52.91304347826087,11.6,0.0,2833,0,56837.28125
2019-04-16,60566,55422.0,0.0,49.23913043478261,14.9,0.0,3175,1,62066.16015625
2019-04-17,62522,60566.0,0.0,43.21739130434783,15.3,0.0,3356,2,64404.16015625
2019-04-18,50439,62522.0,0.0,38.60869565217392,12.6,0.0,1819,3,47139.30078125
2019-04-19,60925,50439.0,0.0,44.6304347826087,13.8,0.0,3424,4,67071.96875
2019-04-20,51068,60925.0,1.2,45.8695652173913,14.3,0.0,5178,5,57620.203125
2019-04-21,53339,51068.0,0.3,33.45652173913044,14.8,0.0,5605,6,55779.02734375
2019-04-22,63995,53339.0,0.0,90.71739130434784,19.3,0.0,3670,0,62525.68359375
2019-04-23,58811,63995.0,0.0,95.7608695652174,20.4,0.0,2573,1,61600.66015625
2019-04-24,55815,58811.0,4.1,59.04347826086956,19.5,0.0,2902,2,60888.05078125
2019-04-25,22471,55815.0,11.3,41.82608695652174,13.2,0.0,1074,3,28522.103515625
2019-04-26,26484,22471.0,4.9,10.565217391304348,8.4,0.0,1110,4,29422.703125
2019-04-27,65124,26484.0,0.0,18.97826086956522,11.6,0.0,6294,5,60884.39453125
2019-04-28,56012,65124.0,0.0,19.97826086956522,12.9,0.0,5006,6,52239.38671875
2019-04-29,63256,56012.0,0.0,25.30434782608696,13.0,0.0,2861,0,62920.421875
2019-04-30,70213,63256.0,0.0,35.95652173913044,15.5,0.0,3882,1,79074.5390625
2019-05-01,76439,70213.0,0.0,61.5,16.4,0.0,6760,2,80347.359375
2019-05-02,72430,76439.0,0.0,58.21739130434783,17.1,0.0,3957,3,77058.6953125
2019-05-03,73647,72430.0,0.0,60.84782608695652,17.9,0.0,4612,4,76407.3125
2019-05-04,66392,73647.0,0.0,93.04347826086956,19.5,0.0,7015,5,68678.859375
2019-05-05,66911,66392.0,0.0,66.8695652173913,19.2,1.0,8006,6,70289.640625
2019-05-06,74806,66911.0,0.0,34.73913043478261,14.5,1.0,8525,0,74841.7265625
2019-05-07,70506,74806.0,0.0,49.71739130434783,15.0,0.0,3559,1,73684.3515625
2019-05-08,70426,70506.0,0.0,52.89130434782609,15.6,0.0,3181,2,72990.609375
2019-05-09,71707,70426.0,0.0,49.95652173913044,16.6,0.0,3427,3,76945.9296875
2019-05-10,74960,71707.0,0.0,63.73913043478261,17.8,0.0,4157,4,76493.8046875
2019-05-11,76110,74960.0,0.0,68.58695652173913,20.3,0.0,7220,5,72422.3671875
2019-05-12,73318,76110.0,0.0,58.41304347826087,21.6,1.0,7396,6,72462.9609375
2019-05-13,68389,73318.0,0.0,59.06521739130435,18.7,0.0,3199,0,71119.4140625
2019-05-14,78385,68389.0,0.0,46.41304347826087,19.6,0.0,3993,1,84670.078125
2019-05-15,76969,78385.0,0.0,70.19565217391305,20.7,0.0,3712,2,81408.0859375
2019-05-16,75399,76969.0,0.0,69.65217391304348,23.5,0.0,3550,3,80848.7421875
2019-05-17,79158,75399.0,0.0,57.67391304347826,23.6,0.0,3980,4,81519.25
2019-05-18,79583,79158.0,0.0,32.41304347826087,22.8,0.0,6520,5,79219.578125
2019-05-19,12749,79583.0,22.0,14.282608695652176,19.4,0.0,1331,6,13133.4423828125
2019-05-20,72066,12749.0,8.7,39.130434782608695,16.4,0.0,3188,0,73032.96875
2019-05-21,80599,72066.0,0.0,52.97826086956522,17.2,0.0,3595,1,83983.90625
2019-05-22,80735,80599.0,0.0,57.80434782608695,19.5,0.0,3488,2,83705.3515625
2019-05-23,78504,80735.0,0.0,75.23913043478261,22.1,0.0,3290,3,82572.3359375
2019-05-24,77190,78504.0,0.0,85.0,24.2,0.0,3506,4,82582.1484375
2019-05-25,75791,77190.0,0.0,86.21739130434781,23.4,0.0,5715,5,76770.984375
2019-05-26,74327,75791.0,0.0,40.71739130434783,24.5,0.0,6237,6,80111.453125
2019-05-27,30670,74327.0,7.1,23.69565217391305,17.8,0.0,1456,0,35588.5625
2019-05-28,83654,30670.0,0.0,23.5,18.1,0.0,3452,1,83600.59375
2019-05-29,83496,83654.0,0.0,49.97826086956522,20.3,0.0,3213,2,86725.3046875
2019-05-30,73814,83496.0,0.0,48.02,19.6,0.0,2724,3,77228.6328125
2019-05-31,83765,73814.0,0.0,21.86,19.1,0.0,3524,4,84690.1328125
2019-06-01,79878,83765.0,0.0,36.34,18.9,0.0,5874,5,79068.6875
2019-06-02,77091,79878.0,0.0,38.94,21.1,0.0,5877,6,77875.3984375
2019-06-03,82911,77091.0,0.0,40.92,23.1,0.0,3407,0,85654.625
2019-06-04,83576,82911.0,0.0,30.6,22.6,0.0,3005,1,87069.796875
2019-06-05,81515,83576.0,0.0,53.979591836734684,23.0,0.0,3184,2,92083.4609375
2019-06-06,36945,81515.0,7.9,62.72340425531914,21.2,1.0,2316,3,46826.29296875
2019-06-07,54701,36945.0,35.3,13.48936170212766,20.0,0.0,2923,4,59850.58984375
2019-06-08,83736,54701.0,0.0,26.085106382978722,21.9,0.0,5916,5,84587.1328125
2019-06-09,60371,83736.0,2.5,39.91489361702128,21.6,0.0,3697,6,60427.7890625
2019-06-10,63032,60371.0,9.5,11.48936170212766,18.4,0.0,2467,0,64858.75390625
2019-06-11,85776,63032.0,0.0,13.531914893617019,20.5,0.0,3383,1,94292.203125
2019-06-12,83506,85776.0,0.0,32.680851063829785,21.5,0.0,2995,2,83848.140625
2019-06-13,81540,83506.0,0.0,31.818181818181817,23.0,0.0,2944,3,82433.34375
2019-06-14,85533,81540.0,0.0,35.06818181818182,23.0,0.0,3312,4,87511.828125
2019-06-15,71883,85533.0,2.1,37.11363636363637,21.9,0.0,4382,5,74737.140625
2019-06-16,81803,71883.0,0.0,17.045454545454547,22.0,0.0,6425,6,80784.984375
2019-06-17,86987,81803.0,0.0,25.22727272727273,21.7,0.0,3610,0,87164.3671875
2019-06-18,42393,86987.0,13.8,33.02272727272727,20.8,0.0,1625,1,51362.25390625
2019-06-19,79958,42393.0,0.2,34.04545454545455,21.4,0.0,2707,2,82153.5078125
2019-06-20,88226,79958.0,0.0,29.363636363636363,22.7,0.0,3235,3,90454.8984375
2019-06-21,81089,88226.0,0.2,28.65909090909091,22.1,0.0,2952,4,81055.4765625
2019-06-22,85728,81089.0,0.0,12.840909090909092,24.2,0.0,5830,5,86399.1875
2019-06-23,79269,85728.0,0.0,12.590909090909092,25.0,0.0,5721,6,80910.1953125
2019-06-24,88432,79269.0,0.0,22.681818181818183,25.2,0.0,3892,0,94308.65625
2019-06-25,88096,88432.0,0.0,33.34090909090909,25.6,0.0,3384,1,94130.453125
2019-06-26,81274,88096.0,0.0,35.58139534883721,25.5,0.0,2484,2,79894.3125
2019-06-27,79234,81274.0,1.4,21.022727272727273,25.5,0.0,2635,3,83806.515625
2019-06-28,77056,79234.0,0.0,41.61363636363637,24.7,0.0,2566,4,81230.4375
2019-06-29,67346,77056.0,1.5,25.63636363636364,23.1,0.0,3734,5,69851.3828125
2019-06-30,74994,67346.0,0.0,32.56818181818182,23.9,0.0,4311,6,68691.0234375
2019-07-01,92814,74994.0,0.0,35.13636363636363,23.9,0.0,3834,0,96085.109375
2019-07-02,94783,92814.0,0.0,30.88372093023256,24.4,0.0,3508,1,99420.7578125
2019-07-03,94773,94783.0,0.0,33.395348837209305,24.1,0.0,3318,2,97440.7265625
2019-07-04,90397,94773.0,0.0,32.06976744186046,25.4,0.0,3255,3,95258.3671875
2019-07-05,83994,90397.0,0.0,36.04651162790697,27.6,0.0,2912,4,87686.6796875
2019-07-05,83994,18436.0,0.0,36.04651162790697,27.6,0.0,2912,4,
2019-07-06,70246,83994.0,0.0,31.744186046511636,29.7,0.0,3584,5,
2019-07-07,75116,70246.0,0.0,18.372093023255815,26.7,0.0,4350,6,76110.328125
2019-07-08,93609,75116.0,0.0,10.72093023255814,25.1,0.0,3697,0,95498.2421875
2019-07-09,95859,93609.0,0.0,11.55813953488372,25.0,0.0,3491,1,101604.4609375
2019-07-10,43842,95859.0,8.5,11.069767441860463,22.7,0.0,1549,2,53334.04296875
2019-07-11,65003,43842.0,2.9,8.069767441860465,21.9,0.0,1951,3,68528.9453125
2019-07-12,94473,65003.0,0.0,14.414634146341465,23.6,0.0,3143,4,94182.453125
2019-07-13,81067,94473.0,0.0,31.87804878048781,24.9,0.0,4547,5,85399.2421875
2019-07-14,74259,81067.0,0.0,44.073170731707314,25.9,0.0,4204,6,76297.015625
2019-07-15,57917,74259.0,7.7,41.88636363636363,23.8,0.0,1803,0,57662.3359375
2019-07-16,82285,57917.0,6.3,33.15555555555556,24.7,0.0,2475,1,85438.4453125
2019-07-17,84261,82285.0,0.7,61.34090909090909,25.6,1.0,2482,2,84328.6015625
2019-07-18,81613,84261.0,0.0,67.37777777777778,26.9,0.0,2468,3,85494.3359375
2019-07-19,77449,81613.0,0.0,34.4,28.6,0.0,2173,4,83290.6953125
2019-07-20,56648,77449.0,1.1,9.5,28.0,0.0,2313,5,60016.625
2019-07-21,46130,56648.0,6.2,16.068181818181817,25.1,0.0,2240,6,45382.91015625
2019-07-22,82781,46130.0,0.1,46.91666666666666,26.7,0.0,2683,0,84394.6015625
2019-07-23,83206,82781.0,0.0,28.1875,28.1,0.0,2497,1,86053.2734375
2019-07-24,59020,83206.0,1.0,24.47916666666667,26.5,0.0,1598,2,65788.609375
2019-07-25,34778,59020.0,9.7,25.97872340425532,26.3,0.0,901,3,41954.375
2019-07-26,22789,34778.0,60.0,18.617021276595747,25.1,0.0,634,4,9677.486328125
2019-07-27,50955,22789.0,0.6,19.29787234042553,28.4,0.0,2043,5,56032.91015625
2019-07-28,23342,50955.0,25.6,14.851063829787234,26.1,0.0,990,6,23024.85546875
2019-07-29,74046,23342.0,0.5,15.645833333333336,27.5,0.0,2147,0,57847.1796875
2019-07-30,69757,74046.0,1.2,19.5,28.1,0.0,1905,1,73454.5703125
2019-07-31,26874,69757.0,62.3,17.145833333333332,25.8,0.0,762,2,13213.0654296875
2019-08-01,59803,26874.0,26.9,13.816326530612244,26.3,0.0,1711,3,70771.078125
2019-08-02,67510,59803.0,0.0,20.14,28.4,0.0,1950,4,79701.421875
2019-08-03,49047,67510.0,3.0,21.86,29.4,0.0,1893,5,50442.3984375
2019-08-04,46477,49047.0,8.6,29.40816326530612,28.3,0.0,2174,6,42345.91015625
2019-08-05,65085,46477.0,0.0,40.68,30.5,0.0,1706,0,67742.9765625
2019-08-06,66703,65085.0,0.0,30.84,31.6,0.0,1672,1,69907.8671875
2019-08-07,50804,66703.0,8.0,20.58,26.9,0.0,1508,2,57614.39453125
2019-08-08,69748,50804.0,0.0,42.5,28.9,0.0,1871,3,67631.1640625
2019-08-09,67491,69748.0,0.0,28.9,29.8,0.0,1871,4,68275.1171875
2019-08-10,54162,67491.0,0.0,22.76,31.5,0.0,2107,5,56298.9609375
2019-08-11,43351,54162.0,6.7,18.76,30.4,0.0,1782,6,38959.0390625
2019-08-12,24386,43351.0,56.2,18.24,26.6,0.0,725,0,23758.380859375
2019-08-13,63749,24386.0,6.4,25.26,29.2,0.0,1528,1,62462.234375
2019-08-14,65452,63749.0,0.0,20.76,30.4,0.0,1536,2,65712.703125
2019-08-15,32229,65452.0,16.2,9.16,25.9,1.0,1266,3,36184.01953125
2019-08-16,71161,32229.0,0.1,17.86,25.9,0.0,2415,4,74715.984375
2019-08-17,72259,71161.0,0.0,32.7,25.9,0.0,3828,5,76408.828125
2019-08-18,72588,72259.0,0.0,25.489795918367342,25.6,0.0,4425,6,70243.2734375
2019-08-19,81832,72588.0,0.0,26.08,26.3,0.0,3032,0,84233.0703125
2019-08-20,82116,81832.0,0.0,30.8,28.2,0.0,2777,1,89386.125
2019-08-21,56957,82116.0,1.3,32.22,27.0,0.0,1767,2,66393.9140625
2019-08-22,82232,56957.0,0.0,39.020408163265316,26.9,0.0,2650,3,81013.25
2019-08-23,86624,82232.0,0.0,33.224489795918366,26.2,0.0,3316,4,92592.3828125
2019-08-24,85630,86624.0,0.0,24.44897959183673,24.1,0.0,5286,5,85267.265625
2019-08-25,81028,85630.0,0.0,21.166666666666668,25.0,0.0,5437,6,81589.96875
2019-08-26,87770,81028.0,0.0,26.693877551020414,26.4,0.0,3338,0,88862.6953125
2019-08-27,83107,87770.0,20.0,27.530612244897966,25.7,0.0,3214,1,81718.7734375
2019-08-28,88718,83107.0,0.0,31.08163265306123,26.1,0.0,3217,2,103189.984375
2019-08-29,65708,88718.0,36.9,29.44897959183673,23.4,0.0,2148,3,34620.43359375
2019-08-30,86733,65708.0,0.2,20.816326530612248,22.6,0.0,3698,4,110013.5703125
2019-08-31,90724,86733.0,0.0,19.382978723404253,23.5,0.0,6127,5,90428.296875
2019-09-01,89191,90724.0,0.0,20.80851063829787,23.7,0.0,6256,6,86628.609375
2019-09-02,92510,89191.0,0.0,27.10638297872341,24.4,0.0,3512,0,91762.5546875
2019-09-03,74801,92510.0,0.0,24.63829787234043,24.1,0.0,2029,1,74323.4375
2019-09-04,27168,74801.0,22.7,9.0,22.8,0.0,770,2,32658.771484375
2019-09-05,33929,27168.0,36.4,10.644444444444442,23.0,0.0,772,3,39874.19140625
2019-09-06,16631,33929.0,2.4,15.866666666666667,25.3,0.0,675,4,54038.3984375
2019-09-09,68370,52055.0,0.0,37.04255319148936,25.1,0.0,1701,0,
2019-09-10,18265,68370.0,63.2,14.106382978723405,23.8,0.0,792,1,
2019-09-11,75328,18265.0,7.6,9.0,24.3,0.0,2649,2,80304.828125
2019-09-12,32059,75328.0,3.9,12.666666666666664,21.0,1.0,1838,3,55599.171875
2019-09-13,57065,32059.0,0.1,14.375,23.3,1.0,5360,4,54375.00390625
2019-09-14,48756,57065.0,0.3,18.83333333333333,22.4,1.0,3156,5,46195.55078125
2019-09-15,82678,48756.0,0.0,16.416666666666668,24.2,0.0,5576,6,58832.42578125
2019-09-16,89807,82678.0,0.0,13.833333333333336,24.5,0.0,3331,0,81090.2890625
2019-09-17,92153,89807.0,0.0,20.02127659574468,23.5,0.0,3247,1,100494.9140625
2019-09-18,92045,92153.0,0.0,33.829787234042556,21.0,0.0,3392,2,98799.9609375
2019-09-19,91554,92045.0,0.0,29.957446808510642,19.5,0.0,3216,3,88273.328125
2019-09-20,94246,91554.0,0.0,25.22916666666667,19.6,0.0,3419,4,90740.0078125
2019-09-21,86676,94246.0,0.0,16.977272727272727,19.6,0.0,4627,5,82340.5234375
2019-09-22,41173,86676.0,0.4,6.954545454545454,18.6,0.0,1806,6,40353.08984375
2019-09-23,92006,41173.0,0.0,14.41304347826087,20.0,0.0,3035,0,90462.6484375
2019-09-24,93546,92006.0,0.0,24.69565217391305,19.8,0.0,3194,1,96426.9609375
2019-09-25,92665,93546.0,0.0,31.02173913043478,20.9,0.0,3096,2,91767.453125
2019-09-26,92247,92665.0,0.0,27.869565217391305,22.9,0.0,2948,3,90011.6484375
2019-09-27,93345,92247.0,0.0,22.91304347826087,22.9,0.0,3413,4,95915.40625
2019-09-28,89550,93345.0,0.0,28.82608695652174,23.7,0.0,5721,5,91210.96875
2019-09-29,86133,89550.0,0.0,38.34782608695652,22.6,0.0,5664,6,84431.3359375
2019-09-30,88270,86133.0,0.0,52.23913043478261,22.4,0.0,3075,0,86400.3203125
2019-10-01,88575,88270.0,0.0,48.34782608695652,23.1,0.0,2675,1,89711.109375
2019-10-02,27368,88575.0,23.1,24.717391304347824,21.6,0.0,795,2,31709.869140625
2019-10-03,75438,27368.0,4.6,9.173913043478262,22.4,1.0,5045,3,100225.0390625
2019-10-04,94912,75438.0,0.0,26.65217391304348,22.4,0.0,3900,4,89293.7890625
2019-10-05,83020,94912.0,0.6,43.43478260869565,18.7,0.0,4968,5,87618.0859375
2019-10-06,82855,83020.0,0.0,12.08695652173913,18.1,0.0,4830,6,78761.7109375
2019-10-07,21875,82855.0,25.4,11.326086956521738,14.8,0.0,842,0,17513.689453125
2019-10-08,81524,21875.0,0.0,23.82608695652174,14.7,0.0,2205,1,89776.921875
2019-10-09,85638,81524.0,0.0,24.608695652173914,13.6,1.0,5011,2,104944.9296875
2019-10-10,81742,85638.0,0.0,30.47826086956522,15.2,0.0,2024,3,64890.49609375
2019-10-11,92155,81742.0,0.0,36.977777777777774,18.8,0.0,2922,4,92496.1875
2019-10-12,84843,92155.0,0.0,25.630434782608692,17.9,0.0,4367,5,81907.3671875
2019-10-13,84368,84843.0,0.0,19.422222222222214,17.2,0.0,4775,6,77868.671875
2019-10-14,79509,84368.0,0.0,34.93478260869565,14.4,0.0,1955,0,66314.7265625
2019-10-15,85516,79509.0,0.0,21.133333333333333,14.5,0.0,2062,1,82253.46875
2019-10-16,84549,85516.0,0.0,27.97826086956522,14.6,0.0,2063,2,85776.8828125
2019-10-17,85596,84549.0,0.0,30.82608695652174,15.4,0.0,1988,3,75375.4921875
2019-10-18,89551,85596.0,0.0,18.717391304347824,17.0,0.0,2600,4,86965.9765625
2019-10-19,87553,89551.0,0.0,21.727272727272727,17.0,0.0,4405,5,83135.6484375
2019-10-20,79300,87553.0,0.0,37.70454545454545,16.5,0.0,4226,6,73412.8203125
2019-10-21,84488,79300.0,0.0,41.90909090909091,17.1,0.0,2142,0,73810.296875
2019-10-22,88478,84488.0,0.0,40.47826086956522,18.1,0.0,2196,1,86836.8359375
2019-10-23,87991,88478.0,0.0,24.5,17.0,0.0,2005,2,82606.0625
2019-10-24,89520,87991.0,0.0,31.085106382978722,18.3,0.0,2154,3,84512.4296875
2019-10-25,84617,89520.0,0.0,25.39583333333333,16.7,0.0,2323,4,81594.84375
2019-10-26,67578,84617.0,0.0,23.625,10.0,0.0,2621,5,58578.66796875
2019-10-27,65774,67578.0,0.0,25.0625,11.0,0.0,3028,6,59557.375
2019-10-28,67175,65774.0,1.7,30.875,12.9,0.0,1370,0,61589.203125
2019-10-29,71135,67175.0,0.1,104.25,12.5,0.0,1241,1,71638.9765625
2019-10-30,76898,71135.0,0.0,26.125,11.2,0.0,1353,2,65585.2890625
2019-10-31,76860,76898.0,0.0,74.08333333333333,14.8,0.0,1496,3,77869.1484375
2019-11-01,77604,76860.0,0.0,96.20833333333331,14.9,0.0,1969,4,76403.890625
2019-11-02,68223,77604.0,0.0,73.89583333333333,13.6,0.0,2817,5,68490.1953125
2019-11-03,67452,68223.0,0.0,58.25,14.7,0.0,3203,6,66252.6171875
2019-11-04,78874,67452.0,0.0,15.020833333333336,13.8,0.0,1837,0,68263.7109375
2019-11-05,78675,78874.0,0.0,34.875,12.4,0.0,1607,1,75619.453125
2019-11-06,74812,78675.0,0.0,51.0,11.0,0.0,1403,2,69777.578125
2019-11-07,68315,74812.0,0.0,50.14583333333334,9.2,0.0,1166,3,62516.47265625
2019-11-08,65110,68315.0,0.0,44.04166666666666,6.8,0.0,1197,4,60363.578125
2019-11-09,60693,65110.0,0.0,44.25,9.5,0.0,2378,5,61866.6015625
2019-11-10,40503,60693.0,11.8,42.46808510638297,10.0,0.0,1690,6,37292.98828125
2019-11-11,58957,40503.0,1.1,25.04166666666667,11.2,0.0,1111,0,58893.64453125
2019-11-12,68210,58957.0,0.0,40.25,9.3,0.0,1146,1,62719.609375
2019-11-13,39198,68210.0,7.5,36.083333333333336,7.2,0.0,591,2,44832.6171875
2019-11-14,45095,39198.0,0.0,19.3125,1.3,0.0,622,3,46738.4921875
2019-11-15,15069,45095.0,18.8,23.29166666666667,5.6,0.0,376,4,26727.119140625
2019-11-16,45493,15069.0,0.0,32.60465116279069,6.8,0.0,1523,5,38093.390625
2019-11-17,11303,45493.0,21.1,27.34090909090909,8.3,0.0,623,6,16867.6171875
2019-11-18,37496,11303.0,14.7,80.17777777777778,4.6,0.0,538,0,24310.119140625
2019-11-19,40356,37496.0,0.0,30.8,0.2,0.0,414,1,40006.5625
2019-11-20,42026,40356.0,0.0,23.31111111111111,0.5,0.0,527,2,39656.58984375
2019-11-21,47091,42026.0,0.0,38.22222222222222,4.2,0.0,688,3,43926.171875
2019-11-22,56700,47091.0,0.0,45.75555555555553,9.7,0.0,1058,4,50503.12109375
2019-11-23,54283,56700.0,0.0,34.75,12.1,0.0,2216,5,54757.9453125
2019-11-24,24304,54283.0,3.8,31.24444444444445,9.8,0.0,996,6,28735.87890625
2019-11-25,42677,24304.0,0.0,27.04444444444445,1.9,0.0,728,0,43973.546875
2019-11-26,52464,42677.0,0.0,26.318181818181817,6.6,0.0,920,1,49010.41796875
2019-11-27,46248,52464.0,0.0,39.26086956521739,3.1,0.0,688,2,45723.9375
2019-11-28,46983,46248.0,0.0,38.06521739130435,3.5,0.0,712,3,43854.94140625
2019-11-29,44689,46983.0,0.0,45.4375,1.5,0.0,671,4,42829.98046875
2019-11-30,38366,44689.0,0.0,46.319148936170215,4.1,0.0,1100,5,38265.26171875
2019-12-01,9680,38366.0,3.3,40.340425531914896,4.6,0.0,457,6,23387.03515625
2019-12-02,34397,9680.0,0.0,23.36170212765957,-0.1,0.0,521,0,32636.87109375
2019-12-03,33580,34397.0,0.6,28.82978723404255,0.5,0.0,441,1,33346.5234375
2019-12-04,38576,33580.0,0.0,29.936170212765962,2.0,0.0,515,2,33404.74609375
2019-12-05,29277,38576.0,0.0,21.82978723404255,-4.4,0.0,339,3,32759.75390625
2019-12-06,26723,29277.0,0.0,31.4468085106383,-5.9,0.0,315,4,26982.76953125
2019-12-07,23013,26723.0,0.1,46.19565217391305,-2.4,0.0,437,5,23671.193359375
2019-12-08,22597,23013.0,0.0,54.71739130434783,-0.9,0.0,526,6,21500.94140625
2019-12-09,34140,22597.0,0.0,62.8936170212766,3.2,0.0,416,0,31145.873046875
2019-12-10,33275,34140.0,1.7,96.72340425531915,8.1,0.0,482,1,35822.04296875
2019-12-11,34049,33275.0,0.2,80.06382978723406,6.3,0.0,423,2,32404.283203125
2019-12-12,33704,34049.0,0.0,21.177777777777774,-0.7,0.0,472,3,33462.3359375
2019-12-13,34258,33704.0,1.0,29.377777777777766,2.1,0.0,434,4,31597.736328125
2019-12-14,27424,34258.0,0.0,39.55555555555557,2.7,0.0,688,5,29082.6796875
2019-12-15,29692,27424.0,0.0,36.888888888888886,5.3,0.0,1007,6,27410.470703125
2019-12-16,41750,29692.0,0.0,39.30434782608695,7.8,0.0,803,0,39659.1328125
2019-12-17,25644,41750.0,9.8,28.22916666666667,7.7,0.0,448,1,31756.8359375
2019-12-18,34899,25644.0,0.0,38.31914893617022,0.8,0.0,514,2,33017.31640625
2019-12-19,32972,34899.0,0.0,25.85416666666667,-0.8,0.0,430,3,32811.18359375
2019-12-20,32521,32972.0,0.0,29.41666666666667,-1.1,0.0,436,4,30048.697265625
2019-12-21,20302,32521.0,0.6,34.979166666666664,-1.2,0.0,421,5,23581.64453125
2019-12-22,24430,20302.0,0.3,58.29166666666666,4.1,0.0,729,6,23543.06640625
2019-12-23,29028,24430.0,2.9,49.58333333333334,3.4,0.0,449,0,29431.494140625
2019-12-24,33334,29028.0,0.0,69.9375,0.8,0.0,524,1,33668.78125
2019-12-25,22428,33334.0,0.0,51.8936170212766,2.0,1.0,703,2,30402.275390625
2019-12-26,25007,22428.0,0.3,49.65217391304348,2.0,0.0,450,3,29102.755859375
2019-12-27,29243,25007.0,0.0,34.608695652173914,-1.7,0.0,402,4,24706.408203125
2019-12-28,26046,29243.0,0.0,43.33333333333334,1.1,0.0,627,5,24861.96484375
2019-12-29,18701,26046.0,1.4,45.84444444444443,3.8,0.0,581,6,20911.525390625
2019-12-30,22952,18701.0,0.4,36.86363636363637,2.7,0.0,368,0,27285.93359375
2019-12-31,18436,22952.0,0.0,25.24444444444445,-7.9,0.0,269,1,23714.025390625
2020-01-01,16236,38366.0,0.1,33.2,-2.2,1.0,509,2,34959.90234375
2020-01-02,28890,16236.0,0.0,58.444444444444436,1.0,0.0,431,3,29890.94921875
2020-01-03,30809,28890.0,0.0,67.71111111111111,-0.1,0.0,530,4,30496.6015625
2020-01-04,25709,30809.0,0.0,56.022222222222226,1.2,0.0,635,5,24649.220703125
2020-01-05,23206,25709.0,0.0,52.0888888888889,1.3,0.0,709,6,23428.064453125
2020-01-06,15381,23206.0,1.8,38.95918367346939,3.1,0.0,346,0,28282.634765625
2020-01-07,1920,15381.0,46.3,9.16,6.3,0.0,158,1,4448.4345703125
2020-01-08,21522,1920.0,11.6,26.04,2.4,0.0,336,2,13159.5888671875
2020-01-09,28711,21522.0,0.0,50.36,-1.2,0.0,403,3,25422.88671875
2020-01-10,29395,28711.0,0.0,66.02,-0.6,0.0,462,4,27346.611328125
2020-01-11,23246,29395.0,0.0,54.44,-0.1,0.0,565,5,23687.412109375
2020-01-12,19842,23246.0,0.0,47.08,-1.0,0.0,547,6,20940.166015625
2020-01-13,26786,19842.0,0.0,26.58,-2.9,0.0,463,0,28540.486328125
2020-01-14,28435,26786.0,0.0,32.857142857142854,-2.3,0.0,410,1,28154.23046875
2020-01-15,28391,28435.0,0.0,39.54166666666666,-2.7,0.0,393,2,28012.927734375
2020-01-16,29026,28391.0,0.0,43.625,-1.7,0.0,425,3,28997.5703125
2020-01-17,29626,29026.0,0.0,58.75,-0.6,0.0,432,4,29039.67578125
2020-01-18,24635,29626.0,0.0,66.66666666666667,0.3,0.0,615,5,25416.419921875
2020-01-19,17682,24635.0,0.6,61.19148936170214,1.9,0.0,468,6,20920.380859375
2020-01-20,28611,17682.0,0.0,55.33333333333334,0.7,0.0,450,0,28510.640625
2020-01-21,30618,28611.0,0.0,45.39583333333334,-0.4,0.0,462,1,30223.75
2020-01-22,33011,30618.0,0.0,46.5625,3.0,0.0,499,2,30574.154296875
2020-01-23,34466,33011.0,0.0,63.0,4.6,0.0,616,3,35205.44921875
2020-01-24,19230,34466.0,0.0,71.60416666666667,2.8,1.0,674,4,25363.123046875
2020-01-25,15233,19230.0,0.0,50.02083333333334,4.3,1.0,804,5,18518.474609375
2020-01-26,22685,15233.0,0.0,29.45833333333333,5.5,1.0,1143,6,18101.115234375
2020-01-27,16836,22685.0,0.1,11.458333333333336,5.9,1.0,581,0,16392.521484375
2020-01-28,32098,16836.0,0.0,13.88,6.8,0.0,606,1,22570.974609375
2020-01-29,37990,32098.0,0.0,18.84,6.0,0.0,735,2,33033.3046875
2020-01-30,38079,37990.0,0.0,19.8,5.2,0.0,803,3,36817.44921875
2020-01-31,35857,38079.0,0.0,29.7,3.9,0.0,733,4,34161.87890625
2020-02-01,27151,35857.0,0.0,68.08,2.6,0.0,832,5,28995.47265625
2020-02-02,22384,27151.0,0.0,70.88,1.5,0.0,772,6,25423.533203125
2020-02-03,29681,22384.0,0.0,26.54,-0.4,0.0,573,0,31707.224609375
2020-02-04,23006,29681.0,1.7,25.54,-1.6,0.0,435,1,28825.330078125
2020-02-05,20311,23006.0,0.0,23.42,-8.3,0.0,268,2,21994.63671875
2020-02-06,22401,20311.0,0.0,39.62,-6.4,0.0,269,3,21997.1015625
2020-02-07,26540,22401.0,0.0,37.78,-1.7,0.0,359,4,23741.494140625
2020-02-08,22046,26540.0,0.0,41.42,-0.1,0.0,556,5,22429.140625
2020-02-09,21099,22046.0,0.0,36.34,-0.5,0.0,725,6,20648.755859375
2020-02-10,33956,21099.0,0.0,49.34,4.0,0.0,750,0,32764.015625
2020-02-11,40563,33956.0,0.0,57.36,6.8,0.0,1004,1,39135.90625
2020-02-12,10698,40563.0,6.7,49.26,7.4,0.0,381,2,26899.642578125
2020-02-13,34375,10698.0,0.0,70.44,6.5,0.0,781,3,23594.419921875
2020-02-14,41229,34375.0,0.0,83.24,8.1,0.0,1097,4,39074.7265625
2020-02-15,29837,41229.0,2.0,65.6,9.8,0.0,1226,5,32092.111328125
2020-02-16,6798,29837.0,13.4,24.54,-1.4,0.0,348,6,12170.052734375
2020-02-17,13777,6798.0,1.0,30.92,-5.9,0.0,272,0,25226.4375
2020-02-18,19773,13777.0,0.0,23.7,-4.1,0.0,462,1,20339.484375
2020-02-19,32721,19773.0,0.0,32.84,1.0,0.0,685,2,22935.8125
2020-02-20,36027,32721.0,0.0,59.62,4.6,0.0,878,3,35516.37109375
2020-02-21,29779,36027.0,4.2,73.58,6.7,0.0,587,4,28859.97265625
2020-02-24,36094,25159.0,0.0,35.36,7.0,0.0,892,0,
2020-02-25,15939,36094.0,16.6,21.6,6.7,0.0,428,1,
2020-02-26,35773,15939.0,0.0,19.48,6.4,0.0,979,2,33058.92578125
2020-02-27,38526,35773.0,0.0,14.34,6.1,0.0,1343,3,41286.296875
2020-02-28,12644,38526.0,3.9,26.98,4.5,0.0,395,4,19952.451171875
2020-02-29,35697,12644.0,0.5,24.82,7.7,0.0,2253,5,31893.869140625
2020-03-01,24431,35697.0,0.2,45.98,5.8,1.0,1529,6,24283.673828125
2020-03-02,36641,24431.0,0.0,39.42,3.4,0.0,1398,0,32038.052734375
2020-03-03,39447,36641.0,0.0,47.64,4.8,0.0,1334,1,40942.359375
2020-03-04,31269,39447.0,0.0,46.3,2.2,0.0,886,2,33503.31640625
2020-03-05,35851,31269.0,0.0,36.78,1.4,0.0,1166,3,36264.7890625
2020-03-06,40897,35851.0,0.0,41.4,3.7,0.0,1574,4,41730.96875
2020-03-07,42379,40897.0,0.0,56.62,7.0,0.0,3118,5,43853.1328125
2020-03-08,54245,42379.0,0.0,59.86,9.3,0.0,5796,6,52803.8359375
2020-03-09,53020,54245.0,0.0,59.68,11.1,0.0,3187,0,59493.7578125
2020-03-10,10606,53020.0,11.8,41.6,6.4,0.0,681,1,24073.05078125
2020-03-11,45245,10606.0,0.0,34.7,3.8,0.0,2127,2,39118.93359375
2020-03-12,50094,45245.0,0.0,35.42,6.8,0.0,2437,3,52114.81640625
2020-03-13,43554,50094.0,0.5,34.9,4.9,0.0,1895,4,43382.39453125
2020-03-14,42569,43554.0,0.0,38.34,3.6,0.0,3098,5,43601.77734375
2020-03-15,33215,42569.0,0.0,42.88,4.0,0.0,2653,6,37082.6484375
2020-03-16,42441,33215.0,0.0,24.98,3.6,0.0,1725,0,44277.1953125
2020-03-17,47241,42441.0,0.0,48.72,6.6,0.0,1859,1,48026.140625
2020-03-18,62119,47241.0,0.0,59.48,10.0,0.0,3633,2,61668.75
2020-03-19,24256,62119.0,0.0,63.02,9.1,0.0,1128,3,38346.49609375
2020-03-20,53839,24256.0,0.0,42.8,8.8,0.0,2734,4,44519.7890625
2020-03-21,63759,53839.0,0.0,54.40816326530612,12.8,0.0,6250,5,60241.50390625
2020-03-22,64436,63759.0,0.0,41.24489795918368,11.0,0.0,7846,6,67114.2109375
2020-03-23,63686,64436.0,0.0,50.6,10.6,0.0,4766,0,78968.25
2020-03-24,69998,63686.0,0.0,60.5,11.4,0.0,5146,1,72759.1484375
2020-03-25,73460,69998.0,0.0,52.28,12.5,0.0,5340,2,75482.7890625
2020-03-26,47633,73460.0,1.8,52.6,14.8,0.0,2385,3,59839.5
2020-03-27,60183,47633.0,2.0,43.44,11.9,0.0,4037,4,63878.98046875
2020-03-28,64677,60183.0,0.0,33.88,7.7,0.0,6759,5,59356.76171875
2020-03-29,68430,64677.0,0.0,41.95918367346939,8.7,0.0,8839,6,67173.3046875
2020-03-30,69293,68430.0,0.0,54.32,10.2,0.0,4720,0,82578.6328125
2020-03-31,74621,69293.0,0.0,51.1,11.9,0.0,4998,1,78763.2421875
2020-04-01,70258,74621.0,0.0,75.02,11.3,0.0,4345,2,75746.1484375
2020-04-02,72129,70258.0,0.0,39.82,9.3,0.0,4321,3,78130.4296875
2020-04-03,74856,72129.0,0.0,57.26,10.0,0.0,4690,4,72422.75
2020-04-04,66405,74856.0,0.0,71.82,8.9,0.0,6339,5,65560.1875
2020-04-05,64111,66405.0,0.0,47.16,7.2,0.0,6151,6,66856.203125
2020-04-06,68414,64111.0,0.0,55.98,9.3,0.0,3783,0,77886.2578125
2020-04-07,73685,68414.0,0.0,59.62,10.6,0.0,3735,1,73883.59375
2020-04-08,72863,73685.0,0.0,43.46,9.4,0.0,3456,2,74576.3359375
2020-04-09,73382,72863.0,0.0,48.04,8.9,0.0,3327,3,73469.1796875
2020-04-10,75021,73382.0,0.0,44.04,10.7,0.0,3560,4,74011.1796875
2020-04-11,75637,75021.0,0.0,39.46,9.9,0.0,6299,5,69465.6171875
2020-04-12,63335,75637.0,0.0,31.86,9.9,0.0,5502,6,68566.328125
2020-04-13,77604,63335.0,0.0,22.1,12.4,0.0,4030,0,85540.109375
2020-04-14,83798,77604.0,0.0,50.66,13.0,0.0,4334,1,83815.75
2020-04-15,89789,83798.0,0.0,65.16,13.2,1.0,7850,2,77912.796875
2020-04-16,83970,89789.0,0.0,53.68,16.0,0.0,4102,3,102887.7578125
2020-04-17,35656,83970.0,6.5,39.48,12.5,0.0,1613,4,49537.0625
2020-04-18,92829,35656.0,0.0,26.84,13.5,0.0,9192,5,80610.0078125
2020-04-19,29375,92829.0,10.3,26.2,12.3,0.0,2392,6,38438.74609375
2020-04-20,56129,29375.0,0.1,15.68,10.0,0.0,1730,0,56263.66796875
2020-04-21,58746,56129.0,0.0,36.94,7.4,0.0,1660,1,60029.80078125
2020-04-22,51337,58746.0,0.0,86.88,6.0,0.0,1222,2,51069.31640625
2020-04-23,64765,51337.0,0.0,44.94,7.9,0.0,1818,3,59578.82421875
2020-04-24,72883,64765.0,0.0,41.32,9.9,0.0,2566,4,70624.7265625
2020-04-25,78419,72883.0,0.0,60.82,13.1,0.0,5580,5,71379.6953125
2020-04-26,82600,78419.0,0.0,30.14,12.3,0.0,7939,6,79252.203125
2020-04-27,77149,82600.0,0.0,34.26,12.9,0.0,3192,0,78362.6640625
2020-04-28,86541,77149.0,0.0,36.74,13.9,0.0,3571,1,89785.0625
2020-04-29,88827,86541.0,0.0,46.88,14.9,0.0,4042,2,95686.53125
2020-04-30,96877,88827.0,0.0,36.06,17.1,1.0,9115,3,84603.9140625
2020-05-01,93249,96877.0,0.0,51.16,20.2,0.0,8178,4,118833.3515625
2020-05-02,88508,93249.0,0.0,49.46,20.3,0.0,7871,5,103666.46875
2020-05-03,89287,88508.0,0.0,29.8,21.8,0.0,8406,6,94758.203125
2020-05-04,93579,89287.0,0.0,35.8,20.2,0.0,5871,0,115219.3125
2020-05-05,88219,93579.0,0.0,38.3,16.0,1.0,7347,1,92095.0078125
2020-05-06,88561,88219.0,0.0,33.68,19.4,0.0,4163,2,105491.0078125
2020-05-07,90645,88561.0,0.0,29.0,20.7,0.0,4000,3,95434.375
2020-05-08,63474,90645.0,2.3,27.36,19.9,0.0,2257,4,66031.5234375
2020-05-09,7600,63474.0,24.4,13.62,14.2,0.0,661,5,-1188.2113037109375
2020-05-10,65932,7600.0,1.3,29.58,14.4,0.0,4578,6,72917.765625
2020-05-11,76042,65932.0,3.4,114.86,16.5,0.0,2851,0,69303.703125
2020-05-12,78200,76042.0,0.7,43.24,14.3,0.0,2777,1,85956.1875
2020-05-13,89183,78200.0,0.0,32.66,16.1,0.0,3551,2,89988.484375
2020-05-14,89149,89183.0,0.0,40.68,19.3,0.0,3126,3,84445.125
2020-05-15,13782,89149.0,12.0,31.86,16.1,0.0,812,4,31901.654296875
2020-05-16,64549,13782.0,2.5,22.78,16.7,0.0,4010,5,65602.0546875
2020-05-17,89449,64549.0,0.0,41.92,19.1,0.0,6547,6,71801.2421875
2020-05-18,36761,89449.0,29.8,45.88,19.1,0.0,1216,0,22867.169921875
2020-05-19,55556,36761.0,19.0,15.98,13.0,0.0,1813,1,68215.578125
2020-05-20,88257,55556.0,0.0,8.38,14.4,0.0,3119,2,98968.5625
2020-05-21,93930,88257.0,0.0,20.58,17.4,0.0,3522,3,90640.84375
2020-05-22,89317,93930.0,0.0,45.04,18.5,0.0,3375,4,86515.671875
2020-05-23,101256,89317.0,0.0,49.74,20.1,0.0,7303,5,88098.0390625
2020-05-24,80357,101256.0,14.5,24.938775510204078,17.1,0.0,5666,6,82117.0234375
2020-05-25,92531,80357.0,0.0,38.14,16.6,0.0,3590,0,96356.1328125
2020-05-26,68498,92531.0,1.5,42.06,16.2,0.0,2042,1,66106.4765625
2020-05-27,101949,68498.0,0.0,24.14,17.4,0.0,3845,2,102200.828125
2020-05-28,99792,101949.0,0.0,30.68,18.7,0.0,3646,3,97184.3515625
2020-05-29,103999,99792.0,0.0,36.52,20.7,0.0,4113,4,99115.0546875
2020-05-30,105172,103999.0,0.0,40.66,22.6,0.0,7279,5,98621.4375
2020-05-31,93547,105172.0,1.0,42.06,21.2,0.0,6427,6,98614.84375
2020-06-01,99930,93547.0,0.4,19.66,19.7,0.0,3779,0,96000.609375
2020-06-02,79833,99930.0,2.0,25.7,17.9,0.0,2169,1,72050.953125
2020-06-03,103887,79833.0,0.0,49.3061224489796,22.0,0.0,3390,2,110107.734375
2020-06-04,97656,103887.0,0.2,52.58,21.9,0.0,3031,3,94626.609375
2020-06-05,107343,97656.0,0.0,48.7,23.0,0.0,3986,4,102925.109375
2020-06-06,105033,107343.0,0.0,55.94,24.6,1.0,6553,5,84000.734375
2020-06-07,101848,105033.0,0.0,50.88,22.7,0.0,6282,6,110898.7109375
2020-06-08,103582,101848.0,0.0,44.56,25.0,0.0,3365,0,92776.046875
2020-06-09,102084,103582.0,0.0,50.12,26.7,0.0,3107,1,104868.0546875
2020-06-10,58133,102084.0,6.2,45.877551020408156,25.8,0.0,1551,2,69956.5390625
2020-06-11,100031,58133.0,0.0,29.57142857142857,26.1,0.0,2635,3,99325.71875
2020-06-12,109210,100031.0,0.0,45.734693877551024,24.7,0.0,3190,4,108134.3515625
2020-06-13,90396,109210.0,0.0,53.04166666666666,26.9,0.0,4179,5,94497.3203125
2020-06-14,94406,90396.0,1.1,39.97916666666666,24.0,0.0,4989,6,90006.0703125
2020-06-15,108320,94406.0,0.0,28.102040816326532,23.0,0.0,3195,0,93022.3828125
2020-06-16,106519,108320.0,0.0,56.775510204081634,24.4,0.0,3085,1,107925.765625
2020-06-17,107723,106519.0,0.0,53.42857142857143,24.3,0.0,3204,2,109734.265625
2020-06-18,110377,107723.0,0.0,36.775510204081634,23.4,0.0,3350,3,106371.8046875
2020-06-19,109124,110377.0,0.1,25.510204081632647,24.7,0.0,3634,4,105336.8203125
2020-06-20,102333,109124.0,0.0,39.69387755102041,24.9,0.0,5871,5,103310.15625
2020-06-21,95453,102333.0,0.0,34.97959183673469,26.1,0.0,5070,6,93604.8359375
2020-06-22,98394,95453.0,0.0,40.979591836734684,28.6,0.0,2786,0,85046.8515625
2020-06-23,103214,98394.0,0.0,43.61224489795919,27.3,0.0,2534,1,99773.546875
2020-06-24,19756,103214.0,37.6,30.469387755102037,22.3,0.0,1372,2,40411.93359375
2020-06-25,46415,19756.0,13.3,14.6734693877551,21.6,0.0,1591,3,72964.140625
2020-06-26,96150,46415.0,2.1,22.6530612244898,21.8,0.0,3602,4,95155.5078125
2020-06-27,107001,96150.0,0.0,26.489795918367342,24.1,0.0,7049,5,95210.8359375
2020-06-28,98568,107001.0,0.0,29.6530612244898,25.2,0.0,6982,6,106167.859375
2020-06-29,70053,98568.0,11.9,36.46938775510204,23.8,0.0,2609,0,65531.1171875
2020-06-30,38086,70053.0,64.7,9.346938775510203,20.1,0.0,2041,1,31777.4296875
